Filename,Penalty,P,Iter,Function_Value,Optimal_X,Distribution,Num_Evaluations,Phase_Time,Total_Time
Problem_5Sat3Gs_0_4.json,1.5,1,1,-3.692557,"[-0.15017742825542046, 1.2770277766310056]","""1,913,0,598,2,302,2000,77,1001,50,1000,48,2001,37,3,14,1002,5,3000,3,4,1""",399,32.40,32.40
Problem_5Sat3Gs_0_4.json,1.5,1,2,-3.692557,"[-0.15017742825542046, 1.2770277766310056]","""1,870,0,606,2,332,1000,68,2000,55,1001,52,2001,33,3,22,1002,8,3000,2""",399,59.11,59.11
Problem_5Sat3Gs_0_4.json,1.5,1,3,-3.692557,"[-0.15017742825542046, 1.2770277766310056]","""1,882,0,638,2,293,2000,66,1000,66,1001,44,2001,30,3,17,1002,7,3000,3,4,2""",399,85.28,85.28
Problem_5Sat3Gs_0_4.json,1.5,1,4,-3.692557,"[-0.15017742825542046, 1.2770277766310056]","""1,923,0,596,2,309,2000,65,1001,46,1000,44,2001,42,3,16,3000,4,1002,3""",399,111.72,111.72
Problem_5Sat3Gs_0_4.json,1.5,1,5,-3.692557,"[-0.15017742825542046, 1.2770277766310056]","""1,904,0,585,2,307,1000,79,2000,73,1001,45,2001,29,3,20,3000,5,1002,1""",399,136.87,136.87
Problem_5Sat3Gs_0_4.json,1.5,1,6,-3.692557,"[-0.15017742825542046, 1.2770277766310056]","""1,863,0,597,2,325,2000,75,1000,67,1001,52,2001,31,3,25,1002,11,3000,1,4,1""",399,162.69,162.69
Problem_5Sat3Gs_0_4.json,1.5,1,7,-3.692557,"[-0.15017742825542046, 1.2770277766310056]","""1,874,0,632,2,294,2000,71,1000,57,1001,52,2001,35,3,23,1002,9,3000,1""",399,187.93,187.93
Problem_5Sat3Gs_0_4.json,1.5,1,8,-3.692557,"[-0.15017742825542046, 1.2770277766310056]","""1,844,0,624,2,338,2000,70,1000,53,1001,48,2001,44,3,13,1002,7,3000,6,4,1""",399,213.27,213.27
Problem_5Sat3Gs_0_4.json,1.5,1,9,-3.692557,"[-0.15017742825542046, 1.2770277766310056]","""1,900,0,577,2,321,2000,78,1001,57,1000,51,2001,41,3,15,1002,4,3000,3,2002,1""",399,240.07,240.07
Problem_5Sat3Gs_0_4.json,1.5,1,10,-3.692557,"[-0.15017742825542046, 1.2770277766310056]","""1,883,0,613,2,305,2000,78,1000,60,1001,53,2001,37,3,14,1002,3,3000,1,2002,1""",399,265.47,265.47
Problem_5Sat3Gs_0_4.json,1.5,2,1,-4.216013,"[-0.17761322337644048, -0.11632893485318577, 0.7669374643714659, 1.450850820241805]","""0,1243,1,509,1000,130,2,65,1001,47,2000,38,2001,8,3,4,1002,4""",923,95.45,360.92
Problem_5Sat3Gs_0_4.json,1.5,2,2,-4.216013,"[-0.17761322337644048, -0.11632893485318577, 0.7669374643714659, 1.450850820241805]","""0,1275,1,485,1000,111,2,77,2000,56,1001,24,2001,11,3000,5,3,4""",923,180.38,445.85
Problem_5Sat3Gs_0_4.json,1.5,2,3,-4.216013,"[-0.17761322337644048, -0.11632893485318577, 0.7669374643714659, 1.450850820241805]","""0,1258,1,543,1000,118,2,51,2000,50,1001,21,3,6,2001,1""",923,266.99,532.46
Problem_5Sat3Gs_0_4.json,1.5,2,4,-4.216013,"[-0.17761322337644048, -0.11632893485318577, 0.7669374643714659, 1.450850820241805]","""0,1217,1,528,1000,127,2,73,2000,57,1001,29,3,9,2001,5,1002,2,3000,1""",923,350.84,616.31
Problem_5Sat3Gs_0_4.json,1.5,2,5,-4.216013,"[-0.17761322337644048, -0.11632893485318577, 0.7669374643714659, 1.450850820241805]","""0,1212,1,534,1000,119,2,66,2000,58,1001,41,3,10,3000,3,1002,3,2001,2""",923,435.79,701.26
Problem_5Sat3Gs_0_4.json,1.5,2,6,-4.216013,"[-0.17761322337644048, -0.11632893485318577, 0.7669374643714659, 1.450850820241805]","""0,1259,1,502,1000,128,2,57,2000,50,1001,40,2001,4,1002,3,3,3,3000,1,1003,1""",923,519.52,784.99
Problem_5Sat3Gs_0_4.json,1.5,2,7,-4.216013,"[-0.17761322337644048, -0.11632893485318577, 0.7669374643714659, 1.450850820241805]","""0,1271,1,499,1000,130,2,66,2000,47,1001,24,2001,6,3,4,1003,1""",923,604.09,869.56
Problem_5Sat3Gs_0_4.json,1.5,2,8,-4.216013,"[-0.17761322337644048, -0.11632893485318577, 0.7669374643714659, 1.450850820241805]","""0,1256,1,507,1000,130,2,65,1001,36,2000,36,3,7,1002,5,2001,4,4,1,3000,1""",923,691.31,956.78
Problem_5Sat3Gs_0_4.json,1.5,2,9,-4.216013,"[-0.17761322337644048, -0.11632893485318577, 0.7669374643714659, 1.450850820241805]","""0,1299,1,497,1000,129,2,51,2000,39,1001,19,3,7,3000,4,1002,2,4,1""",923,776.13,1041.60
Problem_5Sat3Gs_0_4.json,1.5,2,10,-4.216013,"[-0.17761322337644048, -0.11632893485318577, 0.7669374643714659, 1.450850820241805]","""0,1270,1,525,1000,100,2,67,2000,44,1001,24,1002,6,2001,6,3,4,3000,2""",923,862.51,1127.98
Problem_5Sat3Gs_0_4.json,1.5,3,1,-4.549385,"[-0.19760151541689672, -0.136381065798159, -0.09399374524239494, 0.6768732311696112, 1.1143962898274884, 1.3829681765794954]","""0,1702,1,264,1000,55,2,15,1001,9,2000,2,3,1""",1252,163.62,1291.60
Problem_5Sat3Gs_0_4.json,1.5,3,2,-4.549385,"[-0.19760151541689672, -0.136381065798159, -0.09399374524239494, 0.6768732311696112, 1.1143962898274884, 1.3829681765794954]","""0,1712,1,255,1000,46,2,23,1001,5,2000,4,3,2,1002,1""",1252,317.01,1444.99
Problem_5Sat3Gs_0_4.json,1.5,3,3,-4.549385,"[-0.19760151541689672, -0.136381065798159, -0.09399374524239494, 0.6768732311696112, 1.1143962898274884, 1.3829681765794954]","""0,1720,1,241,1000,59,2,17,1001,7,2000,3,1002,1""",1252,469.78,1597.76
Problem_5Sat3Gs_0_4.json,1.5,3,4,-4.549385,"[-0.19760151541689672, -0.136381065798159, -0.09399374524239494, 0.6768732311696112, 1.1143962898274884, 1.3829681765794954]","""0,1710,1,258,1000,54,2,14,1001,4,3,3,2000,3,1002,2""",1252,619.96,1747.94
Problem_5Sat3Gs_0_4.json,1.5,3,5,-4.549385,"[-0.19760151541689672, -0.136381065798159, -0.09399374524239494, 0.6768732311696112, 1.1143962898274884, 1.3829681765794954]","""0,1727,1,248,1000,52,2,14,1001,7""",1252,772.58,1900.56
Problem_5Sat3Gs_0_4.json,1.5,3,6,-4.549385,"[-0.19760151541689672, -0.136381065798159, -0.09399374524239494, 0.6768732311696112, 1.1143962898274884, 1.3829681765794954]","""0,1719,1,256,1000,48,2,21,1001,3,3,1""",1252,922.96,2050.94
Problem_5Sat3Gs_0_4.json,1.5,3,7,-4.549385,"[-0.19760151541689672, -0.136381065798159, -0.09399374524239494, 0.6768732311696112, 1.1143962898274884, 1.3829681765794954]","""0,1706,1,276,1000,43,2,16,1001,4,2000,3""",1252,1076.23,2204.21
Problem_5Sat3Gs_0_4.json,1.5,3,8,-4.549385,"[-0.19760151541689672, -0.136381065798159, -0.09399374524239494, 0.6768732311696112, 1.1143962898274884, 1.3829681765794954]","""0,1712,1,267,1000,43,2,14,1001,5,2000,4,3,2,1002,1""",1252,1226.21,2354.19
Problem_5Sat3Gs_0_4.json,1.5,3,9,-4.549385,"[-0.19760151541689672, -0.136381065798159, -0.09399374524239494, 0.6768732311696112, 1.1143962898274884, 1.3829681765794954]","""0,1685,1,278,1000,55,2,19,1001,6,2000,4,3,1""",1252,1379.30,2507.28
Problem_5Sat3Gs_0_4.json,1.5,3,10,-4.549385,"[-0.19760151541689672, -0.136381065798159, -0.09399374524239494, 0.6768732311696112, 1.1143962898274884, 1.3829681765794954]","""0,1683,1,289,1000,46,2,21,1001,6,3,2,2000,1""",1252,1530.17,2658.14
Problem_5Sat3Gs_0_4.json,1.5,4,1,-4.587578,"[-0.17969396587526548, -0.1437255063804649, -0.09799152348038537, -0.0502292391880312, 0.5233278672610779, 0.9184890068876133, 1.1514823863048962, 1.1276272418378859]","""0,1713,1,268,1000,33,2,27,1001,5,2000,2""",2000,316.43,2974.57
Problem_5Sat3Gs_0_4.json,1.5,4,2,-4.587578,"[-0.17969396587526548, -0.1437255063804649, -0.09799152348038537, -0.0502292391880312, 0.5233278672610779, 0.9184890068876133, 1.1514823863048962, 1.1276272418378859]","""0,1746,1,248,1000,24,2,23,1001,3,3,2,2000,2""",2000,618.43,3276.57
Problem_5Sat3Gs_0_4.json,1.5,4,3,-4.587578,"[-0.17969396587526548, -0.1437255063804649, -0.09799152348038537, -0.0502292391880312, 0.5233278672610779, 0.9184890068876133, 1.1514823863048962, 1.1276272418378859]","""0,1778,1,210,1000,37,2,13,2000,4,1001,4,3,2""",2000,917.34,3575.48
Problem_5Sat3Gs_0_4.json,1.5,4,4,-4.587578,"[-0.17969396587526548, -0.1437255063804649, -0.09799152348038537, -0.0502292391880312, 0.5233278672610779, 0.9184890068876133, 1.1514823863048962, 1.1276272418378859]","""0,1751,1,246,1000,38,2,10,1001,2,3,1""",2000,1215.14,3873.28
Problem_5Sat3Gs_0_4.json,1.5,4,5,-4.587578,"[-0.17969396587526548, -0.1437255063804649, -0.09799152348038537, -0.0502292391880312, 0.5233278672610779, 0.9184890068876133, 1.1514823863048962, 1.1276272418378859]","""0,1749,1,231,1000,43,2,16,1001,6,2000,2,3,1""",2000,1517.36,4175.50
Problem_5Sat3Gs_0_4.json,1.5,4,6,-4.587578,"[-0.17969396587526548, -0.1437255063804649, -0.09799152348038537, -0.0502292391880312, 0.5233278672610779, 0.9184890068876133, 1.1514823863048962, 1.1276272418378859]","""0,1753,1,247,1000,30,2,12,1001,3,3,2,2000,1""",2000,1815.16,4473.30
Problem_5Sat3Gs_0_4.json,1.5,4,7,-4.587578,"[-0.17969396587526548, -0.1437255063804649, -0.09799152348038537, -0.0502292391880312, 0.5233278672610779, 0.9184890068876133, 1.1514823863048962, 1.1276272418378859]","""0,1764,1,232,1000,35,2,13,3,2,2000,1,1001,1""",2000,2117.70,4775.84
Problem_5Sat3Gs_0_4.json,1.5,4,8,-4.587578,"[-0.17969396587526548, -0.1437255063804649, -0.09799152348038537, -0.0502292391880312, 0.5233278672610779, 0.9184890068876133, 1.1514823863048962, 1.1276272418378859]","""0,1736,1,253,1000,34,2,23,3,1,1002,1""",2000,2416.56,5074.71
Problem_5Sat3Gs_0_4.json,1.5,4,9,-4.587578,"[-0.17969396587526548, -0.1437255063804649, -0.09799152348038537, -0.0502292391880312, 0.5233278672610779, 0.9184890068876133, 1.1514823863048962, 1.1276272418378859]","""0,1740,1,244,1000,49,2,10,1001,3,2000,1,1002,1""",2000,2719.34,5377.48
Problem_5Sat3Gs_0_4.json,1.5,4,10,-4.587578,"[-0.17969396587526548, -0.1437255063804649, -0.09799152348038537, -0.0502292391880312, 0.5233278672610779, 0.9184890068876133, 1.1514823863048962, 1.1276272418378859]","""0,1766,1,216,1000,46,2,14,1001,5,3,1""",2000,3018.03,5676.17
Problem_5Sat3Gs_0_4.json,1.5,5,1,-4.604814,"[-0.17100239452694313, -0.14422192235826406, -0.11154685874223069, -0.062437978844940886, -0.01920792632941822, 0.4134853913858256, 0.7960720159605729, 1.0339512286118009, 1.1502174273595311, 0.890400807391738]","""0,1787,1,211,1000,30,2,15,1001,3,3,1,1002,1""",2000,373.39,6049.56
Problem_5Sat3Gs_0_4.json,1.5,5,2,-4.604814,"[-0.17100239452694313, -0.14422192235826406, -0.11154685874223069, -0.062437978844940886, -0.01920792632941822, 0.4134853913858256, 0.7960720159605729, 1.0339512286118009, 1.1502174273595311, 0.890400807391738]","""0,1785,1,224,1000,23,2,10,1001,6""",2000,732.93,6409.10
Problem_5Sat3Gs_0_4.json,1.5,5,3,-4.604814,"[-0.17100239452694313, -0.14422192235826406, -0.11154685874223069, -0.062437978844940886, -0.01920792632941822, 0.4134853913858256, 0.7960720159605729, 1.0339512286118009, 1.1502174273595311, 0.890400807391738]","""0,1766,1,230,1000,29,2,19,1001,2,2000,1,3,1""",2000,1090.01,6766.18
Problem_5Sat3Gs_0_4.json,1.5,5,4,-4.604814,"[-0.17100239452694313, -0.14422192235826406, -0.11154685874223069, -0.062437978844940886, -0.01920792632941822, 0.4134853913858256, 0.7960720159605729, 1.0339512286118009, 1.1502174273595311, 0.890400807391738]","""0,1795,1,210,1000,24,2,17,3,1,2000,1""",2000,1448.61,7124.78
Problem_5Sat3Gs_0_4.json,1.5,5,5,-4.604814,"[-0.17100239452694313, -0.14422192235826406, -0.11154685874223069, -0.062437978844940886, -0.01920792632941822, 0.4134853913858256, 0.7960720159605729, 1.0339512286118009, 1.1502174273595311, 0.890400807391738]","""0,1785,1,218,1000,33,2,9,1001,2,3,1""",2000,1804.88,7481.05
Problem_5Sat3Gs_0_4.json,1.5,5,6,-4.604814,"[-0.17100239452694313, -0.14422192235826406, -0.11154685874223069, -0.062437978844940886, -0.01920792632941822, 0.4134853913858256, 0.7960720159605729, 1.0339512286118009, 1.1502174273595311, 0.890400807391738]","""0,1785,1,209,1000,41,2,9,3,2,1001,2""",2000,2163.73,7839.90
Problem_5Sat3Gs_0_4.json,1.5,5,7,-4.604814,"[-0.17100239452694313, -0.14422192235826406, -0.11154685874223069, -0.062437978844940886, -0.01920792632941822, 0.4134853913858256, 0.7960720159605729, 1.0339512286118009, 1.1502174273595311, 0.890400807391738]","""0,1787,1,211,1000,30,2,18,2000,2""",2000,2518.31,8194.48
Problem_5Sat3Gs_0_4.json,1.5,5,8,-4.604814,"[-0.17100239452694313, -0.14422192235826406, -0.11154685874223069, -0.062437978844940886, -0.01920792632941822, 0.4134853913858256, 0.7960720159605729, 1.0339512286118009, 1.1502174273595311, 0.890400807391738]","""0,1794,1,211,1000,26,2,11,1001,3,2000,2,3,1""",2000,2878.66,8554.83
Problem_5Sat3Gs_0_4.json,1.5,5,9,-4.604814,"[-0.17100239452694313, -0.14422192235826406, -0.11154685874223069, -0.062437978844940886, -0.01920792632941822, 0.4134853913858256, 0.7960720159605729, 1.0339512286118009, 1.1502174273595311, 0.890400807391738]","""0,1773,1,220,1000,33,2,16,1001,3,2000,2,1003,1""",2000,3236.24,8912.41
Problem_5Sat3Gs_0_4.json,1.5,5,10,-4.604814,"[-0.17100239452694313, -0.14422192235826406, -0.11154685874223069, -0.062437978844940886, -0.01920792632941822, 0.4134853913858256, 0.7960720159605729, 1.0339512286118009, 1.1502174273595311, 0.890400807391738]","""0,1765,1,231,1000,30,2,19,2000,2,1001,1""",2000,3597.21,9273.38
Problem_5Sat3Gs_0_4.json,1.5,6,1,-4.635270,"[-0.1872399952829032, -0.16380124925307152, -0.14679496087216456, -0.0916467374139193, -0.014071064128654482, -0.047580327861637454, 0.3684279852032619, 0.6646769910980956, 1.0965909759345518, 1.1689422714795843, 0.955077230305483, 0.8667701643529223]","""0,1836,1,189,1000,14,2,6,1001,2,2000,1""",2000,438.31,9711.69
Problem_5Sat3Gs_0_4.json,1.5,6,2,-4.635270,"[-0.1872399952829032, -0.16380124925307152, -0.14679496087216456, -0.0916467374139193, -0.014071064128654482, -0.047580327861637454, 0.3684279852032619, 0.6646769910980956, 1.0965909759345518, 1.1689422714795843, 0.955077230305483, 0.8667701643529223]","""0,1846,1,170,1000,20,2,8,1001,3,2001,1""",2000,857.72,10131.10
Problem_5Sat3Gs_0_4.json,1.5,6,3,-4.635270,"[-0.1872399952829032, -0.16380124925307152, -0.14679496087216456, -0.0916467374139193, -0.014071064128654482, -0.047580327861637454, 0.3684279852032619, 0.6646769910980956, 1.0965909759345518, 1.1689422714795843, 0.955077230305483, 0.8667701643529223]","""0,1820,1,196,1000,24,2,5,1001,3""",2000,1271.24,10544.62
Problem_5Sat3Gs_0_4.json,1.5,6,4,-4.635270,"[-0.1872399952829032, -0.16380124925307152, -0.14679496087216456, -0.0916467374139193, -0.014071064128654482, -0.047580327861637454, 0.3684279852032619, 0.6646769910980956, 1.0965909759345518, 1.1689422714795843, 0.955077230305483, 0.8667701643529223]","""0,1847,1,177,1000,12,1001,7,2,5""",2000,1684.50,10957.88
Problem_5Sat3Gs_0_4.json,1.5,6,5,-4.635270,"[-0.1872399952829032, -0.16380124925307152, -0.14679496087216456, -0.0916467374139193, -0.014071064128654482, -0.047580327861637454, 0.3684279852032619, 0.6646769910980956, 1.0965909759345518, 1.1689422714795843, 0.955077230305483, 0.8667701643529223]","""0,1844,1,179,1000,15,2,6,1001,3,2000,1""",2000,2103.11,11376.49
Problem_5Sat3Gs_0_4.json,1.5,6,6,-4.635270,"[-0.1872399952829032, -0.16380124925307152, -0.14679496087216456, -0.0916467374139193, -0.014071064128654482, -0.047580327861637454, 0.3684279852032619, 0.6646769910980956, 1.0965909759345518, 1.1689422714795843, 0.955077230305483, 0.8667701643529223]","""0,1816,1,197,1000,23,2,6,1001,4,2000,2""",2000,2515.99,11789.38
Problem_5Sat3Gs_0_4.json,1.5,6,7,-4.635270,"[-0.1872399952829032, -0.16380124925307152, -0.14679496087216456, -0.0916467374139193, -0.014071064128654482, -0.047580327861637454, 0.3684279852032619, 0.6646769910980956, 1.0965909759345518, 1.1689422714795843, 0.955077230305483, 0.8667701643529223]","""0,1855,1,166,1000,12,2,10,1001,5""",2000,2938.37,12211.75
Problem_5Sat3Gs_0_4.json,1.5,6,8,-4.635270,"[-0.1872399952829032, -0.16380124925307152, -0.14679496087216456, -0.0916467374139193, -0.014071064128654482, -0.047580327861637454, 0.3684279852032619, 0.6646769910980956, 1.0965909759345518, 1.1689422714795843, 0.955077230305483, 0.8667701643529223]","""0,1818,1,198,1000,16,2,9,1001,7""",2000,3360.47,12633.86
Problem_5Sat3Gs_0_4.json,1.5,6,9,-4.635270,"[-0.1872399952829032, -0.16380124925307152, -0.14679496087216456, -0.0916467374139193, -0.014071064128654482, -0.047580327861637454, 0.3684279852032619, 0.6646769910980956, 1.0965909759345518, 1.1689422714795843, 0.955077230305483, 0.8667701643529223]","""0,1841,1,181,1000,15,2,7,1001,3,3,1""",2000,3781.18,13054.57
Problem_5Sat3Gs_0_4.json,1.5,6,10,-4.635270,"[-0.1872399952829032, -0.16380124925307152, -0.14679496087216456, -0.0916467374139193, -0.014071064128654482, -0.047580327861637454, 0.3684279852032619, 0.6646769910980956, 1.0965909759345518, 1.1689422714795843, 0.955077230305483, 0.8667701643529223]","""0,1848,1,181,1000,11,2,7,1001,1""",2000,4203.55,13476.93
Problem_5Sat3Gs_0_4.json,1.5,7,1,-4.650925,"[-0.18898646476941644, -0.18118770056483668, -0.14814063484740844, -0.11007158800225578, -0.04127061075352778, -0.03917643793216519, -0.03232628708197634, 0.3434258701552892, 0.6629587357033581, 1.001876774424841, 1.1472262084867824, 0.9870384823260906, 0.8939681684128564, 0.9029921372144829]","""0,1867,1,158,1000,14,2,7,2000,2""",2000,498.40,13975.33
Problem_5Sat3Gs_0_4.json,1.5,7,2,-4.650925,"[-0.18898646476941644, -0.18118770056483668, -0.14814063484740844, -0.11007158800225578, -0.04127061075352778, -0.03917643793216519, -0.03232628708197634, 0.3434258701552892, 0.6629587357033581, 1.001876774424841, 1.1472262084867824, 0.9870384823260906, 0.8939681684128564, 0.9029921372144829]","""0,1847,1,178,1000,13,2,8,1001,1,2000,1""",2000,975.48,14452.41
Problem_5Sat3Gs_0_4.json,1.5,7,3,-4.650925,"[-0.18898646476941644, -0.18118770056483668, -0.14814063484740844, -0.11007158800225578, -0.04127061075352778, -0.03917643793216519, -0.03232628708197634, 0.3434258701552892, 0.6629587357033581, 1.001876774424841, 1.1472262084867824, 0.9870384823260906, 0.8939681684128564, 0.9029921372144829]","""0,1888,1,139,1000,16,2000,2,2,2,1001,1""",2000,1451.01,14927.95
Problem_5Sat3Gs_0_4.json,1.5,7,4,-4.650925,"[-0.18898646476941644, -0.18118770056483668, -0.14814063484740844, -0.11007158800225578, -0.04127061075352778, -0.03917643793216519, -0.03232628708197634, 0.3434258701552892, 0.6629587357033581, 1.001876774424841, 1.1472262084867824, 0.9870384823260906, 0.8939681684128564, 0.9029921372144829]","""0,1855,1,156,1000,24,2,9,2000,2,1001,2""",2000,1927.65,15404.59
Problem_5Sat3Gs_0_4.json,1.5,7,5,-4.650925,"[-0.18898646476941644, -0.18118770056483668, -0.14814063484740844, -0.11007158800225578, -0.04127061075352778, -0.03917643793216519, -0.03232628708197634, 0.3434258701552892, 0.6629587357033581, 1.001876774424841, 1.1472262084867824, 0.9870384823260906, 0.8939681684128564, 0.9029921372144829]","""0,1884,1,141,1000,17,2,4,4,1,1001,1""",2000,2401.58,15878.52
Problem_5Sat3Gs_0_4.json,1.5,7,6,-4.650925,"[-0.18898646476941644, -0.18118770056483668, -0.14814063484740844, -0.11007158800225578, -0.04127061075352778, -0.03917643793216519, -0.03232628708197634, 0.3434258701552892, 0.6629587357033581, 1.001876774424841, 1.1472262084867824, 0.9870384823260906, 0.8939681684128564, 0.9029921372144829]","""0,1858,1,160,1000,18,2,8,2000,3,1001,1""",2000,2878.99,16355.92
Problem_5Sat3Gs_0_4.json,1.5,7,7,-4.650925,"[-0.18898646476941644, -0.18118770056483668, -0.14814063484740844, -0.11007158800225578, -0.04127061075352778, -0.03917643793216519, -0.03232628708197634, 0.3434258701552892, 0.6629587357033581, 1.001876774424841, 1.1472262084867824, 0.9870384823260906, 0.8939681684128564, 0.9029921372144829]","""0,1862,1,162,1000,12,2,9,2000,2,1001,1""",2000,3352.40,16829.33
Problem_5Sat3Gs_0_4.json,1.5,7,8,-4.650925,"[-0.18898646476941644, -0.18118770056483668, -0.14814063484740844, -0.11007158800225578, -0.04127061075352778, -0.03917643793216519, -0.03232628708197634, 0.3434258701552892, 0.6629587357033581, 1.001876774424841, 1.1472262084867824, 0.9870384823260906, 0.8939681684128564, 0.9029921372144829]","""0,1867,1,157,1000,14,2,7,1001,3""",2000,3831.25,17308.19
Problem_5Sat3Gs_0_4.json,1.5,7,9,-4.650925,"[-0.18898646476941644, -0.18118770056483668, -0.14814063484740844, -0.11007158800225578, -0.04127061075352778, -0.03917643793216519, -0.03232628708197634, 0.3434258701552892, 0.6629587357033581, 1.001876774424841, 1.1472262084867824, 0.9870384823260906, 0.8939681684128564, 0.9029921372144829]","""0,1871,1,156,1000,15,2,5,2000,1""",2000,4309.69,17786.62
Problem_5Sat3Gs_0_4.json,1.5,7,10,-4.650925,"[-0.18898646476941644, -0.18118770056483668, -0.14814063484740844, -0.11007158800225578, -0.04127061075352778, -0.03917643793216519, -0.03232628708197634, 0.3434258701552892, 0.6629587357033581, 1.001876774424841, 1.1472262084867824, 0.9870384823260906, 0.8939681684128564, 0.9029921372144829]","""0,1862,1,165,1000,13,2,6,2000,1,3,1""",2000,4789.63,18266.57
Problem_5Sat3Gs_0_4.json,1.5,8,1,-4.685372,"[-0.20110747360347342, -0.19761945079901333, -0.18814111270348752, -0.12004032444276427, -0.08580174744728493, -0.05968072048017649, -0.039288226848373436, -0.04810793417322141, 0.3187581777773976, 0.6743012481609357, 0.9429510423386205, 1.1103821764260067, 1.0591305695564135, 0.8288817715591192, 0.9030612556059882, 0.982731011213241]","""0,1926,1,99,1000,13,1001,5,2,2,2000,2,3,1""",2000,562.21,18828.78
Problem_5Sat3Gs_0_4.json,1.5,8,2,-4.685372,"[-0.20110747360347342, -0.19761945079901333, -0.18814111270348752, -0.12004032444276427, -0.08580174744728493, -0.05968072048017649, -0.039288226848373436, -0.04810793417322141, 0.3187581777773976, 0.6743012481609357, 0.9429510423386205, 1.1103821764260067, 1.0591305695564135, 0.8288817715591192, 0.9030612556059882, 0.982731011213241]","""0,1928,1,99,1000,12,2,5,1001,4""",2000,1095.49,19362.06
Problem_5Sat3Gs_0_4.json,1.5,8,3,-4.685372,"[-0.20110747360347342, -0.19761945079901333, -0.18814111270348752, -0.12004032444276427, -0.08580174744728493, -0.05968072048017649, -0.039288226848373436, -0.04810793417322141, 0.3187581777773976, 0.6743012481609357, 0.9429510423386205, 1.1103821764260067, 1.0591305695564135, 0.8288817715591192, 0.9030612556059882, 0.982731011213241]","""0,1927,1,94,1000,18,1001,4,2,3,1002,1,2000,1""",2000,1629.67,19896.23
Problem_5Sat3Gs_0_4.json,1.5,8,4,-4.685372,"[-0.20110747360347342, -0.19761945079901333, -0.18814111270348752, -0.12004032444276427, -0.08580174744728493, -0.05968072048017649, -0.039288226848373436, -0.04810793417322141, 0.3187581777773976, 0.6743012481609357, 0.9429510423386205, 1.1103821764260067, 1.0591305695564135, 0.8288817715591192, 0.9030612556059882, 0.982731011213241]","""0,1943,1,83,1000,15,1001,4,2000,2,2,1""",2000,2163.76,20430.33
Problem_5Sat3Gs_0_4.json,1.5,8,5,-4.685372,"[-0.20110747360347342, -0.19761945079901333, -0.18814111270348752, -0.12004032444276427, -0.08580174744728493, -0.05968072048017649, -0.039288226848373436, -0.04810793417322141, 0.3187581777773976, 0.6743012481609357, 0.9429510423386205, 1.1103821764260067, 1.0591305695564135, 0.8288817715591192, 0.9030612556059882, 0.982731011213241]","""0,1936,1,87,1000,11,1001,7,2,7""",2000,2700.41,20966.98
Problem_5Sat3Gs_0_4.json,1.5,8,6,-4.685372,"[-0.20110747360347342, -0.19761945079901333, -0.18814111270348752, -0.12004032444276427, -0.08580174744728493, -0.05968072048017649, -0.039288226848373436, -0.04810793417322141, 0.3187581777773976, 0.6743012481609357, 0.9429510423386205, 1.1103821764260067, 1.0591305695564135, 0.8288817715591192, 0.9030612556059882, 0.982731011213241]","""0,1934,1,101,1000,6,1001,4,2,3""",2000,3236.18,21502.75
Problem_5Sat3Gs_0_4.json,1.5,8,7,-4.685372,"[-0.20110747360347342, -0.19761945079901333, -0.18814111270348752, -0.12004032444276427, -0.08580174744728493, -0.05968072048017649, -0.039288226848373436, -0.04810793417322141, 0.3187581777773976, 0.6743012481609357, 0.9429510423386205, 1.1103821764260067, 1.0591305695564135, 0.8288817715591192, 0.9030612556059882, 0.982731011213241]","""0,1954,1,76,1000,11,1001,3,2,2,2000,2""",2000,3766.83,22033.40
Problem_5Sat3Gs_0_4.json,1.5,8,8,-4.685372,"[-0.20110747360347342, -0.19761945079901333, -0.18814111270348752, -0.12004032444276427, -0.08580174744728493, -0.05968072048017649, -0.039288226848373436, -0.04810793417322141, 0.3187581777773976, 0.6743012481609357, 0.9429510423386205, 1.1103821764260067, 1.0591305695564135, 0.8288817715591192, 0.9030612556059882, 0.982731011213241]","""0,1940,1,80,1000,14,2,8,1001,5,2000,1""",2000,4305.78,22572.35
Problem_5Sat3Gs_0_4.json,1.5,8,9,-4.685372,"[-0.20110747360347342, -0.19761945079901333, -0.18814111270348752, -0.12004032444276427, -0.08580174744728493, -0.05968072048017649, -0.039288226848373436, -0.04810793417322141, 0.3187581777773976, 0.6743012481609357, 0.9429510423386205, 1.1103821764260067, 1.0591305695564135, 0.8288817715591192, 0.9030612556059882, 0.982731011213241]","""0,1922,1,101,1000,15,1001,6,2,3,2000,1""",2000,4840.85,23107.42
Problem_5Sat3Gs_0_4.json,1.5,8,10,-4.685372,"[-0.20110747360347342, -0.19761945079901333, -0.18814111270348752, -0.12004032444276427, -0.08580174744728493, -0.05968072048017649, -0.039288226848373436, -0.04810793417322141, 0.3187581777773976, 0.6743012481609357, 0.9429510423386205, 1.1103821764260067, 1.0591305695564135, 0.8288817715591192, 0.9030612556059882, 0.982731011213241]","""0,1922,1,111,1000,9,2,3,1001,2,2000,1""",2000,5378.32,23644.89
Problem_5Sat3Gs_0_6.json,1.5,1,1,-4.019853,"[-0.1416776381951696, 0.9422377910382131]","""1,793,2,488,0,329,1001,111,1000,87,2000,69,3,66,2001,51,3000,22,1002,18,2002,6,3001,4,4,4""",183,19.96,19.96
Problem_5Sat3Gs_0_6.json,1.5,1,2,-4.019853,"[-0.1416776381951696, 0.9422377910382131]","""1,863,2,445,0,289,1000,107,1001,96,2000,67,3,63,2001,60,3000,23,1002,22,4,5,3001,4,2002,3,1003,1""",183,33.53,33.53
Problem_5Sat3Gs_0_6.json,1.5,1,3,-4.019853,"[-0.1416776381951696, 0.9422377910382131]","""1,805,2,462,0,273,1000,126,1001,124,3,83,2001,51,2000,48,3000,33,1002,21,2002,9,3001,8,4,3,1003,1,4000,1""",183,46.93,46.93
Problem_5Sat3Gs_0_6.json,1.5,1,4,-4.019853,"[-0.1416776381951696, 0.9422377910382131]","""1,825,2,423,0,302,1000,125,1001,113,2000,75,3,63,2001,50,3000,28,1002,25,4,7,3001,7,2002,5""",183,60.25,60.25
Problem_5Sat3Gs_0_6.json,1.5,1,5,-4.019853,"[-0.1416776381951696, 0.9422377910382131]","""1,851,2,467,0,300,1000,107,1001,94,2000,66,3,61,2001,50,1002,23,3000,21,2002,3,4000,2,3001,2,5,1""",183,73.58,73.58
Problem_5Sat3Gs_0_6.json,1.5,1,6,-4.019853,"[-0.1416776381951696, 0.9422377910382131]","""1,797,2,431,0,319,1000,124,1001,121,2000,62,3,61,2001,53,1002,33,3000,29,3001,7,4,4,2002,4,4000,2,1003,1""",183,86.91,86.91
Problem_5Sat3Gs_0_6.json,1.5,1,7,-4.019853,"[-0.1416776381951696, 0.9422377910382131]","""1,814,2,440,0,319,1000,124,1001,124,2001,62,3,57,2000,56,3000,23,1002,19,3001,4,4,3,2002,2,4000,1""",183,100.96,100.96
Problem_5Sat3Gs_0_6.json,1.5,1,8,-4.019853,"[-0.1416776381951696, 0.9422377910382131]","""1,776,2,455,0,343,1000,109,1001,106,2000,70,3,65,2001,55,3000,33,1002,26,2002,3,3001,3,1003,2,4,1,4000,1""",183,114.27,114.28
Problem_5Sat3Gs_0_6.json,1.5,1,9,-4.019853,"[-0.1416776381951696, 0.9422377910382131]","""1,836,2,427,0,302,1000,103,1001,102,3,86,2000,71,2001,57,1002,26,3000,21,3001,9,2002,7,4,1""",183,127.73,127.73
Problem_5Sat3Gs_0_6.json,1.5,1,10,-4.019853,"[-0.1416776381951696, 0.9422377910382131]","""1,801,2,469,0,299,1001,101,1000,101,2000,83,3,65,2001,52,3000,36,1002,22,2002,9,4,4,3001,4,1003,1,4000,1""",183,141.18,141.18
Problem_5Sat3Gs_0_6.json,1.5,2,1,-4.722079,"[-0.15548986724005412, -0.11279497273010755, 0.7524389692822765, 1.209079351586556]","""0,941,1,755,2,120,1000,85,1001,82,2000,26,1002,16,3000,8,3,7,2001,6,2002,2""",376,50.88,192.06
Problem_5Sat3Gs_0_6.json,1.5,2,2,-4.722079,"[-0.15548986724005412, -0.11279497273010755, 0.7524389692822765, 1.209079351586556]","""0,926,1,750,2,126,1000,90,1001,89,2000,26,1002,17,3,11,3000,9,2001,4""",376,90.90,232.08
Problem_5Sat3Gs_0_6.json,1.5,2,3,-4.722079,"[-0.15548986724005412, -0.11279497273010755, 0.7524389692822765, 1.209079351586556]","""0,912,1,768,2,121,1000,103,1001,68,1002,27,2000,22,3,12,3000,8,2001,6,2002,1""",376,129.40,270.58
Problem_5Sat3Gs_0_6.json,1.5,2,4,-4.722079,"[-0.15548986724005412, -0.11279497273010755, 0.7524389692822765, 1.209079351586556]","""0,927,1,753,2,131,1000,96,1001,83,2000,23,1002,12,2001,8,3000,6,3,5,2002,1,4,1,4000,1,3001,1""",376,168.24,309.42
Problem_5Sat3Gs_0_6.json,1.5,2,5,-4.722079,"[-0.15548986724005412, -0.11279497273010755, 0.7524389692822765, 1.209079351586556]","""0,929,1,767,2,129,1000,94,1001,75,2000,21,2001,11,3000,10,1002,7,3,3,2002,1,3001,1""",376,207.78,348.96
Problem_5Sat3Gs_0_6.json,1.5,2,6,-4.722079,"[-0.15548986724005412, -0.11279497273010755, 0.7524389692822765, 1.209079351586556]","""0,946,1,729,2,134,1000,102,1001,62,2000,28,1002,16,2001,12,3,11,3000,8""",376,246.19,387.37
Problem_5Sat3Gs_0_6.json,1.5,2,7,-4.722079,"[-0.15548986724005412, -0.11279497273010755, 0.7524389692822765, 1.209079351586556]","""0,941,1,789,2,118,1000,83,1001,62,2000,22,1002,10,3,9,2001,7,3000,7""",376,287.10,428.27
Problem_5Sat3Gs_0_6.json,1.5,2,8,-4.722079,"[-0.15548986724005412, -0.11279497273010755, 0.7524389692822765, 1.209079351586556]","""0,896,1,779,2,128,1000,95,1001,78,2000,24,3,16,2001,11,1002,10,3000,9,4,1,4000,1""",376,326.79,467.97
Problem_5Sat3Gs_0_6.json,1.5,2,9,-4.722079,"[-0.15548986724005412, -0.11279497273010755, 0.7524389692822765, 1.209079351586556]","""0,949,1,739,2,124,1000,96,1001,78,2000,16,1002,14,3,11,2001,10,3000,9,3001,1,4,1""",376,365.06,506.24
Problem_5Sat3Gs_0_6.json,1.5,2,10,-4.722079,"[-0.15548986724005412, -0.11279497273010755, 0.7524389692822765, 1.209079351586556]","""0,912,1,796,2,109,1000,101,1001,60,2000,20,3,14,3000,14,2001,14,1002,5,1003,1,4000,1,4,1""",376,405.74,546.92
Problem_5Sat3Gs_0_6.json,1.5,3,1,-5.060922,"[-0.19257470198641696, -0.142034592696218, -0.09556879318378765, 0.5730514291825269, 1.0866393714772196, 1.199642060951981]","""0,1334,1,493,1000,105,2,60,1001,30,2000,9,3000,5,1002,5,3,4,4000,1,2001,1,4,1""",509,85.68,632.60
Problem_5Sat3Gs_0_6.json,1.5,3,2,-5.060922,"[-0.19257470198641696, -0.142034592696218, -0.09556879318378765, 0.5730514291825269, 1.0866393714772196, 1.199642060951981]","""0,1351,1,462,1000,116,2,58,1001,28,2000,11,3,9,3000,8,2002,2,2001,1,1002,1,3001,1""",509,154.88,701.80
Problem_5Sat3Gs_0_6.json,1.5,3,3,-5.060922,"[-0.19257470198641696, -0.142034592696218, -0.09556879318378765, 0.5730514291825269, 1.0866393714772196, 1.199642060951981]","""0,1380,1,459,1000,89,2,72,1001,24,2000,12,3000,4,3,4,1002,2,4,1,2001,1""",509,225.17,772.09
Problem_5Sat3Gs_0_6.json,1.5,3,4,-5.060922,"[-0.19257470198641696, -0.142034592696218, -0.09556879318378765, 0.5730514291825269, 1.0866393714772196, 1.199642060951981]","""0,1328,1,493,1000,117,2,56,1001,29,3,10,2000,7,2001,4,3000,4""",509,295.71,842.63
Problem_5Sat3Gs_0_6.json,1.5,3,5,-5.060922,"[-0.19257470198641696, -0.142034592696218, -0.09556879318378765, 0.5730514291825269, 1.0866393714772196, 1.199642060951981]","""0,1364,1,478,1000,98,2,61,1001,29,3000,7,3,3,2001,3,2000,2,1002,2,4,1""",509,367.07,913.98
Problem_5Sat3Gs_0_6.json,1.5,3,6,-5.060922,"[-0.19257470198641696, -0.142034592696218, -0.09556879318378765, 0.5730514291825269, 1.0866393714772196, 1.199642060951981]","""0,1317,1,514,1000,103,2,63,1001,25,2000,10,3000,7,3,6,1002,2,2001,1""",509,439.26,986.18
Problem_5Sat3Gs_0_6.json,1.5,3,7,-5.060922,"[-0.19257470198641696, -0.142034592696218, -0.09556879318378765, 0.5730514291825269, 1.0866393714772196, 1.199642060951981]","""0,1369,1,455,1000,126,2,46,1001,23,2000,13,3,7,3000,6,1002,2,4,1""",509,512.01,1058.93
Problem_5Sat3Gs_0_6.json,1.5,3,8,-5.060922,"[-0.19257470198641696, -0.142034592696218, -0.09556879318378765, 0.5730514291825269, 1.0866393714772196, 1.199642060951981]","""0,1371,1,471,1000,121,2,48,1001,16,3000,8,2000,7,3,2,2001,2,4000,1,1002,1""",509,581.84,1128.76
Problem_5Sat3Gs_0_6.json,1.5,3,9,-5.060922,"[-0.19257470198641696, -0.142034592696218, -0.09556879318378765, 0.5730514291825269, 1.0866393714772196, 1.199642060951981]","""0,1338,1,479,1000,112,2,67,1001,23,2000,10,3000,7,1002,6,3,3,2001,2,4000,1""",509,651.94,1198.86
Problem_5Sat3Gs_0_6.json,1.5,3,10,-5.060922,"[-0.19257470198641696, -0.142034592696218, -0.09556879318378765, 0.5730514291825269, 1.0866393714772196, 1.199642060951981]","""0,1348,1,465,1000,118,2,57,1001,24,2000,12,3000,10,3,8,1002,4,2002,1,2001,1""",509,722.76,1269.68
Problem_5Sat3Gs_0_6.json,1.5,4,1,-5.174372,"[-0.18271612194974482, -0.15471304091884716, -0.11982380159584448, -0.07008308399418686, 0.4240243760615377, 0.8147424495062462, 1.0795669458431991, 1.1700787008093738]","""0,1505,1,423,1000,63,2,39,1001,11,2000,4,2001,1,3000,1,3,1""",1771,329.37,1599.04
Problem_5Sat3Gs_0_6.json,1.5,4,2,-5.174372,"[-0.18271612194974482, -0.15471304091884716, -0.11982380159584448, -0.07008308399418686, 0.4240243760615377, 0.8147424495062462, 1.0795669458431991, 1.1700787008093738]","""0,1495,1,433,1000,67,2,29,1001,16,2000,4,3,3,3000,1""",1771,639.57,1909.25
Problem_5Sat3Gs_0_6.json,1.5,4,3,-5.174372,"[-0.18271612194974482, -0.15471304091884716, -0.11982380159584448, -0.07008308399418686, 0.4240243760615377, 0.8147424495062462, 1.0795669458431991, 1.1700787008093738]","""0,1467,1,437,1000,81,2,40,1001,17,2000,3,2001,1,3,1,3000,1""",1771,950.09,2219.76
Problem_5Sat3Gs_0_6.json,1.5,4,4,-5.174372,"[-0.18271612194974482, -0.15471304091884716, -0.11982380159584448, -0.07008308399418686, 0.4240243760615377, 0.8147424495062462, 1.0795669458431991, 1.1700787008093738]","""0,1526,1,385,1000,85,2,29,1001,16,1002,3,3,2,2000,1,2001,1""",1771,1262.07,2531.75
Problem_5Sat3Gs_0_6.json,1.5,4,5,-5.174372,"[-0.18271612194974482, -0.15471304091884716, -0.11982380159584448, -0.07008308399418686, 0.4240243760615377, 0.8147424495062462, 1.0795669458431991, 1.1700787008093738]","""0,1512,1,415,1000,69,2,32,1001,8,3,5,2000,4,3000,3""",1771,1573.89,2843.57
Problem_5Sat3Gs_0_6.json,1.5,4,6,-5.174372,"[-0.18271612194974482, -0.15471304091884716, -0.11982380159584448, -0.07008308399418686, 0.4240243760615377, 0.8147424495062462, 1.0795669458431991, 1.1700787008093738]","""0,1514,1,411,1000,71,2,34,1001,9,3,4,2000,3,2001,1,3000,1""",1771,1886.29,3155.97
Problem_5Sat3Gs_0_6.json,1.5,4,7,-5.174372,"[-0.18271612194974482, -0.15471304091884716, -0.11982380159584448, -0.07008308399418686, 0.4240243760615377, 0.8147424495062462, 1.0795669458431991, 1.1700787008093738]","""0,1484,1,431,1000,77,2,41,1001,8,3,3,2000,3,1002,1""",1771,2195.39,3465.07
Problem_5Sat3Gs_0_6.json,1.5,4,8,-5.174372,"[-0.18271612194974482, -0.15471304091884716, -0.11982380159584448, -0.07008308399418686, 0.4240243760615377, 0.8147424495062462, 1.0795669458431991, 1.1700787008093738]","""0,1552,1,364,1000,74,2,35,1001,14,3,4,2000,2,1002,1,3000,1,2001,1""",1771,2505.78,3775.46
Problem_5Sat3Gs_0_6.json,1.5,4,9,-5.174372,"[-0.18271612194974482, -0.15471304091884716, -0.11982380159584448, -0.07008308399418686, 0.4240243760615377, 0.8147424495062462, 1.0795669458431991, 1.1700787008093738]","""0,1487,1,436,1000,75,2,41,1001,4,3,3,2000,1,3000,1""",1771,2816.13,4085.80
Problem_5Sat3Gs_0_6.json,1.5,4,10,-5.174372,"[-0.18271612194974482, -0.15471304091884716, -0.11982380159584448, -0.07008308399418686, 0.4240243760615377, 0.8147424495062462, 1.0795669458431991, 1.1700787008093738]","""0,1482,1,415,1000,79,2,42,1001,20,2000,5,3,4,2001,1""",1771,3126.58,4396.26
Problem_5Sat3Gs_0_6.json,1.5,5,1,-5.254810,"[-0.21880739244857594, -0.18860419821119695, -0.1683212294645522, -0.10360398016110645, -0.07073659104288324, 0.3421465693806022, 0.7367148772631156, 1.0022987592854111, 1.2551693111355051, 1.3657116257455224]","""0,1604,1,362,1000,42,2,19,1001,9,2000,6,3000,2,2001,2,3,1,1002,1""",2000,444.88,4841.14
Problem_5Sat3Gs_0_6.json,1.5,5,2,-5.254810,"[-0.21880739244857594, -0.18860419821119695, -0.1683212294645522, -0.10360398016110645, -0.07073659104288324, 0.3421465693806022, 0.7367148772631156, 1.0022987592854111, 1.2551693111355051, 1.3657116257455224]","""0,1633,1,337,1000,37,2,26,1001,8,2000,7""",2000,870.47,5266.73
Problem_5Sat3Gs_0_6.json,1.5,5,3,-5.254810,"[-0.21880739244857594, -0.18860419821119695, -0.1683212294645522, -0.10360398016110645, -0.07073659104288324, 0.3421465693806022, 0.7367148772631156, 1.0022987592854111, 1.2551693111355051, 1.3657116257455224]","""0,1640,1,331,1000,36,2,17,2000,8,1001,8,2001,3,3,3,3000,1,1002,1""",2000,1292.41,5688.67
Problem_5Sat3Gs_0_6.json,1.5,5,4,-5.254810,"[-0.21880739244857594, -0.18860419821119695, -0.1683212294645522, -0.10360398016110645, -0.07073659104288324, 0.3421465693806022, 0.7367148772631156, 1.0022987592854111, 1.2551693111355051, 1.3657116257455224]","""0,1619,1,352,1000,41,2,18,1001,8,3000,5,2000,3,2001,1,1002,1""",2000,1711.25,6107.51
Problem_5Sat3Gs_0_6.json,1.5,5,5,-5.254810,"[-0.21880739244857594, -0.18860419821119695, -0.1683212294645522, -0.10360398016110645, -0.07073659104288324, 0.3421465693806022, 0.7367148772631156, 1.0022987592854111, 1.2551693111355051, 1.3657116257455224]","""0,1634,1,344,1000,31,2,20,2000,7,1001,6,3000,2,1002,1,3,1,3001,1,2001,1""",2000,2132.54,6528.80
Problem_5Sat3Gs_0_6.json,1.5,5,6,-5.254810,"[-0.21880739244857594, -0.18860419821119695, -0.1683212294645522, -0.10360398016110645, -0.07073659104288324, 0.3421465693806022, 0.7367148772631156, 1.0022987592854111, 1.2551693111355051, 1.3657116257455224]","""0,1625,1,338,1000,36,2,30,1001,9,2000,3,3000,2,3,2,1002,1,2001,1,4,1""",2000,2551.51,6947.77
Problem_5Sat3Gs_0_6.json,1.5,5,7,-5.254810,"[-0.21880739244857594, -0.18860419821119695, -0.1683212294645522, -0.10360398016110645, -0.07073659104288324, 0.3421465693806022, 0.7367148772631156, 1.0022987592854111, 1.2551693111355051, 1.3657116257455224]","""0,1598,1,379,1000,38,2,19,1001,9,3,2,3000,2,2002,1""",2000,2971.92,7368.18
Problem_5Sat3Gs_0_6.json,1.5,5,8,-5.254810,"[-0.21880739244857594, -0.18860419821119695, -0.1683212294645522, -0.10360398016110645, -0.07073659104288324, 0.3421465693806022, 0.7367148772631156, 1.0022987592854111, 1.2551693111355051, 1.3657116257455224]","""0,1642,1,330,1000,29,2,23,3000,7,1001,7,2000,6,2001,3,3,1""",2000,3390.41,7786.67
Problem_5Sat3Gs_0_6.json,1.5,5,9,-5.254810,"[-0.21880739244857594, -0.18860419821119695, -0.1683212294645522, -0.10360398016110645, -0.07073659104288324, 0.3421465693806022, 0.7367148772631156, 1.0022987592854111, 1.2551693111355051, 1.3657116257455224]","""0,1654,1,325,1000,29,2,19,1001,11,2000,6,3000,2,2001,1,3,1""",2000,3808.99,8205.25
Problem_5Sat3Gs_0_6.json,1.5,5,10,-5.254810,"[-0.21880739244857594, -0.18860419821119695, -0.1683212294645522, -0.10360398016110645, -0.07073659104288324, 0.3421465693806022, 0.7367148772631156, 1.0022987592854111, 1.2551693111355051, 1.3657116257455224]","""0,1623,1,362,1000,32,1001,11,2,7,2001,4,3000,3,2000,2,3,2,1002,1,1003,1""",2000,4224.89,8621.15
Problem_5Sat3Gs_0_6.json,1.5,6,1,-5.312131,"[-0.21669433135213062, -0.20038881059780494, -0.17164226375259056, -0.1267824491725524, -0.08500152494427704, -0.05185170209008318, 0.38221259864947604, 0.738739934823425, 0.9764252402776132, 1.1347957629660101, 1.3116815282546255, 1.1333140582695045]","""0,1720,1,260,2,30,1000,22,1001,7,3000,5,2000,3,2001,1""",2000,508.66,9129.81
Problem_5Sat3Gs_0_6.json,1.5,6,2,-5.312131,"[-0.21669433135213062, -0.20038881059780494, -0.17164226375259056, -0.1267824491725524, -0.08500152494427704, -0.05185170209008318, 0.38221259864947604, 0.738739934823425, 0.9764252402776132, 1.1347957629660101, 1.3116815282546255, 1.1333140582695045]","""0,1707,1,266,1000,37,2,22,1001,4,2001,3,3000,3,2000,3,4000,2,3,1""",2000,993.35,9614.50
Problem_5Sat3Gs_0_6.json,1.5,6,3,-5.312131,"[-0.21669433135213062, -0.20038881059780494, -0.17164226375259056, -0.1267824491725524, -0.08500152494427704, -0.05185170209008318, 0.38221259864947604, 0.738739934823425, 0.9764252402776132, 1.1347957629660101, 1.3116815282546255, 1.1333140582695045]","""0,1720,1,254,1000,30,2,27,2001,5,2000,4,1001,4,3000,3,3,1""",2000,1482.20,10103.36
Problem_5Sat3Gs_0_6.json,1.5,6,4,-5.312131,"[-0.21669433135213062, -0.20038881059780494, -0.17164226375259056, -0.1267824491725524, -0.08500152494427704, -0.05185170209008318, 0.38221259864947604, 0.738739934823425, 0.9764252402776132, 1.1347957629660101, 1.3116815282546255, 1.1333140582695045]","""0,1745,1,243,1000,24,2,23,2000,5,1001,3,1002,2,3,1,2001,1,3000,1""",2000,1967.21,10588.36
Problem_5Sat3Gs_0_6.json,1.5,6,5,-5.312131,"[-0.21669433135213062, -0.20038881059780494, -0.17164226375259056, -0.1267824491725524, -0.08500152494427704, -0.05185170209008318, 0.38221259864947604, 0.738739934823425, 0.9764252402776132, 1.1347957629660101, 1.3116815282546255, 1.1333140582695045]","""0,1744,1,240,1000,27,2,20,1001,8,2000,4,3000,2,2001,1,3,1,1002,1""",2000,2454.29,11075.45
Problem_5Sat3Gs_0_6.json,1.5,6,6,-5.312131,"[-0.21669433135213062, -0.20038881059780494, -0.17164226375259056, -0.1267824491725524, -0.08500152494427704, -0.05185170209008318, 0.38221259864947604, 0.738739934823425, 0.9764252402776132, 1.1347957629660101, 1.3116815282546255, 1.1333140582695045]","""0,1724,1,257,1000,29,2,21,1001,7,2001,5,2000,2,3000,2,1002,1""",2000,2936.38,11557.53
Problem_5Sat3Gs_0_6.json,1.5,6,7,-5.312131,"[-0.21669433135213062, -0.20038881059780494, -0.17164226375259056, -0.1267824491725524, -0.08500152494427704, -0.05185170209008318, 0.38221259864947604, 0.738739934823425, 0.9764252402776132, 1.1347957629660101, 1.3116815282546255, 1.1333140582695045]","""0,1726,1,257,1000,24,2,22,3000,6,1001,6,2000,2,2001,2,1002,2,3,1""",2000,3423.45,12044.60
Problem_5Sat3Gs_0_6.json,1.5,6,8,-5.312131,"[-0.21669433135213062, -0.20038881059780494, -0.17164226375259056, -0.1267824491725524, -0.08500152494427704, -0.05185170209008318, 0.38221259864947604, 0.738739934823425, 0.9764252402776132, 1.1347957629660101, 1.3116815282546255, 1.1333140582695045]","""0,1720,1,254,1000,26,2,26,2000,7,1001,7,3000,3,2001,3,3,2""",2000,3906.24,12527.39
Problem_5Sat3Gs_0_6.json,1.5,6,9,-5.312131,"[-0.21669433135213062, -0.20038881059780494, -0.17164226375259056, -0.1267824491725524, -0.08500152494427704, -0.05185170209008318, 0.38221259864947604, 0.738739934823425, 0.9764252402776132, 1.1347957629660101, 1.3116815282546255, 1.1333140582695045]","""0,1693,1,290,1000,30,2,22,1001,5,2000,3,1002,2,3000,2,3,1""",2000,4395.30,13016.45
Problem_5Sat3Gs_0_6.json,1.5,6,10,-5.312131,"[-0.21669433135213062, -0.20038881059780494, -0.17164226375259056, -0.1267824491725524, -0.08500152494427704, -0.05185170209008318, 0.38221259864947604, 0.738739934823425, 0.9764252402776132, 1.1347957629660101, 1.3116815282546255, 1.1333140582695045]","""0,1709,1,268,1000,29,2,26,1001,4,2000,4,2001,3,3000,2,3,2,1002,1""",2000,4879.15,13500.31
Problem_5Sat3Gs_0_6.json,1.5,7,1,-5.360488,"[-0.19929196804401875, -0.19035693425570166, -0.17947321513692563, -0.1441901365081085, -0.1059551393718222, -0.07058154461527578, -0.04270840688396177, 0.34044564100734964, 0.6785426192799426, 0.8845935390167768, 1.098000753001025, 1.1783245522376076, 1.2290121646184926, 1.069229819676402]","""0,1832,1,163,2,21,1000,21,2000,4,1001,3,2001,3,3,1""",2000,582.70,14083.01
Problem_5Sat3Gs_0_6.json,1.5,7,2,-5.360488,"[-0.19929196804401875, -0.19035693425570166, -0.17947321513692563, -0.1441901365081085, -0.1059551393718222, -0.07058154461527578, -0.04270840688396177, 0.34044564100734964, 0.6785426192799426, 0.8845935390167768, 1.098000753001025, 1.1783245522376076, 1.2290121646184926, 1.069229819676402]","""0,1810,1,199,1000,17,2,8,3000,4,1001,4,2000,3,2001,2,3,1""",2000,1141.85,14642.16
Problem_5Sat3Gs_0_6.json,1.5,7,3,-5.360488,"[-0.19929196804401875, -0.19035693425570166, -0.17947321513692563, -0.1441901365081085, -0.1059551393718222, -0.07058154461527578, -0.04270840688396177, 0.34044564100734964, 0.6785426192799426, 0.8845935390167768, 1.098000753001025, 1.1783245522376076, 1.2290121646184926, 1.069229819676402]","""0,1835,1,167,1000,21,2,12,2000,4,1001,3,2001,2,3,2,3000,2""",2000,1699.75,15200.06
Problem_5Sat3Gs_0_6.json,1.5,7,4,-5.360488,"[-0.19929196804401875, -0.19035693425570166, -0.17947321513692563, -0.1441901365081085, -0.1059551393718222, -0.07058154461527578, -0.04270840688396177, 0.34044564100734964, 0.6785426192799426, 0.8845935390167768, 1.098000753001025, 1.1783245522376076, 1.2290121646184926, 1.069229819676402]","""0,1810,1,188,2,21,1000,21,1001,3,2001,2,3,1,2000,1,3000,1""",2000,2257.66,15757.97
Problem_5Sat3Gs_0_6.json,1.5,7,5,-5.360488,"[-0.19929196804401875, -0.19035693425570166, -0.17947321513692563, -0.1441901365081085, -0.1059551393718222, -0.07058154461527578, -0.04270840688396177, 0.34044564100734964, 0.6785426192799426, 0.8845935390167768, 1.098000753001025, 1.1783245522376076, 1.2290121646184926, 1.069229819676402]","""0,1827,1,173,2,21,1000,16,3000,5,1001,2,2000,1,2001,1,1002,1,3,1""",2000,2808.94,16309.24
Problem_5Sat3Gs_0_6.json,1.5,7,6,-5.360488,"[-0.19929196804401875, -0.19035693425570166, -0.17947321513692563, -0.1441901365081085, -0.1059551393718222, -0.07058154461527578, -0.04270840688396177, 0.34044564100734964, 0.6785426192799426, 0.8845935390167768, 1.098000753001025, 1.1783245522376076, 1.2290121646184926, 1.069229819676402]","""0,1814,1,181,1000,21,2,17,1001,4,2000,4,3000,4,3,3""",2000,3364.76,16865.07
Problem_5Sat3Gs_0_6.json,1.5,7,7,-5.360488,"[-0.19929196804401875, -0.19035693425570166, -0.17947321513692563, -0.1441901365081085, -0.1059551393718222, -0.07058154461527578, -0.04270840688396177, 0.34044564100734964, 0.6785426192799426, 0.8845935390167768, 1.098000753001025, 1.1783245522376076, 1.2290121646184926, 1.069229819676402]","""0,1792,1,198,1000,30,2,18,3000,3,2001,3,1001,2,1002,1,3,1""",2000,3923.77,17424.08
Problem_5Sat3Gs_0_6.json,1.5,7,8,-5.360488,"[-0.19929196804401875, -0.19035693425570166, -0.17947321513692563, -0.1441901365081085, -0.1059551393718222, -0.07058154461527578, -0.04270840688396177, 0.34044564100734964, 0.6785426192799426, 0.8845935390167768, 1.098000753001025, 1.1783245522376076, 1.2290121646184926, 1.069229819676402]","""0,1808,1,192,1000,23,2,12,1001,5,3,2,3000,2,2001,2,1002,1,2000,1""",2000,4484.21,17984.52
Problem_5Sat3Gs_0_6.json,1.5,7,9,-5.360488,"[-0.19929196804401875, -0.19035693425570166, -0.17947321513692563, -0.1441901365081085, -0.1059551393718222, -0.07058154461527578, -0.04270840688396177, 0.34044564100734964, 0.6785426192799426, 0.8845935390167768, 1.098000753001025, 1.1783245522376076, 1.2290121646184926, 1.069229819676402]","""0,1822,1,176,2,20,1000,17,1001,5,3000,4,2001,2,3,2""",2000,5042.72,18543.02
Problem_5Sat3Gs_0_6.json,1.5,7,10,-5.360488,"[-0.19929196804401875, -0.19035693425570166, -0.17947321513692563, -0.1441901365081085, -0.1059551393718222, -0.07058154461527578, -0.04270840688396177, 0.34044564100734964, 0.6785426192799426, 0.8845935390167768, 1.098000753001025, 1.1783245522376076, 1.2290121646184926, 1.069229819676402]","""0,1833,1,171,1000,24,2,13,1001,4,2001,2,1002,1""",2000,5600.87,19101.17
Problem_5Sat3Gs_0_6.json,1.5,8,1,-5.390759,"[-0.1855170990379302, -0.17549146476952923, -0.179794924585644, -0.15720428881356469, -0.13086083507758378, -0.0876468641000528, -0.05031173895511434, -0.03571875435627569, 0.28246101549837854, 0.5819152090155001, 0.8056037982311786, 1.00576909691697, 1.202853800988048, 1.197503125044046, 1.0859937781929287, 0.9168647610586877]","""0,1868,1,136,1000,20,2,17,2000,2,2001,2,1001,2,3000,1""",2000,662.48,19763.65
Problem_5Sat3Gs_0_6.json,1.5,8,2,-5.390759,"[-0.1855170990379302, -0.17549146476952923, -0.179794924585644, -0.15720428881356469, -0.13086083507758378, -0.0876468641000528, -0.05031173895511434, -0.03571875435627569, 0.28246101549837854, 0.5819152090155001, 0.8056037982311786, 1.00576909691697, 1.202853800988048, 1.197503125044046, 1.0859937781929287, 0.9168647610586877]","""0,1861,1,147,2,15,1000,13,1001,4,2000,3,3000,3,1002,1,1003,1""",2000,1292.00,20393.17
Problem_5Sat3Gs_0_6.json,1.5,8,3,-5.390759,"[-0.1855170990379302, -0.17549146476952923, -0.179794924585644, -0.15720428881356469, -0.13086083507758378, -0.0876468641000528, -0.05031173895511434, -0.03571875435627569, 0.28246101549837854, 0.5819152090155001, 0.8056037982311786, 1.00576909691697, 1.202853800988048, 1.197503125044046, 1.0859937781929287, 0.9168647610586877]","""0,1876,1,138,2,18,1000,11,1001,2,3,1,2001,1,1002,1""",2000,1919.70,21020.88
Problem_5Sat3Gs_0_6.json,1.5,8,4,-5.390759,"[-0.1855170990379302, -0.17549146476952923, -0.179794924585644, -0.15720428881356469, -0.13086083507758378, -0.0876468641000528, -0.05031173895511434, -0.03571875435627569, 0.28246101549837854, 0.5819152090155001, 0.8056037982311786, 1.00576909691697, 1.202853800988048, 1.197503125044046, 1.0859937781929287, 0.9168647610586877]","""0,1847,1,171,2,13,1000,13,3000,2,1001,1,2000,1""",2000,2553.89,21655.06
Problem_5Sat3Gs_0_6.json,1.5,8,5,-5.390759,"[-0.1855170990379302, -0.17549146476952923, -0.179794924585644, -0.15720428881356469, -0.13086083507758378, -0.0876468641000528, -0.05031173895511434, -0.03571875435627569, 0.28246101549837854, 0.5819152090155001, 0.8056037982311786, 1.00576909691697, 1.202853800988048, 1.197503125044046, 1.0859937781929287, 0.9168647610586877]","""0,1862,1,154,1000,12,2,12,3000,4,1001,2,2001,2""",2000,3181.58,22282.76
Problem_5Sat3Gs_0_6.json,1.5,8,6,-5.390759,"[-0.1855170990379302, -0.17549146476952923, -0.179794924585644, -0.15720428881356469, -0.13086083507758378, -0.0876468641000528, -0.05031173895511434, -0.03571875435627569, 0.28246101549837854, 0.5819152090155001, 0.8056037982311786, 1.00576909691697, 1.202853800988048, 1.197503125044046, 1.0859937781929287, 0.9168647610586877]","""0,1868,1,143,1000,18,2,14,1001,2,3000,1,2000,1,1002,1""",2000,3803.93,22905.10
Problem_5Sat3Gs_0_6.json,1.5,8,7,-5.390759,"[-0.1855170990379302, -0.17549146476952923, -0.179794924585644, -0.15720428881356469, -0.13086083507758378, -0.0876468641000528, -0.05031173895511434, -0.03571875435627569, 0.28246101549837854, 0.5819152090155001, 0.8056037982311786, 1.00576909691697, 1.202853800988048, 1.197503125044046, 1.0859937781929287, 0.9168647610586877]","""0,1854,1,165,2,14,1000,10,1001,2,1002,1,3000,1,2000,1""",2000,4432.23,23533.40
Problem_5Sat3Gs_0_6.json,1.5,8,8,-5.390759,"[-0.1855170990379302, -0.17549146476952923, -0.179794924585644, -0.15720428881356469, -0.13086083507758378, -0.0876468641000528, -0.05031173895511434, -0.03571875435627569, 0.28246101549837854, 0.5819152090155001, 0.8056037982311786, 1.00576909691697, 1.202853800988048, 1.197503125044046, 1.0859937781929287, 0.9168647610586877]","""0,1869,1,141,1000,19,2,8,3000,4,1001,3,2000,3,2001,1""",2000,5056.80,24157.98
Problem_5Sat3Gs_0_6.json,1.5,8,9,-5.390759,"[-0.1855170990379302, -0.17549146476952923, -0.179794924585644, -0.15720428881356469, -0.13086083507758378, -0.0876468641000528, -0.05031173895511434, -0.03571875435627569, 0.28246101549837854, 0.5819152090155001, 0.8056037982311786, 1.00576909691697, 1.202853800988048, 1.197503125044046, 1.0859937781929287, 0.9168647610586877]","""0,1847,1,170,1000,19,2,6,1001,2,2001,2,3,1,3000,1""",2000,5680.80,24781.97
Problem_5Sat3Gs_0_6.json,1.5,8,10,-5.390759,"[-0.1855170990379302, -0.17549146476952923, -0.179794924585644, -0.15720428881356469, -0.13086083507758378, -0.0876468641000528, -0.05031173895511434, -0.03571875435627569, 0.28246101549837854, 0.5819152090155001, 0.8056037982311786, 1.00576909691697, 1.202853800988048, 1.197503125044046, 1.0859937781929287, 0.9168647610586877]","""0,1874,1,131,1000,23,2,9,3000,4,1001,4,3,1,2001,1,2000,1""",2000,6311.41,25412.58
Problem_5Sat3Gs_0_12.json,1.5,1,1,-3.889042,"[-0.13471635106814464, 0.9276423431967121]","""1,799,2,542,0,172,1001,145,1000,120,3,111,2001,49,2000,44,3000,39,1002,16,3001,5,4,3,2002,3""",134,16.75,16.75
Problem_5Sat3Gs_0_12.json,1.5,1,2,-3.889042,"[-0.13471635106814464, 0.9276423431967121]","""1,793,2,573,0,194,1000,132,1001,129,3,76,2001,51,2000,44,3000,21,1002,21,3001,9,4,2,2002,2,4000,1""",134,26.84,26.84
Problem_5Sat3Gs_0_12.json,1.5,1,3,-3.889042,"[-0.13471635106814464, 0.9276423431967121]","""1,792,2,567,0,202,1000,128,1001,123,3,85,2001,54,2000,49,1002,20,3000,20,3001,5,4,3""",134,37.04,37.04
Problem_5Sat3Gs_0_12.json,1.5,1,4,-3.889042,"[-0.13471635106814464, 0.9276423431967121]","""1,800,2,570,0,211,1001,134,1000,115,3,69,2000,50,2001,45,3000,26,1002,21,3001,4,4000,2,2002,1""",134,47.15,47.15
Problem_5Sat3Gs_0_12.json,1.5,1,5,-3.889042,"[-0.13471635106814464, 0.9276423431967121]","""1,772,2,573,0,190,1001,153,1000,117,3,71,2001,52,2000,49,3000,32,1002,22,3001,6,2002,6,4,4,5,1""",134,57.36,57.36
Problem_5Sat3Gs_0_12.json,1.5,1,6,-3.889042,"[-0.13471635106814464, 0.9276423431967121]","""1,780,2,560,0,191,1000,138,1001,134,3,81,2001,57,2000,53,1002,27,3000,17,3001,4,2002,3,4000,3""",134,67.98,67.98
Problem_5Sat3Gs_0_12.json,1.5,1,7,-3.889042,"[-0.13471635106814464, 0.9276423431967121]","""1,787,2,532,0,185,1001,152,1000,133,3,81,2001,73,2000,43,3000,26,1002,19,2002,7,3001,6,4,2,1003,2""",134,78.13,78.13
Problem_5Sat3Gs_0_12.json,1.5,1,8,-3.889042,"[-0.13471635106814464, 0.9276423431967121]","""1,756,2,545,0,218,1000,143,1001,137,3,77,2000,58,2001,53,3000,26,1002,25,3001,4,2002,3,4,3""",134,88.29,88.29
Problem_5Sat3Gs_0_12.json,1.5,1,9,-3.889042,"[-0.13471635106814464, 0.9276423431967121]","""1,828,2,524,0,177,1000,125,1001,124,3,79,2000,61,2001,53,3000,32,1002,26,4,6,2002,6,3001,6,1003,1""",134,98.38,98.38
Problem_5Sat3Gs_0_12.json,1.5,1,10,-3.889042,"[-0.13471635106814464, 0.9276423431967121]","""1,812,2,526,0,189,1000,147,1001,147,3,77,2001,51,2000,46,1002,25,3000,19,2002,3,3001,2,4,2,5,1,4000,1""",134,108.56,108.56
Problem_5Sat3Gs_0_12.json,1.5,2,1,-4.526900,"[-0.14733358045032346, -0.10423112947728051, 0.7512642111974559, 1.2397953137283064]","""1,896,0,666,2,223,1000,104,1001,85,2000,26,3000,16,1002,12,3,12,2001,4,3001,3,4000,1""",426,55.63,164.19
Problem_5Sat3Gs_0_12.json,1.5,2,2,-4.526900,"[-0.14733358045032346, -0.10423112947728051, 0.7512642111974559, 1.2397953137283064]","""1,933,0,635,2,200,1000,118,1001,93,2000,20,3,13,3000,11,2001,11,1002,10,4000,4""",426,101.13,209.70
Problem_5Sat3Gs_0_12.json,1.5,2,3,-4.526900,"[-0.14733358045032346, -0.10423112947728051, 0.7512642111974559, 1.2397953137283064]","""1,935,0,622,2,225,1000,117,1001,75,2000,23,1002,16,3000,15,3,13,2001,3,3001,3,4000,1""",426,145.32,253.88
Problem_5Sat3Gs_0_12.json,1.5,2,4,-4.526900,"[-0.14733358045032346, -0.10423112947728051, 0.7512642111974559, 1.2397953137283064]","""1,966,0,596,2,204,1000,146,1001,69,3,20,2000,19,3000,12,1002,10,2001,3,3001,2,4000,1""",426,189.06,297.62
Problem_5Sat3Gs_0_12.json,1.5,2,5,-4.526900,"[-0.14733358045032346, -0.10423112947728051, 0.7512642111974559, 1.2397953137283064]","""1,963,0,632,2,191,1000,114,1001,82,3000,20,2000,14,3,12,2001,10,1002,10""",426,232.55,341.11
Problem_5Sat3Gs_0_12.json,1.5,2,6,-4.526900,"[-0.14733358045032346, -0.10423112947728051, 0.7512642111974559, 1.2397953137283064]","""1,934,0,627,2,210,1000,127,1001,88,2000,24,1002,13,3,10,3000,8,2001,7""",426,277.69,386.26
Problem_5Sat3Gs_0_12.json,1.5,2,7,-4.526900,"[-0.14733358045032346, -0.10423112947728051, 0.7512642111974559, 1.2397953137283064]","""1,974,0,627,2,201,1000,99,1001,83,2000,19,3000,15,3,14,1002,9,2001,6,4,1""",426,321.86,430.42
Problem_5Sat3Gs_0_12.json,1.5,2,8,-4.526900,"[-0.14733358045032346, -0.10423112947728051, 0.7512642111974559, 1.2397953137283064]","""1,954,0,643,2,193,1000,121,1001,86,2000,15,3,10,1002,9,3000,9,2001,6,4000,1,3001,1""",426,365.50,474.06
Problem_5Sat3Gs_0_12.json,1.5,2,9,-4.526900,"[-0.14733358045032346, -0.10423112947728051, 0.7512642111974559, 1.2397953137283064]","""1,947,0,603,2,225,1000,111,1001,97,2000,18,1002,17,3,15,3000,7,2001,4,3001,2,1003,1,4000,1""",426,410.97,519.53
Problem_5Sat3Gs_0_12.json,1.5,2,10,-4.526900,"[-0.14733358045032346, -0.10423112947728051, 0.7512642111974559, 1.2397953137283064]","""1,909,0,653,2,204,1000,113,1001,102,3,19,3000,16,1002,13,2001,8,2000,8,4000,2,3001,1""",426,456.01,564.58
Problem_5Sat3Gs_0_12.json,1.5,3,1,-4.858592,"[-0.19019574085033705, -0.136882969698965, -0.09480075424579447, 0.609964334419194, 1.1203964932847572, 1.2362151526169407]","""0,1076,1,621,1000,198,2,84,1001,38,2000,14,1002,5,3,5,2001,4,3000,3""",532,88.42,653.00
Problem_5Sat3Gs_0_12.json,1.5,3,2,-4.858592,"[-0.19019574085033705, -0.136882969698965, -0.09480075424579447, 0.609964334419194, 1.1203964932847572, 1.2362151526169407]","""0,1121,1,552,1000,199,2,88,1001,44,3000,18,2000,15,2001,4,3,3,1002,3,2002,1""",532,164.11,728.68
Problem_5Sat3Gs_0_12.json,1.5,3,3,-4.858592,"[-0.19019574085033705, -0.136882969698965, -0.09480075424579447, 0.609964334419194, 1.1203964932847572, 1.2362151526169407]","""0,1097,1,609,1000,174,2,96,1001,29,3000,14,3,11,2000,8,1002,7,2001,3""",532,236.77,801.34
Problem_5Sat3Gs_0_12.json,1.5,3,4,-4.858592,"[-0.19019574085033705, -0.136882969698965, -0.09480075424579447, 0.609964334419194, 1.1203964932847572, 1.2362151526169407]","""0,1087,1,584,1000,182,2,103,1001,55,3000,12,2000,11,1002,5,2001,4,3,3,1003,2""",532,310.99,875.56
Problem_5Sat3Gs_0_12.json,1.5,3,5,-4.858592,"[-0.19019574085033705, -0.136882969698965, -0.09480075424579447, 0.609964334419194, 1.1203964932847572, 1.2362151526169407]","""0,1100,1,620,1000,154,2,100,1001,39,3000,10,2000,10,3,7,1002,4,2001,3,3001,1""",532,385.44,950.02
Problem_5Sat3Gs_0_12.json,1.5,3,6,-4.858592,"[-0.19019574085033705, -0.136882969698965, -0.09480075424579447, 0.609964334419194, 1.1203964932847572, 1.2362151526169407]","""0,1106,1,601,1000,182,2,84,1001,41,3000,10,1002,10,2000,5,3,5,2001,2,4,2""",532,461.06,1025.63
Problem_5Sat3Gs_0_12.json,1.5,3,7,-4.858592,"[-0.19019574085033705, -0.136882969698965, -0.09480075424579447, 0.609964334419194, 1.1203964932847572, 1.2362151526169407]","""0,1109,1,572,1000,181,2,110,1001,39,2000,11,3000,10,1002,8,3,4,2001,2,4000,1,4,1""",532,533.76,1098.34
Problem_5Sat3Gs_0_12.json,1.5,3,8,-4.858592,"[-0.19019574085033705, -0.136882969698965, -0.09480075424579447, 0.609964334419194, 1.1203964932847572, 1.2362151526169407]","""0,1067,1,607,1000,199,2,86,1001,52,1002,11,3000,10,2000,8,2001,3,3,3,4,1,2002,1""",532,607.80,1172.38
Problem_5Sat3Gs_0_12.json,1.5,3,9,-4.858592,"[-0.19019574085033705, -0.136882969698965, -0.09480075424579447, 0.609964334419194, 1.1203964932847572, 1.2362151526169407]","""0,1096,1,615,1000,174,2,80,1001,49,2000,11,3000,9,3,7,2001,4,1002,3""",532,682.39,1246.97
Problem_5Sat3Gs_0_12.json,1.5,3,10,-4.858592,"[-0.19019574085033705, -0.136882969698965, -0.09480075424579447, 0.609964334419194, 1.1203964932847572, 1.2362151526169407]","""0,1081,1,617,1000,166,2,95,1001,47,3000,13,1002,10,3,7,2000,6,2001,5,1003,1""",532,758.01,1322.58
Problem_5Sat3Gs_0_12.json,1.5,4,1,-5.026429,"[-0.19190406601884674, -0.16756462947283535, -0.1258838232073736, -0.07568526391610352, 0.49544194886290766, 0.9396729006968498, 1.1645222566083888, 1.221263551251494]","""0,1314,1,470,1000,157,2,65,1001,28,3000,5,3,3,1002,3,2000,3""",1591,291.28,1613.86
Problem_5Sat3Gs_0_12.json,1.5,4,2,-5.026429,"[-0.19190406601884674, -0.16756462947283535, -0.1258838232073736, -0.07568526391610352, 0.49544194886290766, 0.9396729006968498, 1.1645222566083888, 1.221263551251494]","""0,1318,1,457,1000,152,2,73,1001,31,3,6,3000,5,2000,3,1002,2,2001,1""",1591,571.46,1894.04
Problem_5Sat3Gs_0_12.json,1.5,4,3,-5.026429,"[-0.19190406601884674, -0.16756462947283535, -0.1258838232073736, -0.07568526391610352, 0.49544194886290766, 0.9396729006968498, 1.1645222566083888, 1.221263551251494]","""0,1319,1,444,1000,139,2,90,1001,36,3000,6,2000,4,3,3,1002,3,2001,2,4,1,1003,1""",1591,851.00,2173.58
Problem_5Sat3Gs_0_12.json,1.5,4,4,-5.026429,"[-0.19190406601884674, -0.16756462947283535, -0.1258838232073736, -0.07568526391610352, 0.49544194886290766, 0.9396729006968498, 1.1645222566083888, 1.221263551251494]","""0,1326,1,469,1000,138,2,76,1001,21,3000,7,3,6,1002,3,2000,2""",1591,1129.47,2452.05
Problem_5Sat3Gs_0_12.json,1.5,4,5,-5.026429,"[-0.19190406601884674, -0.16756462947283535, -0.1258838232073736, -0.07568526391610352, 0.49544194886290766, 0.9396729006968498, 1.1645222566083888, 1.221263551251494]","""0,1291,1,509,1000,134,2,75,1001,24,2000,5,3000,4,3,4,1002,2""",1591,1406.49,2729.07
Problem_5Sat3Gs_0_12.json,1.5,4,6,-4.867484,"[-0.19030925239230553, -0.13626110411459985, -0.0671182834913619, -0.032282859650811485, 0.6063786891756993, 1.1067099575255188, 1.1696463625328866, 0.2453974469182367]","""0,1104,1,584,1000,165,2,101,1001,50,2000,15,3000,10,3,10,1002,6,2001,3""",2000,1755.72,3078.30
Problem_5Sat3Gs_0_12.json,1.5,4,7,-5.026429,"[-0.19190406601884674, -0.16756462947283535, -0.1258838232073736, -0.07568526391610352, 0.49544194886290766, 0.9396729006968498, 1.1645222566083888, 1.221263551251494]","""0,1310,1,487,1000,128,2,75,1001,31,3,5,2000,5,3000,5,4,1,2001,1""",1591,2033.40,3355.98
Problem_5Sat3Gs_0_12.json,1.5,4,8,-4.867484,"[-0.19030925239230553, -0.13626110411459985, -0.0671182834913619, -0.032282859650811485, 0.6063786891756993, 1.1067099575255188, 1.1696463625328866, 0.2453974469182367]","""0,1173,1,517,1000,177,2,98,1001,44,2000,12,1002,9,3000,9,3,6,2001,3""",2000,2383.79,3706.37
Problem_5Sat3Gs_0_12.json,1.5,4,9,-5.026429,"[-0.19190406601884674, -0.16756462947283535, -0.1258838232073736, -0.07568526391610352, 0.49544194886290766, 0.9396729006968498, 1.1645222566083888, 1.221263551251494]","""0,1327,1,461,1000,139,2,72,1001,26,3,7,2000,7,3000,4,1002,2,4,1,5,1,2001,1""",1591,2661.44,3984.02
Problem_5Sat3Gs_0_12.json,1.5,4,10,-4.867484,"[-0.19030925239230553, -0.13626110411459985, -0.0671182834913619, -0.032282859650811485, 0.6063786891756993, 1.1067099575255188, 1.1696463625328866, 0.2453974469182367]","""0,1084,1,597,1000,176,2,106,1001,41,3000,15,3,10,2000,9,2001,5,1002,4,3001,1""",2000,3008.87,4331.45
Problem_5Sat3Gs_0_12.json,1.5,5,1,-5.156299,"[-0.2006975999579436, -0.18034047142357473, -0.1651470238969924, -0.10895841465697972, -0.07192418968990107, 0.4513668963508517, 0.8682142400885924, 1.0639664304271135, 1.2533897242896352, 1.309535294447686]","""0,1501,1,411,1000,59,2,42,1001,25,3000,5,2000,4,1002,1""",1927,425.26,4756.71
Problem_5Sat3Gs_0_12.json,1.5,5,2,-5.156299,"[-0.2006975999579436, -0.18034047142357473, -0.1651470238969924, -0.10895841465697972, -0.07192418968990107, 0.4513668963508517, 0.8682142400885924, 1.0639664304271135, 1.2533897242896352, 1.309535294447686]","""0,1506,1,396,1000,68,2,50,1001,15,2000,4,3000,3,3,3,2001,3""",1927,825.33,5156.78
Problem_5Sat3Gs_0_12.json,1.5,5,3,-5.156299,"[-0.2006975999579436, -0.18034047142357473, -0.1651470238969924, -0.10895841465697972, -0.07192418968990107, 0.4513668963508517, 0.8682142400885924, 1.0639664304271135, 1.2533897242896352, 1.309535294447686]","""0,1514,1,396,1000,69,2,44,1001,14,3000,5,2000,4,3,1,1002,1""",1927,1231.24,5562.69
Problem_5Sat3Gs_0_12.json,1.5,5,4,-5.156299,"[-0.2006975999579436, -0.18034047142357473, -0.1651470238969924, -0.10895841465697972, -0.07192418968990107, 0.4513668963508517, 0.8682142400885924, 1.0639664304271135, 1.2533897242896352, 1.309535294447686]","""0,1487,1,404,1000,84,2,41,1001,19,2000,6,3,3,4,1,3000,1,2001,1,1002,1""",1927,1634.16,5965.61
Problem_5Sat3Gs_0_12.json,1.5,5,5,-5.156299,"[-0.2006975999579436, -0.18034047142357473, -0.1651470238969924, -0.10895841465697972, -0.07192418968990107, 0.4513668963508517, 0.8682142400885924, 1.0639664304271135, 1.2533897242896352, 1.309535294447686]","""0,1495,1,399,1000,83,2,41,1001,11,3000,9,3,3,2001,3,2000,3,1002,1""",1927,2038.14,6369.59
Problem_5Sat3Gs_0_12.json,1.5,5,6,-5.156299,"[-0.2006975999579436, -0.18034047142357473, -0.1651470238969924, -0.10895841465697972, -0.07192418968990107, 0.4513668963508517, 0.8682142400885924, 1.0639664304271135, 1.2533897242896352, 1.309535294447686]","""0,1507,1,396,1000,72,2,46,3000,8,1001,7,2000,5,3,4,1002,3""",1927,2437.55,6769.00
Problem_5Sat3Gs_0_12.json,1.5,5,7,-5.156299,"[-0.2006975999579436, -0.18034047142357473, -0.1651470238969924, -0.10895841465697972, -0.07192418968990107, 0.4513668963508517, 0.8682142400885924, 1.0639664304271135, 1.2533897242896352, 1.309535294447686]","""0,1502,1,407,1000,68,2,43,1001,13,2000,6,3,4,3000,3,1002,1,2001,1""",1927,2841.47,7172.92
Problem_5Sat3Gs_0_12.json,1.5,5,8,-5.156299,"[-0.2006975999579436, -0.18034047142357473, -0.1651470238969924, -0.10895841465697972, -0.07192418968990107, 0.4513668963508517, 0.8682142400885924, 1.0639664304271135, 1.2533897242896352, 1.309535294447686]","""0,1462,1,445,1000,60,2,47,1001,22,3,4,2001,4,1002,1,2000,1,4,1,3000,1""",1927,3248.80,7580.25
Problem_5Sat3Gs_0_12.json,1.5,5,9,-5.156346,"[-0.20136025605758145, -0.18103326718942223, -0.1653263551720276, -0.10899471771962836, -0.07172875481670683, 0.4551151674445248, 0.8740826012514642, 1.0685407039893584, 1.2573344182830495, 1.3107993060276897]","""0,1516,1,398,1000,55,2,50,1001,19,2000,3,1002,3,3000,3,2001,1""",1590,3581.27,7912.72
Problem_5Sat3Gs_0_12.json,1.5,5,10,-5.156346,"[-0.20136025605758145, -0.18103326718942223, -0.1653263551720276, -0.10899471771962836, -0.07172875481670683, 0.4551151674445248, 0.8740826012514642, 1.0685407039893584, 1.2573344182830495, 1.3107993060276897]","""0,1471,1,416,1000,82,2,46,1001,14,3,6,3000,6,2001,4,2000,3""",1590,3912.86,8244.31
Problem_5Sat3Gs_0_12.json,1.5,6,1,-5.282402,"[-0.20344085299958128, -0.18975008942301402, -0.1752893423707564, -0.14770456787757572, -0.10294896237766335, -0.06902293546323468, 0.4458917272660362, 0.8600799038551148, 1.0320494053605698, 1.161648461175679, 1.3292058642539057, 1.2916086430812503]","""0,1709,1,218,2,49,1000,40,1001,15,3000,5,2000,3,1002,2,3,2,2001,2,1003,1,3001,1,2002,1""",2000,514.44,8758.75
Problem_5Sat3Gs_0_12.json,1.5,6,2,-5.282402,"[-0.20344085299958128, -0.18975008942301402, -0.1752893423707564, -0.14770456787757572, -0.10294896237766335, -0.06902293546323468, 0.4458917272660362, 0.8600799038551148, 1.0320494053605698, 1.161648461175679, 1.3292058642539057, 1.2916086430812503]","""0,1735,1,210,2,42,1000,40,1001,14,2000,3,3000,2,4,1,3,1""",2000,1006.47,9250.78
Problem_5Sat3Gs_0_12.json,1.5,6,3,-5.282402,"[-0.20344085299958128, -0.18975008942301402, -0.1752893423707564, -0.14770456787757572, -0.10294896237766335, -0.06902293546323468, 0.4458917272660362, 0.8600799038551148, 1.0320494053605698, 1.161648461175679, 1.3292058642539057, 1.2916086430812503]","""0,1722,1,237,1000,34,2,26,1001,21,2000,2,2001,2,1002,1,3000,1,3,1,3001,1""",2000,1493.06,9737.37
Problem_5Sat3Gs_0_12.json,1.5,6,4,-5.282402,"[-0.20344085299958128, -0.18975008942301402, -0.1752893423707564, -0.14770456787757572, -0.10294896237766335, -0.06902293546323468, 0.4458917272660362, 0.8600799038551148, 1.0320494053605698, 1.161648461175679, 1.3292058642539057, 1.2916086430812503]","""0,1714,1,235,2,41,1000,32,1001,10,2000,8,3000,5,2001,2,3,1""",2000,1979.93,10224.24
Problem_5Sat3Gs_0_12.json,1.5,6,5,-5.282402,"[-0.20344085299958128, -0.18975008942301402, -0.1752893423707564, -0.14770456787757572, -0.10294896237766335, -0.06902293546323468, 0.4458917272660362, 0.8600799038551148, 1.0320494053605698, 1.161648461175679, 1.3292058642539057, 1.2916086430812503]","""0,1746,1,209,1000,37,2,34,1001,9,2001,5,2000,3,3000,3,3,2""",2000,2466.97,10711.28
Problem_5Sat3Gs_0_12.json,1.5,6,6,-5.282402,"[-0.20344085299958128, -0.18975008942301402, -0.1752893423707564, -0.14770456787757572, -0.10294896237766335, -0.06902293546323468, 0.4458917272660362, 0.8600799038551148, 1.0320494053605698, 1.161648461175679, 1.3292058642539057, 1.2916086430812503]","""0,1716,1,209,1000,52,2,48,1001,8,3000,7,2000,4,3,2,1002,1,2001,1""",2000,2958.29,11202.60
Problem_5Sat3Gs_0_12.json,1.5,6,7,-5.282402,"[-0.20344085299958128, -0.18975008942301402, -0.1752893423707564, -0.14770456787757572, -0.10294896237766335, -0.06902293546323468, 0.4458917272660362, 0.8600799038551148, 1.0320494053605698, 1.161648461175679, 1.3292058642539057, 1.2916086430812503]","""0,1722,1,229,1000,45,2,26,1001,10,3000,6,2001,6,2000,3,1002,1""",2000,3448.55,11692.86
Problem_5Sat3Gs_0_12.json,1.5,6,8,-5.283847,"[-0.20177372680484154, -0.18841605352771065, -0.1754501581274707, -0.14970772071026164, -0.10324651980811361, -0.07008804645214115, 0.43943737865434607, 0.850202012803996, 1.0252075821207305, 1.1648661756479564, 1.3330775573444928, 1.3204130065991786]","""0,1743,1,199,2,40,1000,32,1001,16,3000,8,2000,5,2001,4,3,1""",2000,3938.77,12183.08
Problem_5Sat3Gs_0_12.json,1.5,6,9,-5.283847,"[-0.20177372680484154, -0.18841605352771065, -0.1754501581274707, -0.14970772071026164, -0.10324651980811361, -0.07008804645214115, 0.43943737865434607, 0.850202012803996, 1.0252075821207305, 1.1648661756479564, 1.3330775573444928, 1.3204130065991786]","""0,1707,1,221,2,49,1000,42,1001,11,3000,7,2000,5,3,4,2001,2""",2000,4422.00,12666.31
Problem_5Sat3Gs_0_12.json,1.5,6,10,-5.283847,"[-0.20177372680484154, -0.18841605352771065, -0.1754501581274707, -0.14970772071026164, -0.10324651980811361, -0.07008804645214115, 0.43943737865434607, 0.850202012803996, 1.0252075821207305, 1.1648661756479564, 1.3330775573444928, 1.3204130065991786]","""0,1765,1,180,1000,36,2,35,1001,9,2001,6,3000,6,2000,6,3,3,1002,1,3001,1""",2000,4910.15,13154.46
Problem_5Sat3Gs_0_12.json,1.5,7,1,-5.350459,"[-0.19254363099530072, -0.1819041432787499, -0.17773587486011802, -0.15466683017811803, -0.12813719552115643, -0.09225933059564995, -0.052579175370484364, 0.3712533198427098, 0.7621961317821401, 0.9545178238045509, 1.089547552375064, 1.1846165223384606, 1.3052865500681323, 1.1994887366709457]","""0,1810,1,142,1000,43,2,32,1001,11,3000,5,1002,3,3,2""",2000,580.95,13735.41
Problem_5Sat3Gs_0_12.json,1.5,7,2,-5.350459,"[-0.19254363099530072, -0.1819041432787499, -0.17773587486011802, -0.15466683017811803, -0.12813719552115643, -0.09225933059564995, -0.052579175370484364, 0.3712533198427098, 0.7621961317821401, 0.9545178238045509, 1.089547552375064, 1.1846165223384606, 1.3052865500681323, 1.1994887366709457]","""0,1827,1,141,1000,35,2,25,1001,12,3000,5,2000,2,2001,1""",2000,1152.50,14306.96
Problem_5Sat3Gs_0_12.json,1.5,7,3,-5.350459,"[-0.19254363099530072, -0.1819041432787499, -0.17773587486011802, -0.15466683017811803, -0.12813719552115643, -0.09225933059564995, -0.052579175370484364, 0.3712533198427098, 0.7621961317821401, 0.9545178238045509, 1.089547552375064, 1.1846165223384606, 1.3052865500681323, 1.1994887366709457]","""0,1836,1,117,2,51,1000,31,1001,7,2001,3,2000,2,3000,1""",2000,1714.24,14868.69
Problem_5Sat3Gs_0_12.json,1.5,7,4,-5.350459,"[-0.19254363099530072, -0.1819041432787499, -0.17773587486011802, -0.15466683017811803, -0.12813719552115643, -0.09225933059564995, -0.052579175370484364, 0.3712533198427098, 0.7621961317821401, 0.9545178238045509, 1.089547552375064, 1.1846165223384606, 1.3052865500681323, 1.1994887366709457]","""0,1841,1,123,2,37,1000,26,1001,12,3000,6,1002,2,2000,1""",2000,2274.26,15428.72
Problem_5Sat3Gs_0_12.json,1.5,7,5,-5.350459,"[-0.19254363099530072, -0.1819041432787499, -0.17773587486011802, -0.15466683017811803, -0.12813719552115643, -0.09225933059564995, -0.052579175370484364, 0.3712533198427098, 0.7621961317821401, 0.9545178238045509, 1.089547552375064, 1.1846165223384606, 1.3052865500681323, 1.1994887366709457]","""0,1825,1,134,1000,35,2,33,1001,11,3000,4,3,2,1002,2,2001,1,2000,1""",2000,2834.35,15988.80
Problem_5Sat3Gs_0_12.json,1.5,7,6,-5.350459,"[-0.19254363099530072, -0.1819041432787499, -0.17773587486011802, -0.15466683017811803, -0.12813719552115643, -0.09225933059564995, -0.052579175370484364, 0.3712533198427098, 0.7621961317821401, 0.9545178238045509, 1.089547552375064, 1.1846165223384606, 1.3052865500681323, 1.1994887366709457]","""0,1825,1,128,1000,39,2,38,1001,9,3000,4,2001,4,2000,1""",2000,3395.85,16550.30
Problem_5Sat3Gs_0_12.json,1.5,7,7,-5.350459,"[-0.19254363099530072, -0.1819041432787499, -0.17773587486011802, -0.15466683017811803, -0.12813719552115643, -0.09225933059564995, -0.052579175370484364, 0.3712533198427098, 0.7621961317821401, 0.9545178238045509, 1.089547552375064, 1.1846165223384606, 1.3052865500681323, 1.1994887366709457]","""0,1829,1,139,2,38,1000,27,1001,7,3000,3,3,2,1002,2,2000,1""",2000,3958.55,17113.01
Problem_5Sat3Gs_0_12.json,1.5,7,8,-5.353714,"[-0.1915605620499782, -0.17986932017698293, -0.17727418985988863, -0.1559844235339819, -0.13213223365876783, -0.0948293471530479, -0.054274084403865046, 0.36777390089860523, 0.7555393677813492, 0.9463707430659901, 1.084605764716615, 1.1976189563760444, 1.3244687794173369, 1.2523501008807956]","""0,1808,1,145,1000,41,2,36,1001,8,3000,3,1002,2,3,2,4,2,2001,1""",2000,4518.98,17673.43
Problem_5Sat3Gs_0_12.json,1.5,7,9,-5.353714,"[-0.1915605620499782, -0.17986932017698293, -0.17727418985988863, -0.1559844235339819, -0.13213223365876783, -0.0948293471530479, -0.054274084403865046, 0.36777390089860523, 0.7555393677813492, 0.9463707430659901, 1.084605764716615, 1.1976189563760444, 1.3244687794173369, 1.2523501008807956]","""0,1825,1,136,1000,34,2,34,1001,9,3000,3,3,2,2001,2,2000,2,1002,1""",2000,5078.18,18232.64
Problem_5Sat3Gs_0_12.json,1.5,7,10,-5.353714,"[-0.1915605620499782, -0.17986932017698293, -0.17727418985988863, -0.1559844235339819, -0.13213223365876783, -0.0948293471530479, -0.054274084403865046, 0.36777390089860523, 0.7555393677813492, 0.9463707430659901, 1.084605764716615, 1.1976189563760444, 1.3244687794173369, 1.2523501008807956]","""0,1835,1,128,1000,38,2,35,1001,9,2000,2,2001,1""",2000,5643.17,18797.62
Problem_5Sat3Gs_0_12.json,1.5,8,1,-5.356481,"[-0.1864999906637797, -0.17497865606481888, -0.17639579849821677, -0.15821861976016344, -0.1362835763885995, -0.09679207909868062, -0.05699568917519496, -0.0006358262432008104, 0.3460324647825849, 0.711688528345785, 0.9181693926045561, 1.0683846282403018, 1.2011547973949888, 1.3360867224855824, 1.2823780539714937, -0.12517277977234376]","""0,1851,1,123,1000,39,2,22,1001,11,2000,1,3,1""",2000,659.66,19457.28
Problem_5Sat3Gs_0_12.json,1.5,8,2,-5.356481,"[-0.1864999906637797, -0.17497865606481888, -0.17639579849821677, -0.15821861976016344, -0.1362835763885995, -0.09679207909868062, -0.05699568917519496, -0.0006358262432008104, 0.3460324647825849, 0.711688528345785, 0.9181693926045561, 1.0683846282403018, 1.2011547973949888, 1.3360867224855824, 1.2823780539714937, -0.12517277977234376]","""0,1833,1,130,2,34,1000,32,1001,11,2000,2,3,2,3000,2,1002,1,4000,1""",2000,1291.35,20088.98
Problem_5Sat3Gs_0_12.json,1.5,8,3,-5.356481,"[-0.1864999906637797, -0.17497865606481888, -0.17639579849821677, -0.15821861976016344, -0.1362835763885995, -0.09679207909868062, -0.05699568917519496, -0.0006358262432008104, 0.3460324647825849, 0.711688528345785, 0.9181693926045561, 1.0683846282403018, 1.2011547973949888, 1.3360867224855824, 1.2823780539714937, -0.12517277977234376]","""0,1798,1,150,1000,48,2,27,1001,15,2000,4,3,2,3000,2,2001,1,1002,1""",2000,1928.16,20725.78
Problem_5Sat3Gs_0_12.json,1.5,8,4,-5.356481,"[-0.1864999906637797, -0.17497865606481888, -0.17639579849821677, -0.15821861976016344, -0.1362835763885995, -0.09679207909868062, -0.05699568917519496, -0.0006358262432008104, 0.3460324647825849, 0.711688528345785, 0.9181693926045561, 1.0683846282403018, 1.2011547973949888, 1.3360867224855824, 1.2823780539714937, -0.12517277977234376]","""0,1828,1,129,2,39,1000,35,1001,9,2001,3,2000,2,1002,1,3,1,3000,1""",2000,2557.85,21355.47
Problem_5Sat3Gs_0_12.json,1.5,8,5,-5.356481,"[-0.1864999906637797, -0.17497865606481888, -0.17639579849821677, -0.15821861976016344, -0.1362835763885995, -0.09679207909868062, -0.05699568917519496, -0.0006358262432008104, 0.3460324647825849, 0.711688528345785, 0.9181693926045561, 1.0683846282403018, 1.2011547973949888, 1.3360867224855824, 1.2823780539714937, -0.12517277977234376]","""0,1834,1,132,1000,35,2,28,1001,7,2000,3,3000,3,3,3,1002,2,2001,1""",2000,3186.79,21984.42
Problem_5Sat3Gs_0_12.json,1.5,8,6,-5.356481,"[-0.1864999906637797, -0.17497865606481888, -0.17639579849821677, -0.15821861976016344, -0.1362835763885995, -0.09679207909868062, -0.05699568917519496, -0.0006358262432008104, 0.3460324647825849, 0.711688528345785, 0.9181693926045561, 1.0683846282403018, 1.2011547973949888, 1.3360867224855824, 1.2823780539714937, -0.12517277977234376]","""0,1791,1,162,2,48,1000,33,1001,8,2001,3,3,1,3000,1,2000,1""",2000,3817.83,22615.45
Problem_5Sat3Gs_0_12.json,1.5,8,7,-5.356481,"[-0.1864999906637797, -0.17497865606481888, -0.17639579849821677, -0.15821861976016344, -0.1362835763885995, -0.09679207909868062, -0.05699568917519496, -0.0006358262432008104, 0.3460324647825849, 0.711688528345785, 0.9181693926045561, 1.0683846282403018, 1.2011547973949888, 1.3360867224855824, 1.2823780539714937, -0.12517277977234376]","""0,1831,1,131,2,39,1000,32,1001,11,2000,2,2001,1,3,1""",2000,4443.25,23240.87
Problem_5Sat3Gs_0_12.json,1.5,8,8,-5.363596,"[-0.18158067126143645, -0.16979010192626584, -0.17362862658088568, -0.16200492055358975, -0.13521010575300751, -0.10153325886325351, -0.04647579897048922, 0.019178935506474055, 0.3394560896122979, 0.6919298753212392, 0.9126138029902056, 1.0534219385210613, 1.1835443038755284, 1.3571803430029732, 1.2484732310900548, 3.123094479859106]","""0,1843,1,127,2,31,1000,31,2000,4,1001,4,3000,4,3,2,1002,1,2002,1""",2000,5070.16,23867.78
Problem_5Sat3Gs_0_12.json,1.5,8,9,-5.377251,"[-0.1810351742098992, -0.1700068302933144, -0.17759604879848293, -0.16316116574264192, -0.14117168474230604, -0.1053537097129097, -0.06952745327197309, -0.028661726815649425, 0.3141057299734323, 0.6483876471873169, 0.8866274256171706, 1.041632509811398, 1.177723525414793, 1.2282522442195585, 1.2277858890840616, 1.0512886729350606]","""0,1895,1,97,1000,26,2,18,1001,4,3000,3,2000,2,3,1,2001,1,1002,1""",2000,5698.01,24495.64
Problem_5Sat3Gs_0_12.json,1.5,8,10,-5.377251,"[-0.1810351742098992, -0.1700068302933144, -0.17759604879848293, -0.16316116574264192, -0.14117168474230604, -0.1053537097129097, -0.06952745327197309, -0.028661726815649425, 0.3141057299734323, 0.6483876471873169, 0.8866274256171706, 1.041632509811398, 1.177723525414793, 1.2282522442195585, 1.2277858890840616, 1.0512886729350606]","""0,1871,1,103,1000,38,2,24,1001,8,2000,2,3000,1,2001,1""",2000,6327.54,25125.16
Problem_5Sat3Gs_1_4.json,1.5,1,1,-5.925311,"[1.374545313440334, 0.8034225435487404]","""3,537,2,327,1002,324,4,172,1001,133,2001,104,1,97,3001,74,1003,71,3000,48,2002,29,2000,27,6000,17,3002,17,5000,16,1000,15,4000,14,5,11,5001,7,6001,5,9000,3""",148,23.06,23.06
Problem_5Sat3Gs_1_4.json,1.5,1,2,-5.925311,"[1.374545313440334, 0.8034225435487404]","""3,521,1002,374,2,311,4,165,1001,141,2001,118,3001,82,1003,70,1,68,3000,41,2000,24,2002,24,3002,23,5000,23,1000,19,4000,11,5,11,6000,9,6001,7,5001,3,9000,3""",148,37.20,37.20
Problem_5Sat3Gs_1_4.json,1.5,1,3,-5.925311,"[1.374545313440334, 0.8034225435487404]","""3,516,1002,365,2,316,4,180,1001,179,2001,116,3001,71,1003,64,1,58,3000,41,2002,22,5000,19,2000,19,1000,16,3002,15,4000,15,5,12,5001,10,6000,9,6001,5""",148,51.14,51.14
Problem_5Sat3Gs_1_4.json,1.5,1,4,-5.925311,"[1.374545313440334, 0.8034225435487404]","""3,522,1002,344,2,320,4,199,1001,170,2001,111,3001,90,1,64,1003,51,3000,32,2000,27,2002,24,3002,19,5000,18,5,13,4000,12,1000,11,6000,11,5001,6,9000,2,6001,2""",148,65.07,65.07
Problem_5Sat3Gs_1_4.json,1.5,1,5,-5.925311,"[1.374545313440334, 0.8034225435487404]","""3,537,2,335,1002,332,4,182,1001,155,2001,108,3001,77,1,62,1003,53,3000,47,2002,27,2000,24,1000,23,3002,21,4000,19,5000,17,6000,8,5,7,5001,6,6001,5,9000,3""",148,79.51,79.51
Problem_5Sat3Gs_1_4.json,1.5,1,6,-5.925311,"[1.374545313440334, 0.8034225435487404]","""3,537,1002,387,2,327,1001,162,4,143,2001,113,3001,76,1,64,1003,56,3000,38,2000,24,2002,20,3002,17,5000,16,1000,13,4000,12,6000,11,6001,10,9000,8,5,7,5001,7""",148,93.51,93.51
Problem_5Sat3Gs_1_4.json,1.5,1,7,-5.925311,"[1.374545313440334, 0.8034225435487404]","""3,505,1002,360,2,327,4,200,1001,131,2001,122,3001,76,1,72,1003,51,3000,49,2002,24,2000,21,4000,17,3002,17,1000,16,5000,15,6000,14,5,11,5001,10,9000,6,6001,4""",148,107.56,107.56
Problem_5Sat3Gs_1_4.json,1.5,1,8,-5.925311,"[1.374545313440334, 0.8034225435487404]","""3,551,1002,366,2,313,1001,168,4,159,2001,106,1003,69,3001,66,1,64,3000,38,2000,26,2002,23,4000,18,3002,17,1000,14,5001,12,5,11,6000,11,5000,9,6001,4,9000,3""",148,121.52,121.52
Problem_5Sat3Gs_1_4.json,1.5,1,9,-5.925311,"[1.374545313440334, 0.8034225435487404]","""3,500,2,353,1002,342,4,178,1001,162,2001,132,3001,64,1003,60,1,58,3000,37,2002,28,5000,22,2000,21,4000,19,6000,16,1000,16,3002,12,5,9,5001,9,6001,8,9000,2""",148,135.80,135.80
Problem_5Sat3Gs_1_4.json,1.5,1,10,-5.925311,"[1.374545313440334, 0.8034225435487404]","""3,520,1002,351,2,328,4,157,1001,156,2001,113,1,74,3001,68,1003,67,3000,44,2000,35,5000,30,2002,22,1000,19,4000,14,6001,13,3002,12,5001,8,6000,8,5,7,9000,2""",148,149.72,149.72
Problem_5Sat3Gs_1_4.json,1.5,2,1,-6.096021,"[1.3749353256129955, -0.07432024416559434, 0.6272560288025714, 1.1359028776561944]","""2,570,3,546,1002,195,4,136,3001,122,1,96,1001,90,1003,88,2001,40,3000,36,2000,34,4000,24,5000,15,2002,13,3002,9,1000,9,5001,8,5,8,6001,4,6000,3,9000,2""",637,104.70,254.42
Problem_5Sat3Gs_1_4.json,1.5,2,2,-6.096021,"[1.3749353256129955, -0.07432024416559434, 0.6272560288025714, 1.1359028776561944]","""3,578,2,554,1002,215,4,158,3001,115,1,90,1003,88,1001,77,2001,42,2000,40,3000,22,5000,17,2002,13,4000,9,3002,7,1000,6,5,5,5001,5,6000,3,6001,3,9000,1""",637,193.76,343.48
Problem_5Sat3Gs_1_4.json,1.5,2,3,-6.096021,"[1.3749353256129955, -0.07432024416559434, 0.6272560288025714, 1.1359028776561944]","""2,553,3,553,1002,217,4,128,3001,128,1003,106,1001,83,1,78,2000,46,2001,38,3000,36,5000,17,4000,13,3002,13,2002,11,5001,7,5,7,6000,6,1000,4,6001,3,9000,1""",637,286.05,435.77
Problem_5Sat3Gs_1_4.json,1.5,2,4,-6.096021,"[1.3749353256129955, -0.07432024416559434, 0.6272560288025714, 1.1359028776561944]","""2,557,3,542,1002,220,4,160,3001,113,1003,98,1001,80,1,72,2001,55,2000,43,3000,30,4000,18,5000,14,3002,14,2002,11,5,5,5001,4,6000,4,1000,4,9000,2,6001,2""",637,375.12,524.84
Problem_5Sat3Gs_1_4.json,1.5,2,5,-6.096021,"[1.3749353256129955, -0.07432024416559434, 0.6272560288025714, 1.1359028776561944]","""3,575,2,550,1002,200,4,137,3001,127,1003,99,1,79,1001,74,2001,50,2000,39,3000,25,4000,23,5000,15,3002,13,2002,12,5,7,1000,6,6001,6,5001,5,6000,3,9000,3""",637,466.58,616.30
Problem_5Sat3Gs_1_4.json,1.5,2,6,-6.096021,"[1.3749353256129955, -0.07432024416559434, 0.6272560288025714, 1.1359028776561944]","""3,605,2,554,1002,179,4,144,3001,115,1003,90,1,83,1001,73,2001,48,3000,41,2000,39,5000,16,4000,12,3002,12,1000,11,2002,11,5,6,5001,4,6000,3,9000,2""",637,555.42,705.14
Problem_5Sat3Gs_1_4.json,1.5,2,7,-6.096021,"[1.3749353256129955, -0.07432024416559434, 0.6272560288025714, 1.1359028776561944]","""3,577,2,506,1002,218,4,151,3001,124,1003,103,1001,89,1,84,2001,60,2000,39,3000,33,4000,17,5000,12,2002,8,5,7,3002,6,5001,6,1000,4,6000,3,6001,1""",637,646.40,796.12
Problem_5Sat3Gs_1_4.json,1.5,2,8,-6.096021,"[1.3749353256129955, -0.07432024416559434, 0.6272560288025714, 1.1359028776561944]","""3,594,2,517,1002,233,4,139,3001,121,1003,88,1001,85,1,78,2001,42,3000,40,2000,38,5000,15,5001,11,2002,11,3002,9,5,8,4000,7,1000,6,6000,3,9000,2,6001,1""",637,735.74,885.46
Problem_5Sat3Gs_1_4.json,1.5,2,9,-6.096021,"[1.3749353256129955, -0.07432024416559434, 0.6272560288025714, 1.1359028776561944]","""3,559,2,548,1002,181,4,164,3001,137,1003,93,1,82,1001,82,3000,49,2001,45,2000,42,4000,13,2002,12,3002,10,5000,8,5,7,6000,5,5001,4,9000,3,6001,2,1000,2""",637,826.50,976.22
Problem_5Sat3Gs_1_4.json,1.5,2,10,-6.096021,"[1.3749353256129955, -0.07432024416559434, 0.6272560288025714, 1.1359028776561944]","""2,531,3,525,1002,245,4,134,3001,115,1003,111,1,99,1001,87,2001,47,3000,37,2000,36,5000,13,3002,12,4000,12,1000,10,2002,8,5,7,5001,7,9000,6,6001,3,6000,3""",637,916.22,1065.94
Problem_5Sat3Gs_1_4.json,1.5,3,1,-6.368693,"[1.3560600678056425, -0.11259869311428067, -0.10431093116967782, 0.43574939939953605, 0.928121151273868, 2.050588628563625]","""2,551,3,406,1002,310,1001,245,1,134,4,82,3001,68,2001,52,1003,35,1000,33,2000,26,3000,24,3002,22,4000,19,5001,11,2002,9,5,8,5000,4,6000,4,6001,4,9000,1""",2000,407.86,1473.81
Problem_5Sat3Gs_1_4.json,1.5,3,2,-6.368693,"[1.3560600678056425, -0.11259869311428067, -0.10431093116967782, 0.43574939939953605, 0.928121151273868, 2.050588628563625]","""2,602,3,431,1002,280,1001,203,1,159,4,82,2001,65,3001,59,1000,29,2000,29,1003,24,4000,17,2002,15,3002,13,5001,8,3000,7,5,7,6000,7,5000,6,6001,4,9000,1""",2000,799.93,1865.87
Problem_5Sat3Gs_1_4.json,1.5,3,3,-6.368693,"[1.3560600678056425, -0.11259869311428067, -0.10431093116967782, 0.43574939939953605, 0.928121151273868, 2.050588628563625]","""2,601,3,420,1002,285,1001,234,1,143,4,84,2001,65,3001,48,2000,31,1000,23,1003,20,4000,18,3002,16,3000,15,2002,13,5000,12,5,8,6000,5,5001,3,9000,2,6001,2""",2000,1193.57,2259.51
Problem_5Sat3Gs_1_4.json,1.5,3,4,-6.368693,"[1.3560600678056425, -0.11259869311428067, -0.10431093116967782, 0.43574939939953605, 0.928121151273868, 2.050588628563625]","""2,566,3,400,1002,294,1001,246,1,145,4,90,3001,62,2001,53,1003,44,2000,37,1000,26,3000,18,3002,15,4000,14,2002,8,5001,7,5,7,5000,6,6000,5,6001,4,9000,1""",2000,1581.67,2647.61
Problem_5Sat3Gs_1_4.json,1.5,3,5,-6.368693,"[1.3560600678056425, -0.11259869311428067, -0.10431093116967782, 0.43574939939953605, 0.928121151273868, 2.050588628563625]","""2,584,3,429,1002,280,1001,223,1,162,4,79,3001,60,2001,59,1003,31,2000,24,1000,23,2002,20,3002,18,3000,13,4000,12,5000,10,5,9,5001,5,6001,3,6000,3,9000,1""",2000,1973.73,3039.67
Problem_5Sat3Gs_1_4.json,1.5,3,6,-6.368693,"[1.3560600678056425, -0.11259869311428067, -0.10431093116967782, 0.43574939939953605, 0.928121151273868, 2.050588628563625]","""2,576,3,418,1002,305,1001,211,1,156,4,93,2001,61,3001,56,2000,39,1003,27,1000,24,4000,15,3002,15,5000,10,2002,10,6000,9,3000,9,5,6,5001,5,6001,2,9000,1""",2000,2364.44,3430.39
Problem_5Sat3Gs_1_4.json,1.5,3,7,-6.368693,"[1.3560600678056425, -0.11259869311428067, -0.10431093116967782, 0.43574939939953605, 0.928121151273868, 2.050588628563625]","""2,600,3,411,1002,297,1001,218,1,128,4,84,2001,63,3001,53,2000,34,1000,32,1003,29,3002,22,3000,22,4000,21,2002,13,5000,5,5,5,6000,4,5001,4,6001,3""",2000,2759.55,3825.49
Problem_5Sat3Gs_1_4.json,1.5,3,8,-6.368693,"[1.3560600678056425, -0.11259869311428067, -0.10431093116967782, 0.43574939939953605, 0.928121151273868, 2.050588628563625]","""2,588,3,422,1002,286,1001,216,1,147,4,83,2001,71,3001,64,2000,34,1003,31,3000,25,1000,24,4000,16,3002,13,2002,10,5001,6,9000,3,6000,3,5,3,5000,2,6001,1""",2000,3153.27,4219.22
Problem_5Sat3Gs_1_4.json,1.5,3,9,-6.368693,"[1.3560600678056425, -0.11259869311428067, -0.10431093116967782, 0.43574939939953605, 0.928121151273868, 2.050588628563625]","""2,591,3,439,1002,270,1001,216,1,146,4,92,2001,59,3001,53,2000,28,1000,26,1003,24,4000,23,3002,20,3000,16,5000,15,5,11,2002,7,5001,6,6000,5,6001,1""",2000,3553.24,4619.18
Problem_5Sat3Gs_1_4.json,1.5,3,10,-6.368693,"[1.3560600678056425, -0.11259869311428067, -0.10431093116967782, 0.43574939939953605, 0.928121151273868, 2.050588628563625]","""2,601,3,419,1002,268,1001,215,1,151,4,86,2001,65,3001,51,2000,36,1000,32,1003,28,3000,21,3002,17,4000,15,2002,13,5001,9,5000,9,6000,6,5,5,6001,1""",2000,3949.47,5015.41
Problem_5Sat3Gs_1_4.json,1.5,4,1,-6.451911,"[1.3775606451401978, -0.11536214676381343, -0.11184053296184554, -0.028794828814567713, 0.30250045451283913, 0.4442060782718241, 1.9859313674433468, 0.8430710910687543]","""2,624,3,431,1002,228,1,213,1001,196,2001,88,3001,54,4,41,2000,38,3000,27,1003,25,1000,24,3002,16,6001,14,4000,8,6000,7,2002,6,9000,4,5000,2,5001,2""",2000,521.60,5537.01
Problem_5Sat3Gs_1_4.json,1.5,4,2,-6.451911,"[1.3775606451401978, -0.11536214676381343, -0.11184053296184554, -0.028794828814567713, 0.30250045451283913, 0.4442060782718241, 1.9859313674433468, 0.8430710910687543]","""2,604,3,473,1002,262,1,197,1001,185,2001,74,3001,47,1003,36,2000,35,4,31,1000,30,3000,21,3002,19,6001,12,4000,7,2002,5,6000,3,5001,2,9000,2,5000,2,5,1""",2000,1018.23,6033.64
Problem_5Sat3Gs_1_4.json,1.5,4,3,-6.451911,"[1.3775606451401978, -0.11536214676381343, -0.11184053296184554, -0.028794828814567713, 0.30250045451283913, 0.4442060782718241, 1.9859313674433468, 0.8430710910687543]","""2,602,3,423,1002,247,1001,222,1,195,2001,86,3001,66,2000,49,4,35,1003,28,1000,20,3000,18,2002,13,6001,13,3002,11,4000,9,6000,4,5,3,5000,3,9000,1""",2000,1514.40,6529.81
Problem_5Sat3Gs_1_4.json,1.5,4,4,-6.451911,"[1.3775606451401978, -0.11536214676381343, -0.11184053296184554, -0.028794828814567713, 0.30250045451283913, 0.4442060782718241, 1.9859313674433468, 0.8430710910687543]","""2,616,3,428,1002,249,1001,204,1,204,2001,77,3001,56,2000,48,4,47,1003,27,1000,24,3000,22,3002,12,2002,7,6000,6,6001,5,9000,4,5000,4,4000,3,5001,3,5,2""",2000,2015.22,7030.63
Problem_5Sat3Gs_1_4.json,1.5,4,5,-6.451911,"[1.3775606451401978, -0.11536214676381343, -0.11184053296184554, -0.028794828814567713, 0.30250045451283913, 0.4442060782718241, 1.9859313674433468, 0.8430710910687543]","""2,586,3,447,1002,264,1,215,1001,188,2001,99,3001,54,4,42,2000,33,1000,33,1003,30,3002,17,3000,10,6001,7,2002,6,4000,5,5001,5,5,3,6000,2,9000,1,5000,1""",2000,2510.60,7526.00
Problem_5Sat3Gs_1_4.json,1.5,4,6,-6.451911,"[1.3775606451401978, -0.11536214676381343, -0.11184053296184554, -0.028794828814567713, 0.30250045451283913, 0.4442060782718241, 1.9859313674433468, 0.8430710910687543]","""2,606,3,419,1002,249,1001,236,1,182,2001,99,3001,57,4,43,2000,41,1000,27,1003,25,3002,17,3000,14,6001,9,2002,6,6000,4,4000,4,9000,3,5000,3,5,2,5001,2""",2000,3007.10,8022.51
Problem_5Sat3Gs_1_4.json,1.5,4,7,-6.451911,"[1.3775606451401978, -0.11536214676381343, -0.11184053296184554, -0.028794828814567713, 0.30250045451283913, 0.4442060782718241, 1.9859313674433468, 0.8430710910687543]","""2,594,3,466,1002,263,1001,205,1,180,2001,83,3001,59,2000,36,4,32,1003,29,3002,19,1000,17,3000,15,6000,9,9000,8,4000,8,2002,7,6001,7,5000,5,5001,5,5,1""",2000,3498.73,8514.14
Problem_5Sat3Gs_1_4.json,1.5,4,8,-6.451911,"[1.3775606451401978, -0.11536214676381343, -0.11184053296184554, -0.028794828814567713, 0.30250045451283913, 0.4442060782718241, 1.9859313674433468, 0.8430710910687543]","""2,599,3,420,1001,260,1002,249,1,180,2001,87,3001,51,4,39,1000,32,2000,32,1003,24,3002,20,3000,15,6001,9,2002,9,4000,7,9000,5,6000,4,5,4,5000,2""",2000,3997.01,9012.41
Problem_5Sat3Gs_1_4.json,1.5,4,9,-6.451911,"[1.3775606451401978, -0.11536214676381343, -0.11184053296184554, -0.028794828814567713, 0.30250045451283913, 0.4442060782718241, 1.9859313674433468, 0.8430710910687543]","""2,603,3,441,1002,236,1,208,1001,204,2001,85,3001,60,4,50,2000,32,1000,29,1003,28,3002,19,6001,16,2002,8,3000,8,5000,7,4000,6,6000,4,5001,3,5,1""",2000,4493.23,9508.63
Problem_5Sat3Gs_1_4.json,1.5,4,10,-6.451911,"[1.3775606451401978, -0.11536214676381343, -0.11184053296184554, -0.028794828814567713, 0.30250045451283913, 0.4442060782718241, 1.9859313674433468, 0.8430710910687543]","""2,620,3,403,1002,273,1001,195,1,189,2001,85,3001,62,2000,43,4,40,1000,32,1003,31,3002,19,3000,14,2002,12,6001,10,4000,7,9000,3,5001,3,5,3,6000,3,5000,1""",2000,4985.98,10001.39
Problem_5Sat3Gs_1_4.json,1.5,5,1,-7.379059,"[1.5381536263437323, -0.16461195518353272, -0.13433264843477266, -0.11238583030786399, -0.07754984655968976, 0.33350474032145083, -0.004301249369340886, 0.7763996808975695, 1.0719759939451428, 1.2059160687172843]","""1,953,2,531,1001,150,3,113,1000,103,1002,77,3001,22,2000,20,5000,17,2001,17,6000,12,3000,9,1003,8,4,4,3002,3,6001,3,2002,2,9000,2,5001,1,4000,1""",2000,634.05,10635.44
Problem_5Sat3Gs_1_4.json,1.5,5,2,-7.379059,"[1.5381536263437323, -0.16461195518353272, -0.13433264843477266, -0.11238583030786399, -0.07754984655968976, 0.33350474032145083, -0.004301249369340886, 0.7763996808975695, 1.0719759939451428, 1.2059160687172843]","""1,972,2,495,3,143,1001,137,1002,95,1000,86,2000,21,2001,17,3001,16,3000,14,6000,12,4,10,1003,8,5000,7,3002,6,4000,4,6001,3,5001,2""",2000,1234.93,11236.32
Problem_5Sat3Gs_1_4.json,1.5,5,3,-7.379059,"[1.5381536263437323, -0.16461195518353272, -0.13433264843477266, -0.11238583030786399, -0.07754984655968976, 0.33350474032145083, -0.004301249369340886, 0.7763996808975695, 1.0719759939451428, 1.2059160687172843]","""1,957,2,544,1001,130,3,118,1000,95,1002,77,2000,23,2001,20,5000,19,3001,15,6000,11,4,9,3000,8,1003,8,3002,8,5001,4,2002,1,6001,1""",2000,1835.86,11837.25
Problem_5Sat3Gs_1_4.json,1.5,5,4,-7.379059,"[1.5381536263437323, -0.16461195518353272, -0.13433264843477266, -0.11238583030786399, -0.07754984655968976, 0.33350474032145083, -0.004301249369340886, 0.7763996808975695, 1.0719759939451428, 1.2059160687172843]","""1,970,2,514,1001,147,3,143,1000,86,1002,70,2000,19,2001,18,6000,17,3001,15,5000,14,1003,11,4,7,3000,6,5001,3,3002,3,6001,2,2002,1,9000,1,4000,1""",2000,2434.99,12436.38
Problem_5Sat3Gs_1_4.json,1.5,5,5,-7.379059,"[1.5381536263437323, -0.16461195518353272, -0.13433264843477266, -0.11238583030786399, -0.07754984655968976, 0.33350474032145083, -0.004301249369340886, 0.7763996808975695, 1.0719759939451428, 1.2059160687172843]","""1,967,2,538,1001,147,3,116,1000,107,1002,64,5000,17,2001,15,2000,14,6000,13,3001,12,3002,12,4,7,3000,6,1003,6,5001,3,2002,2,6001,1,4000,1""",2000,3038.13,13039.52
Problem_5Sat3Gs_1_4.json,1.5,5,6,-7.379059,"[1.5381536263437323, -0.16461195518353272, -0.13433264843477266, -0.11238583030786399, -0.07754984655968976, 0.33350474032145083, -0.004301249369340886, 0.7763996808975695, 1.0719759939451428, 1.2059160687172843]","""1,966,2,511,1001,163,3,127,1000,79,1002,70,2000,28,2001,21,1003,19,5000,15,6000,11,3001,10,4,10,3000,10,4000,3,5001,2,6001,2,3002,1""",2000,3642.66,13644.05
Problem_5Sat3Gs_1_4.json,1.5,5,7,-7.379059,"[1.5381536263437323, -0.16461195518353272, -0.13433264843477266, -0.11238583030786399, -0.07754984655968976, 0.33350474032145083, -0.004301249369340886, 0.7763996808975695, 1.0719759939451428, 1.2059160687172843]","""1,979,2,520,3,147,1001,118,1000,95,1002,72,2001,23,2000,16,5000,15,3001,14,1003,11,6000,10,4,8,3000,8,3002,5,6001,2,4000,2,5001,2,2002,1""",2000,4248.57,14249.96
Problem_5Sat3Gs_1_4.json,1.5,5,8,-7.379059,"[1.5381536263437323, -0.16461195518353272, -0.13433264843477266, -0.11238583030786399, -0.07754984655968976, 0.33350474032145083, -0.004301249369340886, 0.7763996808975695, 1.0719759939451428, 1.2059160687172843]","""1,934,2,551,1001,149,3,132,1002,88,1000,82,2000,20,2001,17,3001,16,5000,12,6000,12,3000,11,4,7,3002,5,1003,5,6001,3,9000,2,4000,1,5001,1""",2000,4855.48,14856.87
Problem_5Sat3Gs_1_4.json,1.5,5,9,-7.379059,"[1.5381536263437323, -0.16461195518353272, -0.13433264843477266, -0.11238583030786399, -0.07754984655968976, 0.33350474032145083, -0.004301249369340886, 0.7763996808975695, 1.0719759939451428, 1.2059160687172843]","""1,970,2,531,1001,152,3,114,1000,92,1002,78,2001,24,2000,19,3001,16,6000,10,1003,10,3000,9,4,8,5000,8,3002,4,6001,1,5001,1,4000,1""",2000,5461.56,15462.96
Problem_5Sat3Gs_1_4.json,1.5,5,10,-7.379059,"[1.5381536263437323, -0.16461195518353272, -0.13433264843477266, -0.11238583030786399, -0.07754984655968976, 0.33350474032145083, -0.004301249369340886, 0.7763996808975695, 1.0719759939451428, 1.2059160687172843]","""1,974,2,517,1001,150,3,122,1000,89,1002,68,2000,30,2001,24,3001,18,6000,15,5000,13,1003,7,4,6,3000,5,3002,4,5001,2,2002,2,9000,1,6001,1""",2000,6069.24,16070.63
Problem_5Sat3Gs_1_4.json,1.5,6,1,-7.556522,"[1.5593069840812053, -0.1411793054535704, -0.12009579847414509, -0.12046334270447931, -0.09993564946222634, -0.0677495688591194, 0.3821830941699266, -0.1574265334678713, 0.49854749426910594, 0.7826081604421354, 1.0871559272119513, 1.1902795864360391]","""1,1056,2,528,3,125,1001,123,1000,103,1002,56,1003,10,2001,8,5000,8,2000,7,4,5,3001,4,3002,3,3000,3,6001,2,4000,2,6000,2,5001,2,9000,1""",2000,748.74,16819.37
Problem_5Sat3Gs_1_4.json,1.5,6,2,-7.556522,"[1.5593069840812053, -0.1411793054535704, -0.12009579847414509, -0.12046334270447931, -0.09993564946222634, -0.0677495688591194, 0.3821830941699266, -0.1574265334678713, 0.49854749426910594, 0.7826081604421354, 1.0871559272119513, 1.1902795864360391]","""1,1075,2,528,1001,126,3,104,1000,101,1002,55,3001,12,5000,9,2001,8,4,7,1003,7,2000,6,3002,4,3000,2,6001,1,5001,1,9000,1,6000,1""",2000,1458.95,17529.58
Problem_5Sat3Gs_1_4.json,1.5,6,3,-7.556522,"[1.5593069840812053, -0.1411793054535704, -0.12009579847414509, -0.12046334270447931, -0.09993564946222634, -0.0677495688591194, 0.3821830941699266, -0.1574265334678713, 0.49854749426910594, 0.7826081604421354, 1.0871559272119513, 1.1902795864360391]","""1,1058,2,530,1001,117,3,111,1000,98,1002,57,2001,15,3001,14,1003,11,5000,10,3000,6,2000,4,3002,4,4,3,5001,3,6001,2,6000,1,5,1,2002,1,9000,1,4000,1""",2000,2177.25,18247.88
Problem_5Sat3Gs_1_4.json,1.5,6,4,-7.556522,"[1.5593069840812053, -0.1411793054535704, -0.12009579847414509, -0.12046334270447931, -0.09993564946222634, -0.0677495688591194, 0.3821830941699266, -0.1574265334678713, 0.49854749426910594, 0.7826081604421354, 1.0871559272119513, 1.1902795864360391]","""1,1086,2,554,1001,106,3,105,1000,76,1002,49,3001,14,2000,13,4,11,2001,9,1003,8,5000,7,3000,3,4000,2,6000,1,6001,1,9000,1,5001,1,3002,1""",2000,2889.12,18959.75
Problem_5Sat3Gs_1_4.json,1.5,6,5,-7.556522,"[1.5593069840812053, -0.1411793054535704, -0.12009579847414509, -0.12046334270447931, -0.09993564946222634, -0.0677495688591194, 0.3821830941699266, -0.1574265334678713, 0.49854749426910594, 0.7826081604421354, 1.0871559272119513, 1.1902795864360391]","""1,1073,2,506,3,132,1001,125,1000,92,1002,59,5000,11,3001,9,2000,8,2001,8,4,7,1003,7,4000,4,6001,3,3000,2,3002,1,6000,1""",2000,3601.49,19672.12
Problem_5Sat3Gs_1_4.json,1.5,6,6,-7.556522,"[1.5593069840812053, -0.1411793054535704, -0.12009579847414509, -0.12046334270447931, -0.09993564946222634, -0.0677495688591194, 0.3821830941699266, -0.1574265334678713, 0.49854749426910594, 0.7826081604421354, 1.0871559272119513, 1.1902795864360391]","""1,1066,2,542,3,125,1001,119,1000,78,1002,46,3001,12,2000,11,2001,10,5000,7,1003,7,4,7,3000,6,4000,4,9000,2,3002,2,5001,2,6000,1,6001,1""",2000,4313.58,20384.20
Problem_5Sat3Gs_1_4.json,1.5,6,7,-7.556522,"[1.5593069840812053, -0.1411793054535704, -0.12009579847414509, -0.12046334270447931, -0.09993564946222634, -0.0677495688591194, 0.3821830941699266, -0.1574265334678713, 0.49854749426910594, 0.7826081604421354, 1.0871559272119513, 1.1902795864360391]","""1,1045,2,544,3,127,1001,124,1000,80,1002,56,2001,16,2000,15,3001,13,4,7,1003,5,5000,5,3000,3,3002,3,9000,2,6000,2,6001,1""",2000,5028.17,21098.80
Problem_5Sat3Gs_1_4.json,1.5,6,8,-7.556522,"[1.5593069840812053, -0.1411793054535704, -0.12009579847414509, -0.12046334270447931, -0.09993564946222634, -0.0677495688591194, 0.3821830941699266, -0.1574265334678713, 0.49854749426910594, 0.7826081604421354, 1.0871559272119513, 1.1902795864360391]","""1,1056,2,565,1001,116,3,115,1000,71,1002,58,1003,10,2001,10,2000,10,5000,9,3001,7,4,5,3000,5,3002,2,9000,2,5001,2,4000,2,2002,1,6001,1,6000,1""",2000,5739.44,21810.07
Problem_5Sat3Gs_1_4.json,1.5,6,9,-7.556522,"[1.5593069840812053, -0.1411793054535704, -0.12009579847414509, -0.12046334270447931, -0.09993564946222634, -0.0677495688591194, 0.3821830941699266, -0.1574265334678713, 0.49854749426910594, 0.7826081604421354, 1.0871559272119513, 1.1902795864360391]","""1,1025,2,572,1001,126,3,104,1000,86,1002,58,5000,12,2001,12,2000,10,3001,9,1003,8,3000,7,4,7,3002,3,9000,3,6000,2,4000,2,6001,2""",2000,6450.13,22520.76
Problem_5Sat3Gs_1_4.json,1.5,6,10,-7.556522,"[1.5593069840812053, -0.1411793054535704, -0.12009579847414509, -0.12046334270447931, -0.09993564946222634, -0.0677495688591194, 0.3821830941699266, -0.1574265334678713, 0.49854749426910594, 0.7826081604421354, 1.0871559272119513, 1.1902795864360391]","""1,1076,2,521,3,127,1001,112,1000,81,1002,60,4,12,2001,10,1003,9,2000,8,6000,7,5000,6,3001,5,3002,4,3000,3,5001,2,6001,2,2002,1,4000,1,9000,1""",2000,7159.96,23230.59
Problem_5Sat3Gs_1_4.json,1.5,7,1,-7.700993,"[1.578204582512606, -0.17925533329995205, -0.12696408719655425, -0.12606048155946137, -0.11872836423982754, -0.09794218242214708, -0.06163258209993576, 0.4691896460733316, -0.24709830212333592, 0.37402639044489816, 0.4972927131880915, 0.8027085936357581, 1.1105605301447703, 1.1670747178521388]","""1,1223,2,428,1001,141,1000,94,3,59,1002,40,2000,19,2001,8,5000,8,4,6,1003,6,6000,5,3001,3,6001,3,3000,2,3002,2,5001,1""",2000,860.75,24091.34
Problem_5Sat3Gs_1_4.json,1.5,7,2,-7.700993,"[1.578204582512606, -0.17925533329995205, -0.12696408719655425, -0.12606048155946137, -0.11872836423982754, -0.09794218242214708, -0.06163258209993576, 0.4691896460733316, -0.24709830212333592, 0.37402639044489816, 0.4972927131880915, 0.8027085936357581, 1.1105605301447703, 1.1670747178521388]","""1,1246,2,419,1001,152,1000,82,3,59,1002,34,2000,22,5000,10,3001,8,2001,7,4,4,5001,2,3000,2,2002,1""",2000,1677.85,24908.44
Problem_5Sat3Gs_1_4.json,1.5,7,3,-7.700993,"[1.578204582512606, -0.17925533329995205, -0.12696408719655425, -0.12606048155946137, -0.11872836423982754, -0.09794218242214708, -0.06163258209993576, 0.4691896460733316, -0.24709830212333592, 0.37402639044489816, 0.4972927131880915, 0.8027085936357581, 1.1105605301447703, 1.1670747178521388]","""1,1215,2,440,1001,126,1000,106,3,70,1002,40,2000,15,5000,11,4,7,2001,7,3001,4,3000,3,1003,1,3002,1,9000,1,6000,1""",2000,2488.53,25719.12
Problem_5Sat3Gs_1_4.json,1.5,7,4,-7.700993,"[1.578204582512606, -0.17925533329995205, -0.12696408719655425, -0.12606048155946137, -0.11872836423982754, -0.09794218242214708, -0.06163258209993576, 0.4691896460733316, -0.24709830212333592, 0.37402639044489816, 0.4972927131880915, 0.8027085936357581, 1.1105605301447703, 1.1670747178521388]","""1,1234,2,416,1001,130,1000,92,3,83,1002,36,2000,14,4,9,3001,8,1003,7,3000,5,2001,5,5000,4,9000,2,5,1,4000,1,5001,1""",2000,3307.48,26538.07
Problem_5Sat3Gs_1_4.json,1.5,7,5,-7.700993,"[1.578204582512606, -0.17925533329995205, -0.12696408719655425, -0.12606048155946137, -0.11872836423982754, -0.09794218242214708, -0.06163258209993576, 0.4691896460733316, -0.24709830212333592, 0.37402639044489816, 0.4972927131880915, 0.8027085936357581, 1.1105605301447703, 1.1670747178521388]","""1,1247,2,393,1001,131,1000,102,3,69,1002,43,2000,16,5000,10,2001,9,4,9,3001,8,1003,4,4000,3,9000,1,3000,1,6001,1,6000,1""",2000,4116.83,27347.42
Problem_5Sat3Gs_1_4.json,1.5,7,6,-7.700993,"[1.578204582512606, -0.17925533329995205, -0.12696408719655425, -0.12606048155946137, -0.11872836423982754, -0.09794218242214708, -0.06163258209993576, 0.4691896460733316, -0.24709830212333592, 0.37402639044489816, 0.4972927131880915, 0.8027085936357581, 1.1105605301447703, 1.1670747178521388]","""1,1227,2,418,1001,128,1000,117,3,59,1002,41,2000,14,5000,10,2001,10,4,6,3001,5,1003,3,3000,3,4000,2,6000,2,6001,1,2002,1,9000,1""",2000,4933.47,28164.05
Problem_5Sat3Gs_1_4.json,1.5,7,7,-7.700993,"[1.578204582512606, -0.17925533329995205, -0.12696408719655425, -0.12606048155946137, -0.11872836423982754, -0.09794218242214708, -0.06163258209993576, 0.4691896460733316, -0.24709830212333592, 0.37402639044489816, 0.4972927131880915, 0.8027085936357581, 1.1105605301447703, 1.1670747178521388]","""1,1256,2,405,1001,122,1000,105,3,57,1002,41,5000,16,2000,14,2001,8,3001,6,1003,4,4,4,3000,3,5001,2,9000,2,3002,1,6001,1,6000,1""",2000,5753.91,28984.50
Problem_5Sat3Gs_1_4.json,1.5,7,8,-7.700993,"[1.578204582512606, -0.17925533329995205, -0.12696408719655425, -0.12606048155946137, -0.11872836423982754, -0.09794218242214708, -0.06163258209993576, 0.4691896460733316, -0.24709830212333592, 0.37402639044489816, 0.4972927131880915, 0.8027085936357581, 1.1105605301447703, 1.1670747178521388]","""1,1254,2,405,1001,127,1000,103,3,79,1002,33,2000,12,5000,10,2001,7,3001,7,4,4,1003,3,3002,2,4000,1,9000,1""",2000,6574.35,29804.94
Problem_5Sat3Gs_1_4.json,1.5,7,9,-7.700993,"[1.578204582512606, -0.17925533329995205, -0.12696408719655425, -0.12606048155946137, -0.11872836423982754, -0.09794218242214708, -0.06163258209993576, 0.4691896460733316, -0.24709830212333592, 0.37402639044489816, 0.4972927131880915, 0.8027085936357581, 1.1105605301447703, 1.1670747178521388]","""1,1249,2,387,1001,142,1000,88,3,83,1002,36,2000,14,5000,11,3001,8,4,8,2001,6,3000,5,1003,4,4000,2,3002,2,5001,1,2002,1,6001,1""",2000,7391.40,30621.99
Problem_5Sat3Gs_1_4.json,1.5,7,10,-7.700993,"[1.578204582512606, -0.17925533329995205, -0.12696408719655425, -0.12606048155946137, -0.11872836423982754, -0.09794218242214708, -0.06163258209993576, 0.4691896460733316, -0.24709830212333592, 0.37402639044489816, 0.4972927131880915, 0.8027085936357581, 1.1105605301447703, 1.1670747178521388]","""1,1190,2,439,1001,142,1000,115,3,65,1002,33,2001,16,2000,15,5000,8,4,7,3001,4,3000,4,1003,3,3002,2,9000,2,5001,2,6000,1""",2000,8209.37,31439.96
Problem_5Sat3Gs_1_4.json,1.5,8,1,-7.786846,"[1.5657510981225717, -0.1863124032674193, -0.16429579199911892, -0.13378024434022096, -0.12695394957807626, -0.11504522471681503, -0.09061186059950453, -0.05312053481129998, 0.46278779071565374, -0.26276802339603017, 0.33823865334025366, 0.37934739836083137, 0.5808894729623479, 0.8990339786219305, 1.1117446659599033, 1.1870501883995914]","""1,1376,2,306,1000,157,1001,102,3,41,1002,20,3001,8,4,7,2000,6,5000,6,2001,5,1003,5,6000,2,5001,2,2002,2,3000,1,5,1,6001,1""",2000,972.24,32412.20
Problem_5Sat3Gs_1_4.json,1.5,8,2,-7.786846,"[1.5657510981225717, -0.1863124032674193, -0.16429579199911892, -0.13378024434022096, -0.12695394957807626, -0.11504522471681503, -0.09061186059950453, -0.05312053481129998, 0.46278779071565374, -0.26276802339603017, 0.33823865334025366, 0.37934739836083137, 0.5808894729623479, 0.8990339786219305, 1.1117446659599033, 1.1870501883995914]","""1,1357,2,302,1000,162,1001,99,3,52,1002,30,5000,11,1003,7,3001,7,2000,6,2001,6,4000,3,3000,2,3002,1,6000,1,4,1,9000,1""",2000,1894.88,33334.84
Problem_5Sat3Gs_1_4.json,1.5,8,3,-7.786846,"[1.5657510981225717, -0.1863124032674193, -0.16429579199911892, -0.13378024434022096, -0.12695394957807626, -0.11504522471681503, -0.09061186059950453, -0.05312053481129998, 0.46278779071565374, -0.26276802339603017, 0.33823865334025366, 0.37934739836083137, 0.5808894729623479, 0.8990339786219305, 1.1117446659599033, 1.1870501883995914]","""1,1356,2,318,1000,164,1001,81,1002,41,3,39,5000,16,2000,10,2001,6,4,5,6000,3,1003,3,3001,2,3000,2,9000,1,2002,1""",2000,2819.30,34259.26
Problem_5Sat3Gs_1_4.json,1.5,8,4,-7.786846,"[1.5657510981225717, -0.1863124032674193, -0.16429579199911892, -0.13378024434022096, -0.12695394957807626, -0.11504522471681503, -0.09061186059950453, -0.05312053481129998, 0.46278779071565374, -0.26276802339603017, 0.33823865334025366, 0.37934739836083137, 0.5808894729623479, 0.8990339786219305, 1.1117446659599033, 1.1870501883995914]","""1,1316,2,334,1000,158,1001,113,3,49,1002,38,5000,14,1003,5,4,5,2000,4,3002,3,3001,2,6001,2,6000,2,5001,1,2001,1,9000,1""",2000,3739.37,35179.33
Problem_5Sat3Gs_1_4.json,1.5,8,5,-7.786846,"[1.5657510981225717, -0.1863124032674193, -0.16429579199911892, -0.13378024434022096, -0.12695394957807626, -0.11504522471681503, -0.09061186059950453, -0.05312053481129998, 0.46278779071565374, -0.26276802339603017, 0.33823865334025366, 0.37934739836083137, 0.5808894729623479, 0.8990339786219305, 1.1117446659599033, 1.1870501883995914]","""1,1348,2,324,1000,168,1001,89,3,57,1002,31,5000,9,2000,5,4,5,2001,3,5001,2,3001,2,6001,1,3002,1,6000,1,2002,1,4000,1""",2000,4664.74,36104.70
Problem_5Sat3Gs_1_4.json,1.5,8,6,-7.786846,"[1.5657510981225717, -0.1863124032674193, -0.16429579199911892, -0.13378024434022096, -0.12695394957807626, -0.11504522471681503, -0.09061186059950453, -0.05312053481129998, 0.46278779071565374, -0.26276802339603017, 0.33823865334025366, 0.37934739836083137, 0.5808894729623479, 0.8990339786219305, 1.1117446659599033, 1.1870501883995914]","""1,1386,2,280,1000,149,1001,104,3,50,1002,22,5000,21,2000,10,1003,7,3001,4,4,4,2001,3,3000,2,5001,2,6000,1,4000,1,3002,1,9000,1""",2000,5588.90,37028.86
Problem_5Sat3Gs_1_4.json,1.5,8,7,-7.786846,"[1.5657510981225717, -0.1863124032674193, -0.16429579199911892, -0.13378024434022096, -0.12695394957807626, -0.11504522471681503, -0.09061186059950453, -0.05312053481129998, 0.46278779071565374, -0.26276802339603017, 0.33823865334025366, 0.37934739836083137, 0.5808894729623479, 0.8990339786219305, 1.1117446659599033, 1.1870501883995914]","""1,1366,2,297,1000,144,1001,113,3,52,1002,26,5000,21,2000,5,4,5,2001,4,1003,3,6000,3,3000,2,3002,2,3001,2,6001,1,4000,1,5001,1""",2000,6508.22,37948.18
Problem_5Sat3Gs_1_4.json,1.5,8,8,-7.786846,"[1.5657510981225717, -0.1863124032674193, -0.16429579199911892, -0.13378024434022096, -0.12695394957807626, -0.11504522471681503, -0.09061186059950453, -0.05312053481129998, 0.46278779071565374, -0.26276802339603017, 0.33823865334025366, 0.37934739836083137, 0.5808894729623479, 0.8990339786219305, 1.1117446659599033, 1.1870501883995914]","""1,1369,2,306,1000,152,1001,95,3,57,5000,21,1002,20,2001,6,4,6,1003,4,6000,4,3000,2,5,1,2000,1,6001,1,3001,1,5001,1,9000,1""",2000,7432.11,38872.07
Problem_5Sat3Gs_1_4.json,1.5,8,9,-7.786846,"[1.5657510981225717, -0.1863124032674193, -0.16429579199911892, -0.13378024434022096, -0.12695394957807626, -0.11504522471681503, -0.09061186059950453, -0.05312053481129998, 0.46278779071565374, -0.26276802339603017, 0.33823865334025366, 0.37934739836083137, 0.5808894729623479, 0.8990339786219305, 1.1117446659599033, 1.1870501883995914]","""1,1309,2,332,1000,174,1001,103,3,59,1002,21,5000,13,2001,8,6000,6,1003,4,4,4,2000,4,9000,3,5001,2,3001,2,6001,2,2002,1,3002,1""",2000,8356.16,39796.12
Problem_5Sat3Gs_1_4.json,1.5,8,10,-7.786846,"[1.5657510981225717, -0.1863124032674193, -0.16429579199911892, -0.13378024434022096, -0.12695394957807626, -0.11504522471681503, -0.09061186059950453, -0.05312053481129998, 0.46278779071565374, -0.26276802339603017, 0.33823865334025366, 0.37934739836083137, 0.5808894729623479, 0.8990339786219305, 1.1117446659599033, 1.1870501883995914]","""1,1373,2,302,1000,161,1001,102,3,45,1002,25,5000,11,4,9,2000,5,1003,3,6000,2,5,2,3001,2,4000,1,5001,1,2002,1,3002,1,2001,1,3000,1""",2000,9279.46,40719.43
Problem_5Sat3Gs_1_5.json,1.5,1,1,-5.079749,"[-0.11044433917957912, 0.5647895361821451]","""2,592,1001,407,3,290,1002,239,1,186,2000,85,2001,74,4,31,1000,31,3001,23,5000,20,3000,18,4001,15,1003,14,5001,8,3002,6,4000,5,2002,4""",194,24.05,24.05
Problem_5Sat3Gs_1_5.json,1.5,1,2,-5.079749,"[-0.11044433917957912, 0.5647895361821451]","""2,604,1001,431,3,275,1002,227,1,202,2000,77,2001,70,1000,35,4,29,3001,21,5000,19,3000,14,1003,11,4001,11,3002,10,4000,6,5001,4,2002,1,5,1""",194,40.66,40.66
Problem_5Sat3Gs_1_5.json,1.5,1,3,-5.079749,"[-0.11044433917957912, 0.5647895361821451]","""2,586,1001,420,1002,278,3,257,1,177,2000,82,2001,76,1000,35,4,28,5000,20,3000,19,3001,17,1003,13,4001,13,3002,10,5001,7,4000,7,2002,2,5,1""",194,56.94,56.94
Problem_5Sat3Gs_1_5.json,1.5,1,4,-5.079749,"[-0.11044433917957912, 0.5647895361821451]","""2,600,1001,435,3,295,1002,203,1,181,2000,103,2001,84,1000,30,4,28,3000,14,3001,14,4001,13,1003,13,5000,13,3002,8,4000,5,5001,5,2002,4""",194,73.10,73.10
Problem_5Sat3Gs_1_5.json,1.5,1,5,-5.079749,"[-0.11044433917957912, 0.5647895361821451]","""2,592,1001,397,3,280,1002,259,1,197,2000,91,2001,79,1000,42,4,26,3001,17,3000,16,5000,13,1003,9,4000,8,3002,8,5001,8,4001,5,5,1""",194,89.36,89.36
Problem_5Sat3Gs_1_5.json,1.5,1,6,-5.079749,"[-0.11044433917957912, 0.5647895361821451]","""2,557,1001,439,3,274,1002,229,1,193,2000,87,2001,85,1000,39,4,34,3001,25,3000,22,1003,17,5000,16,4001,10,5001,7,2002,6,4000,4,3002,3,5,1""",194,106.34,106.34
Problem_5Sat3Gs_1_5.json,1.5,1,7,-5.079749,"[-0.11044433917957912, 0.5647895361821451]","""2,589,1001,415,3,281,1002,242,1,192,2000,74,2001,70,1000,42,4,40,3001,22,3000,20,5000,19,4001,13,1003,12,5001,6,4000,6,3002,3,7000,1,2002,1""",194,122.52,122.52
Problem_5Sat3Gs_1_5.json,1.5,1,8,-5.079749,"[-0.11044433917957912, 0.5647895361821451]","""2,586,1001,431,3,266,1002,225,1,197,2001,97,2000,76,3001,28,1000,28,4,27,3000,20,5000,17,5001,13,1003,10,3002,9,4001,8,4000,5,5,3,2002,2""",194,138.80,138.80
Problem_5Sat3Gs_1_5.json,1.5,1,9,-5.079749,"[-0.11044433917957912, 0.5647895361821451]","""2,599,1001,451,3,263,1002,229,1,187,2000,81,2001,79,1000,36,3001,28,4,24,5000,15,3000,12,4001,11,5001,9,1003,8,4000,7,3002,5,5,2,2002,2""",194,155.22,155.22
Problem_5Sat3Gs_1_5.json,1.5,1,10,-5.079749,"[-0.11044433917957912, 0.5647895361821451]","""2,616,1001,409,3,260,1002,242,1,180,2000,94,2001,83,1000,35,4,30,3001,18,3000,18,5000,14,1003,10,3002,9,5001,9,4001,8,2002,5,4000,5,5,3""",194,171.48,171.48
Problem_5Sat3Gs_1_5.json,1.5,2,1,-5.611434,"[-0.1252063040450449, -0.0897005553137611, 0.47462939164617635, 1.0822035113049158]","""2,858,1,511,1001,294,3,145,1002,85,2001,32,1000,24,2000,15,5000,14,3000,13,5001,12,3001,11,1003,7,2002,7,4001,5,4,5,4000,5,3002,3,7000,2""",652,93.88,265.35
Problem_5Sat3Gs_1_5.json,1.5,2,2,-5.611434,"[-0.1252063040450449, -0.0897005553137611, 0.47462939164617635, 1.0822035113049158]","""2,918,1,523,1001,257,3,128,1002,77,1000,36,2001,26,5000,15,3000,13,2000,11,2002,7,3001,7,4,6,4000,5,1003,5,5001,4,4001,4,3002,3,7000,3""",652,176.80,348.28
Problem_5Sat3Gs_1_5.json,1.5,2,3,-5.611434,"[-0.1252063040450449, -0.0897005553137611, 0.47462939164617635, 1.0822035113049158]","""2,943,1,443,1001,263,3,146,1002,83,2001,40,1000,35,5000,22,3000,14,2000,11,3001,11,4001,8,5001,7,4,6,1003,5,2002,5,4000,4,7000,2""",652,257.83,429.30
Problem_5Sat3Gs_1_5.json,1.5,2,4,-5.611434,"[-0.1252063040450449, -0.0897005553137611, 0.47462939164617635, 1.0822035113049158]","""2,888,1,483,1001,265,3,162,1002,75,2001,36,1000,33,5000,21,2000,18,3001,13,3000,12,4,11,1003,10,2002,7,5001,5,7000,5,4001,3,3002,1""",652,339.83,511.31
Problem_5Sat3Gs_1_5.json,1.5,2,5,-5.611434,"[-0.1252063040450449, -0.0897005553137611, 0.47462939164617635, 1.0822035113049158]","""2,871,1,524,1001,279,3,140,1002,88,1000,38,2001,23,2000,16,3000,13,3001,10,5000,10,5001,7,1003,7,4000,6,4001,5,7000,3,4,3,3002,3,2002,2""",652,423.02,594.49
Problem_5Sat3Gs_1_5.json,1.5,2,6,-5.611434,"[-0.1252063040450449, -0.0897005553137611, 0.47462939164617635, 1.0822035113049158]","""2,918,1,485,1001,279,3,132,1002,85,1000,38,2001,22,5000,18,2000,16,3000,11,3001,8,7000,7,1003,7,4001,6,5001,5,4,4,2002,3,4000,3,3002,1""",652,503.94,675.42
Problem_5Sat3Gs_1_5.json,1.5,2,7,-5.611434,"[-0.1252063040450449, -0.0897005553137611, 0.47462939164617635, 1.0822035113049158]","""2,883,1,472,1001,307,3,142,1002,77,2001,36,1000,36,5000,19,2000,19,3000,10,3001,10,4001,7,5001,7,4,6,2002,5,1003,5,7000,3,4000,2,3002,2""",652,586.70,758.18
Problem_5Sat3Gs_1_5.json,1.5,2,8,-5.611434,"[-0.1252063040450449, -0.0897005553137611, 0.47462939164617635, 1.0822035113049158]","""2,843,1,505,1001,290,3,148,1002,94,1000,40,2001,35,3000,16,2000,15,3001,13,4001,10,1003,9,5000,9,5001,6,4,5,2002,5,4000,3,7000,2""",652,666.47,837.95
Problem_5Sat3Gs_1_5.json,1.5,2,9,-5.611434,"[-0.1252063040450449, -0.0897005553137611, 0.47462939164617635, 1.0822035113049158]","""2,822,1,530,1001,272,3,175,1002,93,1000,36,2001,27,5000,21,2000,14,3000,13,3001,12,5001,10,4,5,2002,5,4000,5,4001,4,1003,2,3002,1,7000,1""",652,748.18,919.65
Problem_5Sat3Gs_1_5.json,1.5,2,10,-5.611434,"[-0.1252063040450449, -0.0897005553137611, 0.47462939164617635, 1.0822035113049158]","""2,861,1,517,1001,286,3,144,1002,70,1000,41,2001,24,2000,22,5000,14,3000,14,3001,13,1003,10,4,8,4001,8,4000,6,3002,3,2002,3,7000,2,5001,2""",652,830.74,1002.21
Problem_5Sat3Gs_1_5.json,1.5,3,1,-5.885298,"[-0.141828675333, -0.09827852467457962, -0.07346933402330146, 0.3618370634114021, 0.8543558919108368, 1.1201048890531653]","""2,857,1,746,1001,188,3,92,1002,52,1000,33,2001,17,5000,11,2000,11,4001,11,3001,7,3000,7,2002,4,4,4,5001,3,3002,2,4000,1,1003,1,5,1""",1160,213.02,1215.24
Problem_5Sat3Gs_1_5.json,1.5,3,2,-5.885298,"[-0.141828675333, -0.09827852467457962, -0.07346933402330146, 0.3618370634114021, 0.8543558919108368, 1.1201048890531653]","""2,805,1,796,1001,190,3,98,1002,52,1000,30,2001,16,2000,15,3001,13,5000,12,4001,6,3000,4,2002,4,4,3,1003,2,3002,1,4000,1""",1160,410.29,1412.50
Problem_5Sat3Gs_1_5.json,1.5,3,3,-5.885298,"[-0.141828675333, -0.09827852467457962, -0.07346933402330146, 0.3618370634114021, 0.8543558919108368, 1.1201048890531653]","""2,854,1,740,1001,177,3,105,1000,41,1002,41,2001,18,5000,15,2000,14,3001,12,3000,9,4,5,4000,5,4001,4,2002,2,3002,2,5001,2,1003,1,7000,1""",1160,610.01,1612.22
Problem_5Sat3Gs_1_5.json,1.5,3,4,-5.885298,"[-0.141828675333, -0.09827852467457962, -0.07346933402330146, 0.3618370634114021, 0.8543558919108368, 1.1201048890531653]","""1,800,2,787,1001,198,3,93,1002,56,1000,34,2001,18,2000,11,3000,10,3001,10,5000,8,4001,8,2002,4,4,3,5001,3,4000,2,1003,1,3002,1,7000,1""",1160,806.18,1808.39
Problem_5Sat3Gs_1_5.json,1.5,3,5,-5.885298,"[-0.141828675333, -0.09827852467457962, -0.07346933402330146, 0.3618370634114021, 0.8543558919108368, 1.1201048890531653]","""2,829,1,806,1001,170,3,88,1002,47,1000,34,2001,17,2000,13,5000,8,3000,8,3001,7,2002,6,1003,5,4001,4,4000,3,5001,2,4,1""",1160,1004.47,2006.68
Problem_5Sat3Gs_1_5.json,1.5,3,6,-5.885298,"[-0.141828675333, -0.09827852467457962, -0.07346933402330146, 0.3618370634114021, 0.8543558919108368, 1.1201048890531653]","""2,836,1,756,1001,181,3,103,1002,46,1000,31,2001,21,2000,16,3001,13,5000,11,3000,10,4,7,4001,7,4000,4,3002,2,1003,2,5001,2""",1160,1204.32,2206.54
Problem_5Sat3Gs_1_5.json,1.5,3,7,-5.885298,"[-0.141828675333, -0.09827852467457962, -0.07346933402330146, 0.3618370634114021, 0.8543558919108368, 1.1201048890531653]","""2,823,1,763,1001,205,3,96,1002,51,1000,32,2000,20,2001,14,5000,12,4001,10,3000,7,3001,7,4000,4,2002,2,1003,1,5001,1""",1160,1400.83,2403.04
Problem_5Sat3Gs_1_5.json,1.5,3,8,-5.885298,"[-0.141828675333, -0.09827852467457962, -0.07346933402330146, 0.3618370634114021, 0.8543558919108368, 1.1201048890531653]","""2,892,1,767,1001,160,3,74,1002,45,1000,30,2001,24,2000,12,3000,9,5000,8,4001,7,3001,7,4,6,2002,2,1003,1,5001,1,7000,1,4000,1,3002,1""",1160,1597.71,2599.93
Problem_5Sat3Gs_1_5.json,1.5,3,9,-5.885298,"[-0.141828675333, -0.09827852467457962, -0.07346933402330146, 0.3618370634114021, 0.8543558919108368, 1.1201048890531653]","""2,837,1,769,1001,191,3,85,1002,53,1000,31,2001,20,5000,15,2000,11,4,8,4001,7,3001,7,3000,5,5001,3,2002,2,4000,2,1003,2""",1160,1794.35,2796.56
Problem_5Sat3Gs_1_5.json,1.5,3,10,-5.885298,"[-0.141828675333, -0.09827852467457962, -0.07346933402330146, 0.3618370634114021, 0.8543558919108368, 1.1201048890531653]","""2,832,1,790,1001,192,3,82,1002,39,1000,34,2000,14,2001,14,3000,10,5000,9,3001,8,4000,7,4,7,2002,4,4001,3,5001,2,1003,1""",1160,1989.74,2991.95
Problem_5Sat3Gs_1_5.json,1.5,4,1,-6.107989,"[-0.13950056430024738, -0.10308764812052514, -0.09033040774789616, -0.06988244660736515, 0.3165969360658344, 0.6135387601852899, 0.8917363917896295, 1.1963588078222882]","""1,1032,2,693,1001,129,3,67,1000,37,1002,29,2000,16,2001,13,4001,9,5000,7,3001,7,3000,4,4,4,2002,1""",2000,446.92,3438.87
Problem_5Sat3Gs_1_5.json,1.5,4,2,-6.107989,"[-0.13950056430024738, -0.10308764812052514, -0.09033040774789616, -0.06988244660736515, 0.3165969360658344, 0.6135387601852899, 0.8917363917896295, 1.1963588078222882]","""1,1027,2,717,1001,133,3,61,1000,38,1002,19,2000,18,2001,13,2002,4,3001,4,1003,4,5000,3,4001,3,3000,3,4000,1""",2000,877.68,3869.63
Problem_5Sat3Gs_1_5.json,1.5,4,3,-6.107989,"[-0.13950056430024738, -0.10308764812052514, -0.09033040774789616, -0.06988244660736515, 0.3165969360658344, 0.6135387601852899, 0.8917363917896295, 1.1963588078222882]","""1,1027,2,725,1001,145,3,52,1000,35,1002,14,2000,12,2001,11,4001,6,5000,5,2002,4,4,4,7000,2,5,2,3001,2,3000,2""",2000,1306.45,4298.40
Problem_5Sat3Gs_1_5.json,1.5,4,4,-6.107989,"[-0.13950056430024738, -0.10308764812052514, -0.09033040774789616, -0.06988244660736515, 0.3165969360658344, 0.6135387601852899, 0.8917363917896295, 1.1963588078222882]","""1,1058,2,682,1001,141,3,54,1000,40,1002,24,2001,18,2000,8,3000,6,3001,5,5000,5,4001,4,4000,2,5001,1""",2000,1734.00,4725.96
Problem_5Sat3Gs_1_5.json,1.5,4,5,-6.107989,"[-0.13950056430024738, -0.10308764812052514, -0.09033040774789616, -0.06988244660736515, 0.3165969360658344, 0.6135387601852899, 0.8917363917896295, 1.1963588078222882]","""1,999,2,745,1001,124,3,70,1000,28,2001,22,1002,16,2000,15,4001,6,5000,5,3000,5,3001,3,2002,3,4000,2,1003,2,5001,2,4,1""",2000,2161.98,5153.93
Problem_5Sat3Gs_1_5.json,1.5,4,6,-6.107989,"[-0.13950056430024738, -0.10308764812052514, -0.09033040774789616, -0.06988244660736515, 0.3165969360658344, 0.6135387601852899, 0.8917363917896295, 1.1963588078222882]","""1,1039,2,729,1001,134,3,39,1000,30,1002,22,2001,12,2000,9,3001,8,4000,6,5000,6,4001,4,4,3,2002,2,3000,2,3002,1,7000,1,5001,1""",2000,2588.71,5580.67
Problem_5Sat3Gs_1_5.json,1.5,4,7,-6.107989,"[-0.13950056430024738, -0.10308764812052514, -0.09033040774789616, -0.06988244660736515, 0.3165969360658344, 0.6135387601852899, 0.8917363917896295, 1.1963588078222882]","""1,1056,2,667,1001,160,3,61,1000,36,1002,19,2001,14,2000,13,3001,9,4001,4,5000,2,2002,2,3000,1,4,1,4000,1,7000,1,5001,1""",2000,3017.48,6009.43
Problem_5Sat3Gs_1_5.json,1.5,4,8,-6.107989,"[-0.13950056430024738, -0.10308764812052514, -0.09033040774789616, -0.06988244660736515, 0.3165969360658344, 0.6135387601852899, 0.8917363917896295, 1.1963588078222882]","""1,1026,2,719,1001,120,3,56,1000,35,2000,22,1002,21,2001,19,5000,8,4001,6,3000,4,4,3,3001,3,5001,2,4000,2,1003,1,3002,1""",2000,3445.29,6437.24
Problem_5Sat3Gs_1_5.json,1.5,4,9,-6.107989,"[-0.13950056430024738, -0.10308764812052514, -0.09033040774789616, -0.06988244660736515, 0.3165969360658344, 0.6135387601852899, 0.8917363917896295, 1.1963588078222882]","""1,1036,2,696,1001,146,3,54,1000,33,1002,25,2001,15,2000,15,3001,7,4001,5,2002,4,5000,3,4,3,3000,3,5001,2,4000,1""",2000,3875.95,6867.90
Problem_5Sat3Gs_1_5.json,1.5,4,10,-6.107989,"[-0.13950056430024738, -0.10308764812052514, -0.09033040774789616, -0.06988244660736515, 0.3165969360658344, 0.6135387601852899, 0.8917363917896295, 1.1963588078222882]","""1,1026,2,708,1001,153,3,64,1000,35,2001,14,1002,13,2000,9,3001,7,5000,5,3000,4,4,3,4001,3,2002,1,5001,1,3002,1,4000,1""",2000,4304.58,7296.53
Problem_5Sat3Gs_1_5.json,1.5,5,1,-6.260127,"[-0.14614260037669588, -0.09969786406510166, -0.10287075782648901, -0.09039183916767324, -0.061511023294563594, 0.3214096987253149, 0.5429117929768571, 0.6864810866631217, 1.0334269446484858, 1.2075628372127611]","""1,1222,2,568,1001,136,1000,56,3,31,1002,9,2000,5,2001,4,3000,4,5000,3,5001,2,4000,2,4001,2,4,2,3001,1,5,1""",1862,506.48,7803.01
Problem_5Sat3Gs_1_5.json,1.5,5,2,-6.260127,"[-0.14614260037669588, -0.09969786406510166, -0.10287075782648901, -0.09039183916767324, -0.061511023294563594, 0.3214096987253149, 0.5429117929768571, 0.6864810866631217, 1.0334269446484858, 1.2075628372127611]","""1,1251,2,524,1001,138,1000,58,3,32,1002,22,2001,7,2000,6,4001,3,3001,2,3000,2,4000,2,3002,1""",1862,991.08,8287.61
Problem_5Sat3Gs_1_5.json,1.5,5,3,-6.260127,"[-0.14614260037669588, -0.09969786406510166, -0.10287075782648901, -0.09039183916767324, -0.061511023294563594, 0.3214096987253149, 0.5429117929768571, 0.6864810866631217, 1.0334269446484858, 1.2075628372127611]","""1,1225,2,541,1001,136,1000,48,3,35,1002,22,4001,13,2000,9,2001,6,3001,6,4000,2,3000,2,5,1,5001,1,4,1""",1862,1474.88,8771.41
Problem_5Sat3Gs_1_5.json,1.5,5,4,-6.260127,"[-0.14614260037669588, -0.09969786406510166, -0.10287075782648901, -0.09039183916767324, -0.061511023294563594, 0.3214096987253149, 0.5429117929768571, 0.6864810866631217, 1.0334269446484858, 1.2075628372127611]","""1,1273,2,506,1001,124,1000,56,3,36,1002,24,2000,9,2001,5,4001,4,4000,3,5000,3,3000,2,3001,2,1003,1""",1862,1960.52,9257.04
Problem_5Sat3Gs_1_5.json,1.5,5,5,-6.260127,"[-0.14614260037669588, -0.09969786406510166, -0.10287075782648901, -0.09039183916767324, -0.061511023294563594, 0.3214096987253149, 0.5429117929768571, 0.6864810866631217, 1.0334269446484858, 1.2075628372127611]","""1,1282,2,531,1001,117,1000,43,1002,21,3,21,2000,10,2001,5,3001,4,4000,3,5000,3,4001,3,3002,2,1003,1,5001,1,3000,1""",1862,2444.37,9740.90
Problem_5Sat3Gs_1_5.json,1.5,5,6,-6.260127,"[-0.14614260037669588, -0.09969786406510166, -0.10287075782648901, -0.09039183916767324, -0.061511023294563594, 0.3214096987253149, 0.5429117929768571, 0.6864810866631217, 1.0334269446484858, 1.2075628372127611]","""1,1263,2,548,1001,105,1000,42,3,36,1002,18,2000,8,4001,5,4000,5,3001,5,2001,4,3000,4,5000,2,4,1,3002,1,5,1""",1862,2930.76,10227.29
Problem_5Sat3Gs_1_5.json,1.5,5,7,-6.260127,"[-0.14614260037669588, -0.09969786406510166, -0.10287075782648901, -0.09039183916767324, -0.061511023294563594, 0.3214096987253149, 0.5429117929768571, 0.6864810866631217, 1.0334269446484858, 1.2075628372127611]","""1,1268,2,532,1001,111,1000,42,3,30,1002,28,3001,8,2000,8,4001,5,4000,5,2001,3,5000,2,4,2,7000,1,2002,1,3000,1,5001,1""",1862,3415.37,10711.90
Problem_5Sat3Gs_1_5.json,1.5,5,8,-6.260127,"[-0.14614260037669588, -0.09969786406510166, -0.10287075782648901, -0.09039183916767324, -0.061511023294563594, 0.3214096987253149, 0.5429117929768571, 0.6864810866631217, 1.0334269446484858, 1.2075628372127611]","""1,1242,2,524,1001,125,3,41,1000,40,1002,29,4001,10,2000,7,3001,6,2001,5,4000,4,3000,4,4,3,5000,3,5001,2,1003,2,2002,1""",1862,3900.49,11197.01
Problem_5Sat3Gs_1_5.json,1.5,5,9,-6.260127,"[-0.14614260037669588, -0.09969786406510166, -0.10287075782648901, -0.09039183916767324, -0.061511023294563594, 0.3214096987253149, 0.5429117929768571, 0.6864810866631217, 1.0334269446484858, 1.2075628372127611]","""1,1257,2,549,1001,128,1000,45,3,27,1002,19,2000,5,2001,5,5000,3,4000,2,4,2,5001,2,4001,2,1003,1,3001,1""",1862,4384.23,11680.76
Problem_5Sat3Gs_1_5.json,1.5,5,10,-6.260127,"[-0.14614260037669588, -0.09969786406510166, -0.10287075782648901, -0.09039183916767324, -0.061511023294563594, 0.3214096987253149, 0.5429117929768571, 0.6864810866631217, 1.0334269446484858, 1.2075628372127611]","""1,1245,2,554,1001,133,1000,49,3,22,1002,18,2000,7,4000,6,2001,4,4,3,3000,2,1003,1,5001,1,7000,1,3001,1,4001,1""",1862,4862.08,12158.61
Problem_5Sat3Gs_1_5.json,1.5,6,1,-6.347200,"[-0.15996270923633232, -0.11200190922576102, -0.10029049133338744, -0.09691515311787187, -0.07766874600023359, -0.052520892777071164, 0.31032471863298244, 0.562720134786371, 0.620316639476518, 0.8143531611179532, 1.018349624884224, 1.0963547545260786]","""1,1389,2,413,1001,130,1000,56,3,29,1002,8,2001,8,5000,5,4001,3,2000,2,2002,1,4,1,3000,1,7000,1,5001,1""",2000,638.43,12797.04
Problem_5Sat3Gs_1_5.json,1.5,6,2,-6.347200,"[-0.15996270923633232, -0.11200190922576102, -0.10029049133338744, -0.09691515311787187, -0.07766874600023359, -0.052520892777071164, 0.31032471863298244, 0.562720134786371, 0.620316639476518, 0.8143531611179532, 1.018349624884224, 1.0963547545260786]","""1,1387,2,394,1001,135,1000,53,3,34,1002,17,2001,7,2000,5,4000,4,3000,4,7000,2,5000,2,4,2,4001,2""",2000,1249.23,13407.84
Problem_5Sat3Gs_1_5.json,1.5,6,3,-6.347200,"[-0.15996270923633232, -0.11200190922576102, -0.10029049133338744, -0.09691515311787187, -0.07766874600023359, -0.052520892777071164, 0.31032471863298244, 0.562720134786371, 0.620316639476518, 0.8143531611179532, 1.018349624884224, 1.0963547545260786]","""1,1394,2,422,1001,114,1000,64,3,19,1002,10,2001,5,4001,5,2000,5,5001,3,5000,3,3001,2,3000,2""",2000,1859.27,14017.88
Problem_5Sat3Gs_1_5.json,1.5,6,4,-6.347200,"[-0.15996270923633232, -0.11200190922576102, -0.10029049133338744, -0.09691515311787187, -0.07766874600023359, -0.052520892777071164, 0.31032471863298244, 0.562720134786371, 0.620316639476518, 0.8143531611179532, 1.018349624884224, 1.0963547545260786]","""1,1356,2,441,1001,134,1000,51,3,23,1002,15,2000,13,3000,5,4001,3,5000,2,1003,1,4000,1,4,1,2001,1,5001,1""",2000,2468.59,14627.20
Problem_5Sat3Gs_1_5.json,1.5,6,5,-6.266038,"[-0.14714578123148775, -0.0996094932190319, -0.10323801372143804, -0.09122744806851428, -0.03728498179327796, -0.027435740141802983, 0.32302394707270693, 0.543128728341114, 0.6779865472804684, 1.021841518898686, 1.153824336313792, 0.17873917338364598]","""1,1289,2,523,1001,126,1000,43,3,22,1002,18,2001,7,2000,4,4000,4,4001,4,3001,3,5001,2,4,1,3000,1,5000,1""",2000,3076.06,15234.67
Problem_5Sat3Gs_1_5.json,1.5,6,6,-6.266038,"[-0.14714578123148775, -0.0996094932190319, -0.10323801372143804, -0.09122744806851428, -0.03728498179327796, -0.027435740141802983, 0.32302394707270693, 0.543128728341114, 0.6779865472804684, 1.021841518898686, 1.153824336313792, 0.17873917338364598]","""1,1249,2,559,1001,133,1000,39,3,24,1002,13,2001,7,2000,6,4001,6,3000,3,4000,2,3001,2,7000,1,5000,1,5,1,5001,1,4,1""",2000,3690.47,15849.08
Problem_5Sat3Gs_1_5.json,1.5,6,7,-6.266038,"[-0.14714578123148775, -0.0996094932190319, -0.10323801372143804, -0.09122744806851428, -0.03728498179327796, -0.027435740141802983, 0.32302394707270693, 0.543128728341114, 0.6779865472804684, 1.021841518898686, 1.153824336313792, 0.17873917338364598]","""1,1281,2,506,1001,123,3,43,1000,43,1002,19,2001,6,2000,5,3000,5,4001,4,4000,3,5000,3,3002,2,3001,2,7000,1,4,1,5001,1""",2000,4296.20,16454.81
Problem_5Sat3Gs_1_5.json,1.5,6,8,-6.347200,"[-0.15996270923633232, -0.11200190922576102, -0.10029049133338744, -0.09691515311787187, -0.07766874600023359, -0.052520892777071164, 0.31032471863298244, 0.562720134786371, 0.620316639476518, 0.8143531611179532, 1.018349624884224, 1.0963547545260786]","""1,1394,2,392,1001,132,1000,74,3,23,1002,13,2000,4,3000,3,5000,3,4000,3,4001,3,2001,3,5001,1""",2000,4902.53,17061.14
Problem_5Sat3Gs_1_5.json,1.5,6,9,-6.347200,"[-0.15996270923633232, -0.11200190922576102, -0.10029049133338744, -0.09691515311787187, -0.07766874600023359, -0.052520892777071164, 0.31032471863298244, 0.562720134786371, 0.620316639476518, 0.8143531611179532, 1.018349624884224, 1.0963547545260786]","""1,1364,2,426,1001,124,1000,63,3,26,1002,13,5000,8,2001,7,2000,7,4000,4,3000,2,5001,2,3001,1,4001,1""",2000,5511.72,17670.33
Problem_5Sat3Gs_1_5.json,1.5,6,10,-6.266038,"[-0.14714578123148775, -0.0996094932190319, -0.10323801372143804, -0.09122744806851428, -0.03728498179327796, -0.027435740141802983, 0.32302394707270693, 0.543128728341114, 0.6779865472804684, 1.021841518898686, 1.153824336313792, 0.17873917338364598]","""1,1296,2,511,1001,116,1000,43,3,31,1002,24,2000,8,2001,4,5000,4,4000,3,5001,2,4,2,2002,1,3000,1,4001,1,3001,1""",2000,6116.40,18275.01
Problem_5Sat3Gs_1_5.json,1.5,7,1,-6.424208,"[-0.17058293132116054, -0.12928855419449095, -0.1039496986306208, -0.10226530594268092, -0.08490130469781969, -0.07025657261410576, -0.048520395554244464, 0.30046231732787393, 0.5615859339059361, 0.6102516294506999, 0.718981214186352, 0.8500368603004409, 0.9659821680907328, 1.0179647682463115]","""1,1517,2,294,1001,102,1000,87,3,17,1002,9,2000,4,5000,4,4001,3,4000,3,4,2,1003,1,3001,1,3000,1,3002,1,2001,1,5001,1""",2000,733.46,19008.47
Problem_5Sat3Gs_1_5.json,1.5,7,2,-6.424208,"[-0.17058293132116054, -0.12928855419449095, -0.1039496986306208, -0.10226530594268092, -0.08490130469781969, -0.07025657261410576, -0.048520395554244464, 0.30046231732787393, 0.5615859339059361, 0.6102516294506999, 0.718981214186352, 0.8500368603004409, 0.9659821680907328, 1.0179647682463115]","""1,1486,2,308,1000,103,1001,99,3,19,1002,12,2001,7,5000,6,2000,3,4000,3,3001,1,3000,1""",2000,1427.80,19702.80
Problem_5Sat3Gs_1_5.json,1.5,7,3,-6.424208,"[-0.17058293132116054, -0.12928855419449095, -0.1039496986306208, -0.10226530594268092, -0.08490130469781969, -0.07025657261410576, -0.048520395554244464, 0.30046231732787393, 0.5615859339059361, 0.6102516294506999, 0.718981214186352, 0.8500368603004409, 0.9659821680907328, 1.0179647682463115]","""1,1514,2,282,1001,108,1000,81,3,22,1002,19,2000,5,3001,3,2001,3,5000,3,3000,2,5001,2,4001,2,4000,1,2002,1""",2000,2129.28,20404.28
Problem_5Sat3Gs_1_5.json,1.5,7,4,-6.424208,"[-0.17058293132116054, -0.12928855419449095, -0.1039496986306208, -0.10226530594268092, -0.08490130469781969, -0.07025657261410576, -0.048520395554244464, 0.30046231732787393, 0.5615859339059361, 0.6102516294506999, 0.718981214186352, 0.8500368603004409, 0.9659821680907328, 1.0179647682463115]","""1,1476,2,341,1001,99,1000,81,3,13,1002,11,2000,9,5000,7,5001,5,2001,4,7000,1,4,1""",2000,2828.35,21103.36
Problem_5Sat3Gs_1_5.json,1.5,7,5,-6.424208,"[-0.17058293132116054, -0.12928855419449095, -0.1039496986306208, -0.10226530594268092, -0.08490130469781969, -0.07025657261410576, -0.048520395554244464, 0.30046231732787393, 0.5615859339059361, 0.6102516294506999, 0.718981214186352, 0.8500368603004409, 0.9659821680907328, 1.0179647682463115]","""1,1493,2,290,1001,109,1000,84,3,28,1002,12,2001,6,2000,5,5000,5,5001,3,3001,3,3000,3,4,2,4001,2,7000,1,1003,1,4000,1""",2000,3524.47,21799.48
Problem_5Sat3Gs_1_5.json,1.5,7,6,-6.424208,"[-0.17058293132116054, -0.12928855419449095, -0.1039496986306208, -0.10226530594268092, -0.08490130469781969, -0.07025657261410576, -0.048520395554244464, 0.30046231732787393, 0.5615859339059361, 0.6102516294506999, 0.718981214186352, 0.8500368603004409, 0.9659821680907328, 1.0179647682463115]","""1,1481,2,315,1001,104,1000,81,3,28,1002,12,2000,8,2001,7,5000,6,4000,2,3000,1,3002,1,4001,1,5001,1""",2000,4225.93,22500.94
Problem_5Sat3Gs_1_5.json,1.5,7,7,-6.424208,"[-0.17058293132116054, -0.12928855419449095, -0.1039496986306208, -0.10226530594268092, -0.08490130469781969, -0.07025657261410576, -0.048520395554244464, 0.30046231732787393, 0.5615859339059361, 0.6102516294506999, 0.718981214186352, 0.8500368603004409, 0.9659821680907328, 1.0179647682463115]","""1,1498,2,325,1001,97,1000,73,3,20,1002,12,2000,6,2001,6,3000,4,5000,3,5001,3,4,1""",2000,4925.89,23200.89
Problem_5Sat3Gs_1_5.json,1.5,7,8,-6.424208,"[-0.17058293132116054, -0.12928855419449095, -0.1039496986306208, -0.10226530594268092, -0.08490130469781969, -0.07025657261410576, -0.048520395554244464, 0.30046231732787393, 0.5615859339059361, 0.6102516294506999, 0.718981214186352, 0.8500368603004409, 0.9659821680907328, 1.0179647682463115]","""1,1519,2,299,1001,89,1000,80,3,26,1002,13,2000,9,5000,4,2001,3,3000,2,5001,1,3001,1,4000,1,7000,1""",2000,5624.58,23899.59
Problem_5Sat3Gs_1_5.json,1.5,7,9,-6.424208,"[-0.17058293132116054, -0.12928855419449095, -0.1039496986306208, -0.10226530594268092, -0.08490130469781969, -0.07025657261410576, -0.048520395554244464, 0.30046231732787393, 0.5615859339059361, 0.6102516294506999, 0.718981214186352, 0.8500368603004409, 0.9659821680907328, 1.0179647682463115]","""1,1501,2,288,1001,110,1000,99,3,22,1002,8,2001,6,2000,6,3000,4,5000,2,3001,1,4,1""",2000,6326.88,24601.89
Problem_5Sat3Gs_1_5.json,1.5,7,10,-6.424208,"[-0.17058293132116054, -0.12928855419449095, -0.1039496986306208, -0.10226530594268092, -0.08490130469781969, -0.07025657261410576, -0.048520395554244464, 0.30046231732787393, 0.5615859339059361, 0.6102516294506999, 0.718981214186352, 0.8500368603004409, 0.9659821680907328, 1.0179647682463115]","""1,1481,2,332,1001,98,1000,81,3,22,1002,11,2000,5,2001,4,5000,4,4001,3,3001,2,5001,2,3000,2,4000,1""",2000,7028.36,25303.37
Problem_5Sat3Gs_1_5.json,1.5,8,1,-6.503330,"[-0.16953068948800276, -0.14149947877779936, -0.12382457774180124, -0.1059945475799458, -0.08611972118022751, -0.08232820484600445, -0.07346903919458385, -0.0492630614261378, 0.267241374335976, 0.5255033430204921, 0.6228416428471889, 0.7012433207733421, 0.7244168151482064, 0.7745747987413385, 0.9796090917316724, 1.1170170938516981]","""1,1598,2,231,1000,117,1001,56,3,15,1002,11,2000,8,2001,3,4001,3,4000,2,5000,1,5001,1,3000,1,3001,1""",2000,830.59,26133.97
Problem_5Sat3Gs_1_5.json,1.5,8,2,-6.503330,"[-0.16953068948800276, -0.14149947877779936, -0.12382457774180124, -0.1059945475799458, -0.08611972118022751, -0.08232820484600445, -0.07346903919458385, -0.0492630614261378, 0.267241374335976, 0.5255033430204921, 0.6228416428471889, 0.7012433207733421, 0.7244168151482064, 0.7745747987413385, 0.9796090917316724, 1.1170170938516981]","""1,1581,2,232,1000,117,1001,64,3,24,2000,11,1002,8,2001,4,3000,3,5000,2,1003,1,5001,1""",2000,1617.08,26920.45
Problem_5Sat3Gs_1_5.json,1.5,8,3,-6.503330,"[-0.16953068948800276, -0.14149947877779936, -0.12382457774180124, -0.1059945475799458, -0.08611972118022751, -0.08232820484600445, -0.07346903919458385, -0.0492630614261378, 0.267241374335976, 0.5255033430204921, 0.6228416428471889, 0.7012433207733421, 0.7244168151482064, 0.7745747987413385, 0.9796090917316724, 1.1170170938516981]","""1,1581,2,246,1000,108,1001,53,3,24,1002,12,2000,8,2001,5,3000,5,1003,1,5000,1,5001,1,7000,1,4001,1,4,1""",2000,2406.52,27709.89
Problem_5Sat3Gs_1_5.json,1.5,8,4,-6.503330,"[-0.16953068948800276, -0.14149947877779936, -0.12382457774180124, -0.1059945475799458, -0.08611972118022751, -0.08232820484600445, -0.07346903919458385, -0.0492630614261378, 0.267241374335976, 0.5255033430204921, 0.6228416428471889, 0.7012433207733421, 0.7244168151482064, 0.7745747987413385, 0.9796090917316724, 1.1170170938516981]","""1,1598,2,247,1000,119,1001,48,3,20,1002,7,2000,4,3000,2,2001,2,4001,1""",2000,3196.95,28500.33
Problem_5Sat3Gs_1_5.json,1.5,8,5,-6.503330,"[-0.16953068948800276, -0.14149947877779936, -0.12382457774180124, -0.1059945475799458, -0.08611972118022751, -0.08232820484600445, -0.07346903919458385, -0.0492630614261378, 0.267241374335976, 0.5255033430204921, 0.6228416428471889, 0.7012433207733421, 0.7244168151482064, 0.7745747987413385, 0.9796090917316724, 1.1170170938516981]","""1,1590,2,209,1000,145,1001,53,3,18,2000,12,1002,7,2001,5,5000,3,3000,2,4,2,4000,1,4001,1""",2000,3985.78,29289.15
Problem_5Sat3Gs_1_5.json,1.5,8,6,-6.503330,"[-0.16953068948800276, -0.14149947877779936, -0.12382457774180124, -0.1059945475799458, -0.08611972118022751, -0.08232820484600445, -0.07346903919458385, -0.0492630614261378, 0.267241374335976, 0.5255033430204921, 0.6228416428471889, 0.7012433207733421, 0.7244168151482064, 0.7745747987413385, 0.9796090917316724, 1.1170170938516981]","""1,1629,2,207,1000,109,1001,63,3,20,2000,11,1002,5,3000,2,5000,1,1003,1""",2000,4775.94,30079.31
Problem_5Sat3Gs_1_5.json,1.5,8,7,-6.503330,"[-0.16953068948800276, -0.14149947877779936, -0.12382457774180124, -0.1059945475799458, -0.08611972118022751, -0.08232820484600445, -0.07346903919458385, -0.0492630614261378, 0.267241374335976, 0.5255033430204921, 0.6228416428471889, 0.7012433207733421, 0.7244168151482064, 0.7745747987413385, 0.9796090917316724, 1.1170170938516981]","""1,1591,2,227,1000,125,1001,61,3,23,1002,9,2000,4,5000,3,3000,1,1003,1,7000,1,5001,1,4001,1""",2000,5566.43,30869.81
Problem_5Sat3Gs_1_5.json,1.5,8,8,-6.503330,"[-0.16953068948800276, -0.14149947877779936, -0.12382457774180124, -0.1059945475799458, -0.08611972118022751, -0.08232820484600445, -0.07346903919458385, -0.0492630614261378, 0.267241374335976, 0.5255033430204921, 0.6228416428471889, 0.7012433207733421, 0.7244168151482064, 0.7745747987413385, 0.9796090917316724, 1.1170170938516981]","""1,1630,2,220,1000,89,1001,67,3,12,2000,11,1002,11,3001,3,2001,2,5001,2,4001,1""",2000,6351.43,31654.80
Problem_5Sat3Gs_1_5.json,1.5,8,9,-6.503330,"[-0.16953068948800276, -0.14149947877779936, -0.12382457774180124, -0.1059945475799458, -0.08611972118022751, -0.08232820484600445, -0.07346903919458385, -0.0492630614261378, 0.267241374335976, 0.5255033430204921, 0.6228416428471889, 0.7012433207733421, 0.7244168151482064, 0.7745747987413385, 0.9796090917316724, 1.1170170938516981]","""1,1597,2,247,1000,95,1001,62,3,21,1002,10,2000,6,2001,5,5000,1,3001,1,5,1,5001,1,3000,1""",2000,7146.13,32449.50
Problem_5Sat3Gs_1_5.json,1.5,8,10,-6.503330,"[-0.16953068948800276, -0.14149947877779936, -0.12382457774180124, -0.1059945475799458, -0.08611972118022751, -0.08232820484600445, -0.07346903919458385, -0.0492630614261378, 0.267241374335976, 0.5255033430204921, 0.6228416428471889, 0.7012433207733421, 0.7244168151482064, 0.7745747987413385, 0.9796090917316724, 1.1170170938516981]","""1,1598,2,208,1000,132,1001,71,3,12,1002,11,2000,9,2001,3,4001,1,5001,1,5000,1,1003,1""",2000,7932.19,33235.56
Problem_5Sat3Gs_1_8.json,1.5,1,1,-5.723323,"[-0.11301612655364272, 0.5146078837672028]","""2,442,1002,360,1001,305,3,284,1,217,2001,151,1000,89,4,32,3000,32,2000,30,3001,21,1003,20,3002,14,5001,11,4000,10,6000,10,4001,9,5000,8,6001,2,2002,1""",144,20.87,20.87
Problem_5Sat3Gs_1_8.json,1.5,1,2,-5.723323,"[-0.11301612655364272, 0.5146078837672028]","""2,447,1002,335,1001,330,3,306,1,209,2001,134,1000,107,4,37,3000,26,2000,24,1003,18,3002,16,3001,14,5000,9,4000,8,4001,7,6001,7,5001,6,2002,4,6000,3,5,1""",144,33.92,33.92
Problem_5Sat3Gs_1_8.json,1.5,1,3,-5.723323,"[-0.11301612655364272, 0.5146078837672028]","""2,462,1002,347,1001,312,3,290,1,216,2001,117,1000,104,2000,35,3000,35,4,31,1003,23,3001,16,5001,12,5000,11,4000,9,3002,9,6000,5,4001,5,6001,4,2002,2,5,2,8000,1""",144,47.38,47.38
Problem_5Sat3Gs_1_8.json,1.5,1,4,-5.723323,"[-0.11301612655364272, 0.5146078837672028]","""2,459,1001,323,1002,315,3,295,1,228,2001,140,1000,78,4,41,2000,37,3000,36,1003,21,3001,17,3002,17,4000,11,4001,10,5000,6,6001,5,5001,4,6000,3,8000,1,5,1""",144,60.32,60.33
Problem_5Sat3Gs_1_8.json,1.5,1,5,-5.723323,"[-0.11301612655364272, 0.5146078837672028]","""2,486,1002,347,1001,319,3,289,1,213,2001,135,1000,84,4,34,3000,25,2000,24,3001,19,3002,18,1003,11,5001,10,5000,8,6001,7,4001,6,4000,5,6000,4,2002,2,5,1,8000,1""",144,73.23,73.23
Problem_5Sat3Gs_1_8.json,1.5,1,6,-5.723323,"[-0.11301612655364272, 0.5146078837672028]","""2,423,1002,327,1001,312,3,303,1,220,2001,139,1000,113,4,45,2000,33,1003,28,3000,23,3001,23,3002,18,4000,8,6001,8,5001,8,4001,6,5000,5,5,2,2002,2,8000,1,6000,1""",144,86.17,86.17
Problem_5Sat3Gs_1_8.json,1.5,1,7,-5.723323,"[-0.11301612655364272, 0.5146078837672028]","""2,453,1002,332,1001,324,3,265,1,224,2001,150,1000,95,4,40,2000,36,3000,27,1003,19,3001,17,3002,13,6000,12,5001,11,5000,11,4000,6,4001,6,2002,4,8000,2,6001,1""",144,99.28,99.29
Problem_5Sat3Gs_1_8.json,1.5,1,8,-5.723323,"[-0.11301612655364272, 0.5146078837672028]","""2,451,1002,323,1001,319,3,302,1,228,2001,155,1000,90,2000,34,4,32,3000,19,3001,17,1003,14,3002,14,5001,11,4001,8,2002,6,5000,6,6000,5,4000,5,6001,4,5,4,8000,1""",144,112.24,112.24
Problem_5Sat3Gs_1_8.json,1.5,1,9,-5.723323,"[-0.11301612655364272, 0.5146078837672028]","""2,443,1002,335,1001,313,3,307,1,237,2001,137,1000,88,4,34,2000,31,3000,23,1003,18,3001,16,3002,16,5001,13,4000,11,6000,8,5000,7,4001,6,6001,4,2002,1""",144,125.14,125.14
Problem_5Sat3Gs_1_8.json,1.5,1,10,-5.723323,"[-0.11301612655364272, 0.5146078837672028]","""2,507,1001,317,1002,307,3,281,1,213,2001,126,1000,107,2000,36,4,26,3000,24,3002,19,3001,19,1003,17,4000,13,5001,12,4001,7,6001,5,5000,4,2002,3,6000,2,8000,2,5,1""",144,138.13,138.13
Problem_5Sat3Gs_1_8.json,1.5,2,1,-6.303917,"[-0.12837637837494312, -0.09716546797320774, 0.43502493536832026, 1.0507155595274664]","""2,633,1,584,3,240,1001,180,1002,141,1000,110,2001,28,1003,24,3000,17,4000,15,4,14,3001,14,4001,10,2000,8,3002,8,6000,6,5001,6,6001,4,2002,3,5000,2,8000,1""",58,21.24,159.36
Problem_5Sat3Gs_1_8.json,1.5,2,2,-6.303917,"[-0.12837637837494312, -0.09716546797320774, 0.43502493536832026, 1.0507155595274664]","""2,652,1,604,3,224,1001,179,1002,149,1000,101,1003,21,2001,17,4000,17,3000,16,3001,12,4,11,5001,9,3002,9,6000,7,2000,6,4001,6,2002,3,5000,3,8000,2""",58,29.90,168.03
Problem_5Sat3Gs_1_8.json,1.5,2,3,-6.303917,"[-0.12837637837494312, -0.09716546797320774, 0.43502493536832026, 1.0507155595274664]","""2,662,1,601,3,240,1001,182,1002,140,1000,96,3000,25,2001,20,1003,12,4000,10,3002,10,3001,9,4,8,2000,7,2002,5,5001,5,4001,5,6000,4,6001,3,8000,2,5000,2""",58,38.51,176.64
Problem_5Sat3Gs_1_8.json,1.5,2,4,-6.303917,"[-0.12837637837494312, -0.09716546797320774, 0.43502493536832026, 1.0507155595274664]","""2,634,1,604,3,213,1001,209,1002,133,1000,126,3001,18,1003,18,2001,16,4000,15,4,10,3000,9,2000,9,3002,9,2002,7,6000,6,4001,4,5000,3,5001,3,8000,1,6001,1""",58,47.18,185.31
Problem_5Sat3Gs_1_8.json,1.5,2,5,-6.303917,"[-0.12837637837494312, -0.09716546797320774, 0.43502493536832026, 1.0507155595274664]","""2,640,1,594,3,225,1001,182,1000,127,1002,123,2001,31,3000,24,1003,23,4000,12,2000,12,4,12,3001,11,2002,6,3002,6,6000,5,5000,4,6001,4,4001,3,5001,3,8000,1""",58,55.79,193.92
Problem_5Sat3Gs_1_8.json,1.5,2,6,-6.303917,"[-0.12837637837494312, -0.09716546797320774, 0.43502493536832026, 1.0507155595274664]","""2,628,1,622,3,248,1001,164,1002,145,1000,91,3001,20,2001,20,1003,19,3000,17,4000,15,4,11,4001,9,2000,8,3002,8,5001,7,2002,4,5000,4,6001,4,6000,3,8000,1""",58,64.48,202.61
Problem_5Sat3Gs_1_8.json,1.5,2,7,-6.303917,"[-0.12837637837494312, -0.09716546797320774, 0.43502493536832026, 1.0507155595274664]","""2,607,1,602,3,251,1001,190,1002,143,1000,106,2001,20,1003,18,3000,17,4,16,4000,16,3001,13,3002,12,2000,11,5001,6,6000,6,8000,4,4001,3,5000,3,6001,2,2002,2""",58,73.12,211.25
Problem_5Sat3Gs_1_8.json,1.5,2,8,-6.303917,"[-0.12837637837494312, -0.09716546797320774, 0.43502493536832026, 1.0507155595274664]","""2,645,1,629,3,187,1001,177,1002,142,1000,117,1003,22,2001,22,4000,18,3001,16,4,13,3000,13,3002,8,6000,8,5001,7,4001,7,2000,5,8000,3,6001,3,2002,3,5000,3""",58,81.96,220.09
Problem_5Sat3Gs_1_8.json,1.5,2,9,-6.303917,"[-0.12837637837494312, -0.09716546797320774, 0.43502493536832026, 1.0507155595274664]","""2,610,1,601,3,196,1001,182,1002,155,1000,131,2001,26,1003,25,3000,24,4,22,4000,13,3001,13,2002,8,4001,7,5001,7,6000,6,5000,5,3002,5,2000,5,6001,4,8000,3""",58,90.55,228.68
Problem_5Sat3Gs_1_8.json,1.5,2,10,-6.303917,"[-0.12837637837494312, -0.09716546797320774, 0.43502493536832026, 1.0507155595274664]","""2,675,1,597,3,207,1001,184,1002,134,1000,108,3000,24,2001,22,4,14,1003,14,3001,13,4000,11,4001,8,6000,7,2002,7,2000,6,3002,5,6001,4,5000,4,5001,3,8000,1""",58,99.24,237.36
Problem_5Sat3Gs_1_8.json,1.5,3,1,-6.631942,"[-0.156547602768547, -0.10856727197032413, -0.08386036608150632, 0.3299970387147107, 0.7754048876389854, 1.1292610422739762]","""1,899,2,564,3,158,1000,147,1001,109,1002,74,4000,16,2001,13,4,12,6000,11,2000,11,1003,6,3000,6,5000,5,5001,4,4001,4,3002,2,3001,2,6001,2,8000,1,2002,1,5,1""",1108,217.19,454.55
Problem_5Sat3Gs_1_8.json,1.5,3,2,-6.608158,"[-0.14467414835498335, -0.09884139439304668, -0.07837865437568377, 0.3312865622116833, 0.7672094917618182, 0.924402820231988]","""1,796,2,581,3,189,1000,147,1001,141,1002,95,4,21,2001,11,1003,10,2000,9,5000,8,4000,7,3000,7,5001,7,6000,6,6001,3,3001,3,4001,3,8000,1,3002,1,5,1,2002,1""",2000,577.53,814.90
Problem_5Sat3Gs_1_8.json,1.5,3,3,-6.608158,"[-0.14467414835498335, -0.09884139439304668, -0.07837865437568377, 0.3312865622116833, 0.7672094917618182, 0.924402820231988]","""1,849,2,574,3,167,1000,155,1001,131,1002,80,4,17,2000,15,1003,13,2001,13,3000,8,3001,5,4000,5,5000,4,6001,3,6000,2,2002,2,5001,2,4001,1,3002,1,5,1""",2000,939.99,1177.35
Problem_5Sat3Gs_1_8.json,1.5,3,4,-6.631942,"[-0.156547602768547, -0.10856727197032413, -0.08386036608150632, 0.3299970387147107, 0.7754048876389854, 1.1292610422739762]","""1,867,2,588,3,160,1000,151,1001,107,1002,59,2001,22,4000,18,2000,13,1003,11,4,10,6000,9,5001,7,4001,6,5000,5,3001,5,6001,3,2002,3,3000,3,8000,1""",1108,1137.14,1374.51
Problem_5Sat3Gs_1_8.json,1.5,3,5,-6.631942,"[-0.156547602768547, -0.10856727197032413, -0.08386036608150632, 0.3299970387147107, 0.7754048876389854, 1.1292610422739762]","""1,862,2,544,3,191,1000,137,1001,119,1002,79,4000,19,2001,18,2000,13,4,10,5000,9,3001,9,3000,8,1003,8,4001,6,6001,5,5001,4,2002,3,3002,2,6000,2""",1108,1335.77,1573.13
Problem_5Sat3Gs_1_8.json,1.5,3,6,-6.608158,"[-0.14467414835498335, -0.09884139439304668, -0.07837865437568377, 0.3312865622116833, 0.7672094917618182, 0.924402820231988]","""1,795,2,610,3,159,1000,154,1001,149,1002,92,2001,14,4,12,1003,11,2000,11,3000,9,4000,8,6000,5,5000,5,3001,4,4001,3,2002,2,3002,2,5001,1,8000,1,6001,1""",2000,1693.72,1931.08
Problem_5Sat3Gs_1_8.json,1.5,3,7,-6.631942,"[-0.156547602768547, -0.10856727197032413, -0.08386036608150632, 0.3299970387147107, 0.7754048876389854, 1.1292610422739762]","""1,892,2,566,3,164,1000,142,1001,131,1002,52,4000,19,2001,17,3000,12,4,10,2000,9,5000,8,5001,6,1003,5,6000,4,3001,3,6001,3,4001,2,2002,2,8000,1""",1108,1890.59,2127.95
Problem_5Sat3Gs_1_8.json,1.5,3,8,-6.608158,"[-0.14467414835498335, -0.09884139439304668, -0.07837865437568377, 0.3312865622116833, 0.7672094917618182, 0.924402820231988]","""1,814,2,593,3,169,1001,155,1000,148,1002,74,4,19,1003,16,2001,14,2000,9,4000,8,3001,6,5000,6,3000,5,5001,3,6001,3,4001,3,6000,2,8000,1""",2000,2249.27,2486.64
Problem_5Sat3Gs_1_8.json,1.5,3,9,-6.631942,"[-0.156547602768547, -0.10856727197032413, -0.08386036608150632, 0.3299970387147107, 0.7754048876389854, 1.1292610422739762]","""1,897,2,564,3,158,1000,131,1001,120,1002,70,2001,25,4000,16,4,15,2000,12,5001,7,1003,7,5000,7,4001,4,3001,4,3002,3,6000,3,5,1,6001,1,2002,1,3000,1,8000,1""",1108,2447.89,2685.26
Problem_5Sat3Gs_1_8.json,1.5,3,10,-6.631942,"[-0.156547602768547, -0.10856727197032413, -0.08386036608150632, 0.3299970387147107, 0.7754048876389854, 1.1292610422739762]","""1,881,2,567,3,171,1000,145,1001,121,1002,59,2001,19,4000,14,4,13,2000,8,4001,7,1003,7,6000,6,3000,6,6001,5,5001,5,2002,4,5000,4,3001,4,8000,1,3002,1""",1108,2645.92,2883.28
Problem_5Sat3Gs_1_8.json,1.5,4,1,-6.856325,"[-0.16760454798539975, -0.12637523955425164, -0.0928166611812083, -0.07180089945924993, 0.2679643466843081, 0.5822027360352072, 0.83896007930212, 1.106163219228593]","""1,1064,2,504,1000,177,1001,110,3,101,1002,33,4000,11,2001,10,2000,10,3000,8,5000,4,1003,4,4,4,4001,3,5001,2,6000,1,3001,1,6001,1""",1597,382.51,3265.80
Problem_5Sat3Gs_1_8.json,1.5,4,2,-6.856325,"[-0.16760454798539975, -0.12637523955425164, -0.0928166611812083, -0.07180089945924993, 0.2679643466843081, 0.5822027360352072, 0.83896007930212, 1.106163219228593]","""1,1031,2,501,1000,185,1001,125,3,105,1002,35,4000,15,1003,9,2001,8,2000,7,3001,5,5000,5,6000,4,3000,3,4,3,8000,3,5001,2,6001,2""",1597,748.94,3632.22
Problem_5Sat3Gs_1_8.json,1.5,4,3,-6.856325,"[-0.16760454798539975, -0.12637523955425164, -0.0928166611812083, -0.07180089945924993, 0.2679643466843081, 0.5822027360352072, 0.83896007930212, 1.106163219228593]","""1,1095,2,478,1000,176,1001,98,3,85,1002,40,4000,20,2000,13,2001,12,4,6,1003,5,3000,5,2002,3,4001,3,6000,2,5000,2,5001,2,3001,2,6001,1""",1597,1114.73,3998.02
Problem_5Sat3Gs_1_8.json,1.5,4,4,-6.856325,"[-0.16760454798539975, -0.12637523955425164, -0.0928166611812083, -0.07180089945924993, 0.2679643466843081, 0.5822027360352072, 0.83896007930212, 1.106163219228593]","""1,1049,2,484,1000,184,3,117,1001,114,1002,40,4,12,4000,10,2001,9,2000,8,6000,6,3000,4,1003,3,3001,3,2002,2,5000,1,4001,1,5001,1""",1597,1477.81,4361.10
Problem_5Sat3Gs_1_8.json,1.5,4,5,-6.856325,"[-0.16760454798539975, -0.12637523955425164, -0.0928166611812083, -0.07180089945924993, 0.2679643466843081, 0.5822027360352072, 0.83896007930212, 1.106163219228593]","""1,1064,2,492,1000,174,3,105,1001,97,1002,33,4000,21,2001,15,2000,14,4,7,4001,5,6000,5,3000,3,2002,2,1003,2,5001,2,5000,2,3001,2,3002,1,6001,1,5,1""",1597,1839.58,4722.86
Problem_5Sat3Gs_1_8.json,1.5,4,6,-6.856325,"[-0.16760454798539975, -0.12637523955425164, -0.0928166611812083, -0.07180089945924993, 0.2679643466843081, 0.5822027360352072, 0.83896007930212, 1.106163219228593]","""1,1093,2,449,1000,196,1001,123,3,98,1002,36,4000,11,2000,9,4,6,6000,6,2001,5,3001,3,5000,3,3000,2,2002,2,6001,2,4001,2,1003,1,8000,1""",1597,2203.19,5086.48
Problem_5Sat3Gs_1_8.json,1.5,4,7,-6.856325,"[-0.16760454798539975, -0.12637523955425164, -0.0928166611812083, -0.07180089945924993, 0.2679643466843081, 0.5822027360352072, 0.83896007930212, 1.106163219228593]","""1,1057,2,464,1000,202,1001,119,3,97,1002,41,4000,14,2001,13,3000,9,6000,6,4,5,2000,5,1003,4,3001,3,4001,3,8000,2,5001,1,2002,1,5000,1,6001,1""",1597,2567.20,5450.48
Problem_5Sat3Gs_1_8.json,1.5,4,8,-6.856325,"[-0.16760454798539975, -0.12637523955425164, -0.0928166611812083, -0.07180089945924993, 0.2679643466843081, 0.5822027360352072, 0.83896007930212, 1.106163219228593]","""1,1064,2,465,1000,213,3,104,1001,96,1002,35,2000,12,2001,12,4000,11,6000,9,3000,7,5001,7,4,4,3001,2,4001,2,3002,2,6001,2,8000,1""",1597,2929.22,5812.50
Problem_5Sat3Gs_1_8.json,1.5,4,9,-6.856325,"[-0.16760454798539975, -0.12637523955425164, -0.0928166611812083, -0.07180089945924993, 0.2679643466843081, 0.5822027360352072, 0.83896007930212, 1.106163219228593]","""1,1053,2,492,1000,189,3,110,1001,103,1002,42,4000,14,2001,7,2000,6,1003,6,3000,6,6001,4,4,3,6000,3,5001,2,4001,2,8000,2,3001,1,3002,1,5000,1,2002,1""",1597,3292.31,6175.59
Problem_5Sat3Gs_1_8.json,1.5,4,10,-6.856325,"[-0.16760454798539975, -0.12637523955425164, -0.0928166611812083, -0.07180089945924993, 0.2679643466843081, 0.5822027360352072, 0.83896007930212, 1.106163219228593]","""1,1051,2,471,1000,218,1001,111,3,101,1002,34,2000,11,4000,11,2001,10,4,5,1003,4,4001,3,3001,3,3000,3,5001,3,6000,2,3002,2,6001,2,5000,1,8000,1,2002,1""",1597,3656.16,6539.45
Problem_5Sat3Gs_1_8.json,1.5,5,1,-7.078229,"[-0.21012489596194847, -0.2109819645350681, -0.1494172853439736, -0.09283553370108226, -0.06832216982879567, 0.2830809340032988, 0.45134912461225285, 0.5581330745624944, 0.8797907381873817, 1.052395446704703]","""1,1427,1000,232,2,213,1001,94,1002,22,4000,12,2000,11,2001,7,3,7,6000,5,3000,4,3001,3,5000,3,8000,3,1003,1,5,1,2002,1,5001,1,4,1""",1849,538.36,7077.81
Problem_5Sat3Gs_1_8.json,1.5,5,2,-7.078229,"[-0.21012489596194847, -0.2109819645350681, -0.1494172853439736, -0.09283553370108226, -0.06832216982879567, 0.2830809340032988, 0.45134912461225285, 0.5581330745624944, 0.8797907381873817, 1.052395446704703]","""1,1422,2,238,1000,213,1001,85,2001,14,4000,14,1002,14,3000,9,3,9,2000,8,6000,5,3001,4,4001,3,5000,3,1003,2,5001,2,2002,2,3002,1""",1849,1049.26,7588.71
Problem_5Sat3Gs_1_8.json,1.5,5,3,-7.078229,"[-0.21012489596194847, -0.2109819645350681, -0.1494172853439736, -0.09283553370108226, -0.06832216982879567, 0.2830809340032988, 0.45134912461225285, 0.5581330745624944, 0.8797907381873817, 1.052395446704703]","""1,1442,2,225,1000,206,1001,85,1002,17,5000,15,4000,14,2000,11,3,8,2001,7,6000,6,3000,5,3001,2,4001,2,5001,1,1003,1,4,1""",1849,1560.78,8100.23
Problem_5Sat3Gs_1_8.json,1.5,5,4,-7.078229,"[-0.21012489596194847, -0.2109819645350681, -0.1494172853439736, -0.09283553370108226, -0.06832216982879567, 0.2830809340032988, 0.45134912461225285, 0.5581330745624944, 0.8797907381873817, 1.052395446704703]","""1,1395,1000,246,2,226,1001,76,4000,23,1002,17,2000,16,5000,11,2001,10,3,8,3000,8,6000,4,8000,3,3002,2,4001,1,5001,1,1003,1""",1849,2071.79,8611.24
Problem_5Sat3Gs_1_8.json,1.5,5,5,-7.078229,"[-0.21012489596194847, -0.2109819645350681, -0.1494172853439736, -0.09283553370108226, -0.06832216982879567, 0.2830809340032988, 0.45134912461225285, 0.5581330745624944, 0.8797907381873817, 1.052395446704703]","""1,1422,2,234,1000,222,1001,72,4000,14,3,14,1002,13,2000,11,2001,10,5000,7,3000,7,3001,7,5001,4,1003,4,6000,3,4,1,8000,1,2002,1,4001,1""",1849,2587.58,9127.03
Problem_5Sat3Gs_1_8.json,1.5,5,6,-7.078229,"[-0.21012489596194847, -0.2109819645350681, -0.1494172853439736, -0.09283553370108226, -0.06832216982879567, 0.2830809340032988, 0.45134912461225285, 0.5581330745624944, 0.8797907381873817, 1.052395446704703]","""1,1377,2,258,1000,244,1001,76,1002,20,3,20,4000,16,2000,11,2001,8,6000,3,5000,3,2002,2,1003,2,4001,2,5001,2,3000,2,3002,1,3001,1""",1849,3096.57,9636.01
Problem_5Sat3Gs_1_8.json,1.5,5,7,-7.078229,"[-0.21012489596194847, -0.2109819645350681, -0.1494172853439736, -0.09283553370108226, -0.06832216982879567, 0.2830809340032988, 0.45134912461225285, 0.5581330745624944, 0.8797907381873817, 1.052395446704703]","""1,1397,1000,241,2,232,1001,77,1002,20,4000,17,3,16,2000,11,2001,10,5000,6,3000,5,6000,5,8000,3,2002,2,1003,2,5001,1,4001,1,3001,1,3002,1""",1849,3606.41,10145.85
Problem_5Sat3Gs_1_8.json,1.5,5,8,-7.078229,"[-0.21012489596194847, -0.2109819645350681, -0.1494172853439736, -0.09283553370108226, -0.06832216982879567, 0.2830809340032988, 0.45134912461225285, 0.5581330745624944, 0.8797907381873817, 1.052395446704703]","""1,1409,2,232,1000,230,1001,81,4000,17,1002,16,3,15,5000,10,6000,10,2001,8,3000,6,2000,3,4001,3,5001,2,3001,2,4,2,6001,1,1003,1""",1849,4115.20,10654.65
Problem_5Sat3Gs_1_8.json,1.5,5,9,-7.078229,"[-0.21012489596194847, -0.2109819645350681, -0.1494172853439736, -0.09283553370108226, -0.06832216982879567, 0.2830809340032988, 0.45134912461225285, 0.5581330745624944, 0.8797907381873817, 1.052395446704703]","""1,1402,2,247,1000,228,1001,88,4000,18,1002,14,2001,12,2000,11,3,6,3000,4,6000,3,5000,3,3001,3,8000,2,4001,2,3002,2,1003,2,5001,1""",1849,4623.03,11162.47
Problem_5Sat3Gs_1_8.json,1.5,5,10,-7.078229,"[-0.21012489596194847, -0.2109819645350681, -0.1494172853439736, -0.09283553370108226, -0.06832216982879567, 0.2830809340032988, 0.45134912461225285, 0.5581330745624944, 0.8797907381873817, 1.052395446704703]","""1,1384,1000,233,2,226,1001,94,2000,21,4000,18,1002,14,3,13,2001,12,5000,10,6000,6,3000,5,3001,4,1003,3,2002,2,4,1,4001,1,5001,1""",1849,5129.92,11669.36
Problem_5Sat3Gs_1_8.json,1.5,6,1,-7.206834,"[-0.1824517085752653, -0.17257596156964813, -0.1516840390707621, -0.11060628492526013, -0.08019925074254784, -0.05792610386915008, 0.21331786147034715, 0.37402881241269226, 0.4511110970748963, 0.6309866362576813, 0.8784317527568825, 1.0304816335265805]","""1,1511,1000,239,2,180,1001,70,3,10,2000,8,1002,6,5000,5,6000,5,4000,5,2001,3,3000,3,4001,1,5001,1,3001,1""",2000,677.01,12346.37
Problem_5Sat3Gs_1_8.json,1.5,6,2,-7.206834,"[-0.1824517085752653, -0.17257596156964813, -0.1516840390707621, -0.11060628492526013, -0.08019925074254784, -0.05792610386915008, 0.21331786147034715, 0.37402881241269226, 0.4511110970748963, 0.6309866362576813, 0.8784317527568825, 1.0304816335265805]","""1,1514,1000,227,2,203,1001,49,1002,12,3,11,2001,8,2000,7,4000,6,5000,4,6000,4,2002,1,3001,1,5001,1""",2000,1319.18,12988.55
Problem_5Sat3Gs_1_8.json,1.5,6,3,-7.206834,"[-0.1824517085752653, -0.17257596156964813, -0.1516840390707621, -0.11060628492526013, -0.08019925074254784, -0.05792610386915008, 0.21331786147034715, 0.37402881241269226, 0.4511110970748963, 0.6309866362576813, 0.8784317527568825, 1.0304816335265805]","""1,1509,1000,243,2,183,1001,64,1002,11,3,9,2000,9,6000,4,2001,4,4000,3,4,2,5001,2,1003,1,5000,1,8000,1,4001,1,3001,1""",2000,1959.66,13629.02
Problem_5Sat3Gs_1_8.json,1.5,6,4,-7.206834,"[-0.1824517085752653, -0.17257596156964813, -0.1516840390707621, -0.11060628492526013, -0.08019925074254784, -0.05792610386915008, 0.21331786147034715, 0.37402881241269226, 0.4511110970748963, 0.6309866362576813, 0.8784317527568825, 1.0304816335265805]","""1,1461,1000,271,2,200,1001,59,3,15,2000,13,1002,11,4000,6,2001,5,6000,3,4001,2,5001,1,5000,1""",2000,2597.29,14266.65
Problem_5Sat3Gs_1_8.json,1.5,6,5,-7.206834,"[-0.1824517085752653, -0.17257596156964813, -0.1516840390707621, -0.11060628492526013, -0.08019925074254784, -0.05792610386915008, 0.21331786147034715, 0.37402881241269226, 0.4511110970748963, 0.6309866362576813, 0.8784317527568825, 1.0304816335265805]","""1,1513,1000,211,2,190,1001,83,3,10,1002,10,2000,8,2001,4,4000,4,3000,3,5000,3,6000,3,8000,2,3001,1,3002,1,4001,1,6001,1""",2000,3236.66,14906.02
Problem_5Sat3Gs_1_8.json,1.5,6,6,-7.206834,"[-0.1824517085752653, -0.17257596156964813, -0.1516840390707621, -0.11060628492526013, -0.08019925074254784, -0.05792610386915008, 0.21331786147034715, 0.37402881241269226, 0.4511110970748963, 0.6309866362576813, 0.8784317527568825, 1.0304816335265805]","""1,1503,1000,250,2,198,1001,46,2000,12,3,11,1002,8,4000,5,6000,4,2001,4,5000,3,5001,2,3000,2""",2000,3877.87,15547.24
Problem_5Sat3Gs_1_8.json,1.5,6,7,-7.206834,"[-0.1824517085752653, -0.17257596156964813, -0.1516840390707621, -0.11060628492526013, -0.08019925074254784, -0.05792610386915008, 0.21331786147034715, 0.37402881241269226, 0.4511110970748963, 0.6309866362576813, 0.8784317527568825, 1.0304816335265805]","""1,1462,1000,252,2,222,1001,63,3,10,2000,9,4000,8,1002,6,2001,6,6000,4,5000,2,4001,2,4,2""",2000,4524.75,16194.12
Problem_5Sat3Gs_1_8.json,1.5,6,8,-7.206834,"[-0.1824517085752653, -0.17257596156964813, -0.1516840390707621, -0.11060628492526013, -0.08019925074254784, -0.05792610386915008, 0.21331786147034715, 0.37402881241269226, 0.4511110970748963, 0.6309866362576813, 0.8784317527568825, 1.0304816335265805]","""1,1491,1000,239,2,197,1001,58,4000,12,2001,12,3,9,6000,7,1002,7,2000,6,4,4,5000,3,3000,2,4001,1""",2000,5168.15,16837.52
Problem_5Sat3Gs_1_8.json,1.5,6,9,-7.206834,"[-0.1824517085752653, -0.17257596156964813, -0.1516840390707621, -0.11060628492526013, -0.08019925074254784, -0.05792610386915008, 0.21331786147034715, 0.37402881241269226, 0.4511110970748963, 0.6309866362576813, 0.8784317527568825, 1.0304816335265805]","""1,1521,1000,214,2,197,1001,53,2000,13,3,11,1002,10,4000,9,2001,7,1003,3,6000,2,5000,2,3000,2,2002,1,6001,1,5001,1,8000,1""",2000,5809.53,17478.89
Problem_5Sat3Gs_1_8.json,1.5,6,10,-7.206834,"[-0.1824517085752653, -0.17257596156964813, -0.1516840390707621, -0.11060628492526013, -0.08019925074254784, -0.05792610386915008, 0.21331786147034715, 0.37402881241269226, 0.4511110970748963, 0.6309866362576813, 0.8784317527568825, 1.0304816335265805]","""1,1456,1000,252,2,201,1001,79,3,15,1002,13,2000,8,4000,7,2001,6,6000,4,3000,3,5000,2,3001,1,5001,1""",2000,6453.60,18122.96
Problem_5Sat3Gs_1_8.json,1.5,7,1,-7.286475,"[-0.17283582478697065, -0.15211099577462403, -0.1574919825289682, -0.1337234309912225, -0.09192378238322288, -0.06595480653141071, -0.04359568933892698, 0.20266901884685315, 0.33356504389982206, 0.35898105563635624, 0.5331580172790706, 0.7480406417334762, 0.8824795697157343, 0.9968183348729345]","""1,1548,1000,307,2,114,1001,44,3,15,2000,5,1002,5,4000,3,6000,2,2001,2,5001,1,3000,1,3001,1""",2000,769.28,18892.25
Problem_5Sat3Gs_1_8.json,1.5,7,2,-7.286475,"[-0.17283582478697065, -0.15211099577462403, -0.1574919825289682, -0.1337234309912225, -0.09192378238322288, -0.06595480653141071, -0.04359568933892698, 0.20266901884685315, 0.33356504389982206, 0.35898105563635624, 0.5331580172790706, 0.7480406417334762, 0.8824795697157343, 0.9968183348729345]","""1,1558,1000,287,2,127,1001,41,2000,12,1002,10,3,6,2001,4,5001,1,6000,1,4,1""",2000,1516.47,19639.43
Problem_5Sat3Gs_1_8.json,1.5,7,3,-7.286475,"[-0.17283582478697065, -0.15211099577462403, -0.1574919825289682, -0.1337234309912225, -0.09192378238322288, -0.06595480653141071, -0.04359568933892698, 0.20266901884685315, 0.33356504389982206, 0.35898105563635624, 0.5331580172790706, 0.7480406417334762, 0.8824795697157343, 0.9968183348729345]","""1,1527,1000,293,2,134,1001,54,1002,12,3,11,2000,5,4000,2,2001,2,4001,1,3000,1,6000,1,1003,1,5001,1,2002,1,5000,1,4,1""",2000,2259.54,20382.51
Problem_5Sat3Gs_1_8.json,1.5,7,4,-7.286475,"[-0.17283582478697065, -0.15211099577462403, -0.1574919825289682, -0.1337234309912225, -0.09192378238322288, -0.06595480653141071, -0.04359568933892698, 0.20266901884685315, 0.33356504389982206, 0.35898105563635624, 0.5331580172790706, 0.7480406417334762, 0.8824795697157343, 0.9968183348729345]","""1,1579,1000,272,2,124,1001,42,1002,10,3,8,2001,5,2000,5,5000,2,4000,1""",2000,3001.92,21124.89
Problem_5Sat3Gs_1_8.json,1.5,7,5,-7.286475,"[-0.17283582478697065, -0.15211099577462403, -0.1574919825289682, -0.1337234309912225, -0.09192378238322288, -0.06595480653141071, -0.04359568933892698, 0.20266901884685315, 0.33356504389982206, 0.35898105563635624, 0.5331580172790706, 0.7480406417334762, 0.8824795697157343, 0.9968183348729345]","""1,1559,1000,272,2,128,1001,46,2000,11,3,11,1002,7,4000,4,3000,2,2001,2,4,2,1003,1,8000,1,3001,1,6000,1""",2000,3744.81,21867.77
Problem_5Sat3Gs_1_8.json,1.5,7,6,-7.286475,"[-0.17283582478697065, -0.15211099577462403, -0.1574919825289682, -0.1337234309912225, -0.09192378238322288, -0.06595480653141071, -0.04359568933892698, 0.20266901884685315, 0.33356504389982206, 0.35898105563635624, 0.5331580172790706, 0.7480406417334762, 0.8824795697157343, 0.9968183348729345]","""1,1559,1000,298,2,114,1001,35,3,12,2000,10,1002,8,4001,3,2001,2,3000,2,5001,1,5000,1,4000,1,6000,1,8000,1""",2000,4491.86,22614.83
Problem_5Sat3Gs_1_8.json,1.5,7,7,-7.286475,"[-0.17283582478697065, -0.15211099577462403, -0.1574919825289682, -0.1337234309912225, -0.09192378238322288, -0.06595480653141071, -0.04359568933892698, 0.20266901884685315, 0.33356504389982206, 0.35898105563635624, 0.5331580172790706, 0.7480406417334762, 0.8824795697157343, 0.9968183348729345]","""1,1573,1000,266,2,130,1001,50,1002,10,3,6,2000,4,5000,3,1003,1,4,1,8000,1,3001,1,2001,1,4000,1""",2000,5234.08,23357.04
Problem_5Sat3Gs_1_8.json,1.5,7,8,-7.286475,"[-0.17283582478697065, -0.15211099577462403, -0.1574919825289682, -0.1337234309912225, -0.09192378238322288, -0.06595480653141071, -0.04359568933892698, 0.20266901884685315, 0.33356504389982206, 0.35898105563635624, 0.5331580172790706, 0.7480406417334762, 0.8824795697157343, 0.9968183348729345]","""1,1585,1000,253,2,121,1001,49,1002,14,3,11,2000,5,2001,4,5000,3,4000,1,5001,1,3000,1""",2000,5970.14,24093.10
Problem_5Sat3Gs_1_8.json,1.5,7,9,-7.286475,"[-0.17283582478697065, -0.15211099577462403, -0.1574919825289682, -0.1337234309912225, -0.09192378238322288, -0.06595480653141071, -0.04359568933892698, 0.20266901884685315, 0.33356504389982206, 0.35898105563635624, 0.5331580172790706, 0.7480406417334762, 0.8824795697157343, 0.9968183348729345]","""1,1562,1000,270,2,119,1001,57,3,13,2000,9,1002,6,4000,2,2001,2,6000,2,4,1,3000,1,4001,1,5000,1,3001,1,6001,1""",2000,6708.81,24831.77
Problem_5Sat3Gs_1_8.json,1.5,7,10,-7.286475,"[-0.17283582478697065, -0.15211099577462403, -0.1574919825289682, -0.1337234309912225, -0.09192378238322288, -0.06595480653141071, -0.04359568933892698, 0.20266901884685315, 0.33356504389982206, 0.35898105563635624, 0.5331580172790706, 0.7480406417334762, 0.8824795697157343, 0.9968183348729345]","""1,1616,1000,260,2,105,1001,31,3,10,1002,8,2000,7,2001,3,3000,2,6000,2,1003,1,2002,1,4,1,4001,1""",2000,7449.41,25572.37
Problem_5Sat3Gs_1_8.json,1.5,8,1,-7.326038,"[-0.17433141593215778, -0.15320180102613273, -0.168074405709327, -0.14301430491793207, -0.10765885706346323, -0.07547586060391862, -0.05288383228131296, -0.03220423896661713, 0.18235973268970435, 0.31288912224564136, 0.3433843856001593, 0.45076466521440905, 0.6727893014806937, 0.8093774507813458, 0.928472965623545, 1.0646844264151263]","""1,1629,1000,289,2,80,1001,32,1002,5,3,3,2000,3,5000,2,5001,2,2001,1,1003,1,4000,1""",2000,872.84,26445.21
Problem_5Sat3Gs_1_8.json,1.5,8,2,-7.326038,"[-0.17433141593215778, -0.15320180102613273, -0.168074405709327, -0.14301430491793207, -0.10765885706346323, -0.07547586060391862, -0.05288383228131296, -0.03220423896661713, 0.18235973268970435, 0.31288912224564136, 0.3433843856001593, 0.45076466521440905, 0.6727893014806937, 0.8093774507813458, 0.928472965623545, 1.0646844264151263]","""1,1642,1000,260,2,86,1001,38,2000,7,1002,6,3,2,6000,2,2001,2,5000,1,8000,1,4000,1""",2000,1707.65,27280.03
Problem_5Sat3Gs_1_8.json,1.5,8,3,-7.326038,"[-0.17433141593215778, -0.15320180102613273, -0.168074405709327, -0.14301430491793207, -0.10765885706346323, -0.07547586060391862, -0.05288383228131296, -0.03220423896661713, 0.18235973268970435, 0.31288912224564136, 0.3433843856001593, 0.45076466521440905, 0.6727893014806937, 0.8093774507813458, 0.928472965623545, 1.0646844264151263]","""1,1619,1000,282,2,98,1001,25,1002,6,2000,4,3,3,2001,2,5001,2,5000,2,3001,1,3000,1,4001,1,4,1,4000,1""",2000,2542.99,28115.36
Problem_5Sat3Gs_1_8.json,1.5,8,4,-7.326038,"[-0.17433141593215778, -0.15320180102613273, -0.168074405709327, -0.14301430491793207, -0.10765885706346323, -0.07547586060391862, -0.05288383228131296, -0.03220423896661713, 0.18235973268970435, 0.31288912224564136, 0.3433843856001593, 0.45076466521440905, 0.6727893014806937, 0.8093774507813458, 0.928472965623545, 1.0646844264151263]","""1,1613,1000,291,2,98,1001,31,2001,4,2000,3,3,3,4,1,5000,1,1002,1,1003,1,4000,1""",2000,3382.97,28955.35
Problem_5Sat3Gs_1_8.json,1.5,8,5,-7.326038,"[-0.17433141593215778, -0.15320180102613273, -0.168074405709327, -0.14301430491793207, -0.10765885706346323, -0.07547586060391862, -0.05288383228131296, -0.03220423896661713, 0.18235973268970435, 0.31288912224564136, 0.3433843856001593, 0.45076466521440905, 0.6727893014806937, 0.8093774507813458, 0.928472965623545, 1.0646844264151263]","""1,1619,1000,282,2,85,1001,39,5000,5,1002,4,3,4,2000,4,6000,2,4000,1,4,1,1003,1,3000,1""",2000,4217.85,29790.22
Problem_5Sat3Gs_1_8.json,1.5,8,6,-7.326038,"[-0.17433141593215778, -0.15320180102613273, -0.168074405709327, -0.14301430491793207, -0.10765885706346323, -0.07547586060391862, -0.05288383228131296, -0.03220423896661713, 0.18235973268970435, 0.31288912224564136, 0.3433843856001593, 0.45076466521440905, 0.6727893014806937, 0.8093774507813458, 0.928472965623545, 1.0646844264151263]","""1,1631,1000,276,2,79,1001,30,1002,7,3,7,5000,5,2001,5,6000,3,4000,1,2000,1,5,1,3000,1,4,1""",2000,5042.97,30615.34
Problem_5Sat3Gs_1_8.json,1.5,8,7,-7.326038,"[-0.17433141593215778, -0.15320180102613273, -0.168074405709327, -0.14301430491793207, -0.10765885706346323, -0.07547586060391862, -0.05288383228131296, -0.03220423896661713, 0.18235973268970435, 0.31288912224564136, 0.3433843856001593, 0.45076466521440905, 0.6727893014806937, 0.8093774507813458, 0.928472965623545, 1.0646844264151263]","""1,1632,1000,271,2,94,1001,31,3,5,1002,5,2000,4,4,1,6000,1,5000,1,2001,1,1003,1,4001,1""",2000,5878.95,31451.32
Problem_5Sat3Gs_1_8.json,1.5,8,8,-7.326038,"[-0.17433141593215778, -0.15320180102613273, -0.168074405709327, -0.14301430491793207, -0.10765885706346323, -0.07547586060391862, -0.05288383228131296, -0.03220423896661713, 0.18235973268970435, 0.31288912224564136, 0.3433843856001593, 0.45076466521440905, 0.6727893014806937, 0.8093774507813458, 0.928472965623545, 1.0646844264151263]","""1,1648,1000,240,2,102,1001,25,3,10,1002,6,2001,5,4,2,3000,2,2000,2,5001,1,2002,1,5000,1,6000,1,4001,1,1003,1""",2000,6711.73,32284.10
Problem_5Sat3Gs_1_8.json,1.5,8,9,-7.326038,"[-0.17433141593215778, -0.15320180102613273, -0.168074405709327, -0.14301430491793207, -0.10765885706346323, -0.07547586060391862, -0.05288383228131296, -0.03220423896661713, 0.18235973268970435, 0.31288912224564136, 0.3433843856001593, 0.45076466521440905, 0.6727893014806937, 0.8093774507813458, 0.928472965623545, 1.0646844264151263]","""1,1651,1000,262,2,88,1001,26,3,12,2000,3,1002,3,8000,1,4001,1,6000,1""",2000,7545.16,33117.54
Problem_5Sat3Gs_1_8.json,1.5,8,10,-7.326038,"[-0.17433141593215778, -0.15320180102613273, -0.168074405709327, -0.14301430491793207, -0.10765885706346323, -0.07547586060391862, -0.05288383228131296, -0.03220423896661713, 0.18235973268970435, 0.31288912224564136, 0.3433843856001593, 0.45076466521440905, 0.6727893014806937, 0.8093774507813458, 0.928472965623545, 1.0646844264151263]","""1,1654,1000,262,2,75,1001,31,3,8,1002,7,5000,2,5001,1,3000,1,4001,1,3001,1,8000,1,2001,1,4,1,6000,1,2000,1""",2000,8373.61,33945.98
