Filename,Penalty,P,Iter,Function_Value,Optimal_X,Distribution,Num_Evaluations,Phase_Time,Total_Time
Problem_5Sat3Gs_0_4.json,1.5,1,1,-3.692536,"[2.9914626581550388, 1.2861849931486777]","""1,869,0,607,2,331,2000,67,1000,65,1001,44,2001,40,3,19,1002,5,4,1""",434,38.03,38.03
Problem_5Sat3Gs_0_4.json,1.5,1,2,-3.692548,"[-0.15012741775141694, 1.275466472334594]","""1,887,0,598,2,303,1000,68,2000,64,1001,56,2001,37,3,23,1002,9,4,2,3000,1""",339,61.82,61.83
Problem_5Sat3Gs_0_4.json,1.5,1,3,-3.692548,"[-0.15012741775141694, 1.275466472334594]","""1,879,0,618,2,288,2000,74,1000,68,1001,57,2001,33,3,22,1002,7,3000,2""",339,85.37,85.37
Problem_5Sat3Gs_0_4.json,1.5,1,4,-3.692548,"[-0.15012741775141694, 1.275466472334594]","""1,871,0,608,2,328,2000,72,1000,64,1001,51,2001,30,3,14,1002,9,2002,1""",339,108.96,108.97
Problem_5Sat3Gs_0_4.json,1.5,1,5,-3.692548,"[-0.15012741775141694, 1.275466472334594]","""1,874,0,625,2,285,1000,75,2000,71,1001,54,2001,40,3,16,1002,5,3000,3""",339,132.59,132.59
Problem_5Sat3Gs_0_4.json,1.5,1,6,-3.692548,"[-0.15012741775141694, 1.275466472334594]","""1,879,0,593,2,302,1000,80,2000,76,1001,47,2001,35,3,26,1002,6,3000,2,2002,1,4,1""",339,156.19,156.19
Problem_5Sat3Gs_0_4.json,1.5,1,7,-3.692548,"[-0.15012741775141694, 1.275466472334594]","""1,865,0,618,2,299,2000,78,1000,62,1001,54,2001,39,3,23,1002,7,3000,1,2002,1,4,1""",339,179.81,179.81
Problem_5Sat3Gs_0_4.json,1.5,1,8,-3.692548,"[-0.15012741775141694, 1.275466472334594]","""1,866,0,617,2,310,2000,79,1000,62,1001,46,2001,38,3,22,1002,6,4,1,3000,1""",339,203.41,203.41
Problem_5Sat3Gs_0_4.json,1.5,1,9,-3.692548,"[-0.15012741775141694, 1.275466472334594]","""1,865,0,627,2,306,2000,72,1000,64,1001,49,2001,36,3,21,1002,5,3000,3""",339,227.11,227.11
Problem_5Sat3Gs_0_4.json,1.5,1,10,-3.692548,"[-0.15012741775141694, 1.275466472334594]","""1,861,0,626,2,304,2000,81,1000,66,1001,50,2001,32,3,19,1002,8,4,1""",339,250.55,250.55
Problem_5Sat3Gs_0_4.json,1.5,2,1,-4.215966,"[-0.17728529243842234, -0.11599643021598166, 0.7690160117608653, 1.4475494082056728]","""0,1264,1,531,1000,108,2,60,2000,44,1001,27,2001,8,3,4,3000,1,1002,1""",762,84.45,335.00
Problem_5Sat3Gs_0_4.json,1.5,2,2,-4.215966,"[-0.17728529243842234, -0.11599643021598166, 0.7690160117608653, 1.4475494082056728]","""0,1291,1,492,1000,116,2,73,2000,37,1001,26,3,4,1002,3,2001,2,3000,2,1003,1,4,1""",762,159.70,410.24
Problem_5Sat3Gs_0_4.json,1.5,2,3,-4.215966,"[-0.17728529243842234, -0.11599643021598166, 0.7690160117608653, 1.4475494082056728]","""0,1273,1,483,1000,107,2,74,2000,60,1001,36,2001,5,3,4,1002,3,3000,3""",762,235.87,486.42
Problem_5Sat3Gs_0_4.json,1.5,2,4,-4.215966,"[-0.17728529243842234, -0.11599643021598166, 0.7690160117608653, 1.4475494082056728]","""0,1268,1,513,1000,118,2,66,2000,45,1001,28,3,6,2001,4""",762,311.60,562.14
Problem_5Sat3Gs_0_4.json,1.5,2,5,-4.215966,"[-0.17728529243842234, -0.11599643021598166, 0.7690160117608653, 1.4475494082056728]","""0,1249,1,493,1000,135,2,71,2000,53,1001,29,3,9,2001,3,3000,2,1002,2,2002,1,1003,1""",762,387.74,638.28
Problem_5Sat3Gs_0_4.json,1.5,2,6,-4.215966,"[-0.17728529243842234, -0.11599643021598166, 0.7690160117608653, 1.4475494082056728]","""0,1276,1,502,1000,105,2,66,2000,46,1001,31,3,13,2002,4,2001,4,1002,1""",762,463.66,714.21
Problem_5Sat3Gs_0_4.json,1.5,2,7,-4.215966,"[-0.17728529243842234, -0.11599643021598166, 0.7690160117608653, 1.4475494082056728]","""0,1255,1,519,1000,118,2,71,1001,36,2000,36,3,7,2001,3,1002,2,3000,1""",762,539.36,789.91
Problem_5Sat3Gs_0_4.json,1.5,2,8,-4.215966,"[-0.17728529243842234, -0.11599643021598166, 0.7690160117608653, 1.4475494082056728]","""0,1260,1,516,1000,101,2,72,2000,57,1001,29,3,8,2001,2,1002,2,3000,1""",762,615.38,865.93
Problem_5Sat3Gs_0_4.json,1.5,2,9,-4.215966,"[-0.17728529243842234, -0.11599643021598166, 0.7690160117608653, 1.4475494082056728]","""0,1238,1,529,1000,126,2,64,2000,47,1001,34,2001,6,3,3,1002,1""",762,690.37,940.91
Problem_5Sat3Gs_0_4.json,1.5,2,10,-4.215966,"[-0.17728529243842234, -0.11599643021598166, 0.7690160117608653, 1.4475494082056728]","""0,1262,1,508,1000,116,2,72,2000,39,1001,36,2001,9,3,4,3000,2""",762,765.26,1015.80
Problem_5Sat3Gs_0_4.json,1.5,3,1,-4.549379,"[-0.19758283033744153, -0.13637180440080288, -0.09380612370019491, 0.6767293778730216, 1.1146523948526617, 1.3824191894407014]","""0,1732,1,244,1000,46,2,14,1001,7,2000,3,3,2""",1195,169.96,1185.76
Problem_5Sat3Gs_0_4.json,1.5,3,2,-4.549379,"[-0.19758283033744153, -0.13637180440080288, -0.09380612370019491, 0.6767293778730216, 1.1146523948526617, 1.3824191894407014]","""0,1712,1,259,1000,53,2,14,1001,4,3,3,2000,3""",1195,326.95,1342.75
Problem_5Sat3Gs_0_4.json,1.5,3,3,-4.549379,"[-0.19758283033744153, -0.13637180440080288, -0.09380612370019491, 0.6767293778730216, 1.1146523948526617, 1.3824191894407014]","""0,1706,1,248,1000,57,2,25,1001,11,2000,1""",1195,484.08,1499.88
Problem_5Sat3Gs_0_4.json,1.5,3,4,-4.549379,"[-0.19758283033744153, -0.13637180440080288, -0.09380612370019491, 0.6767293778730216, 1.1146523948526617, 1.3824191894407014]","""0,1661,1,305,1000,48,2,19,1001,9,2000,5,3,1""",1195,638.36,1654.17
Problem_5Sat3Gs_0_4.json,1.5,3,5,-4.549379,"[-0.19758283033744153, -0.13637180440080288, -0.09380612370019491, 0.6767293778730216, 1.1146523948526617, 1.3824191894407014]","""0,1699,1,276,1000,48,2,20,1001,3,3,1,2000,1""",1195,794.39,1810.19
Problem_5Sat3Gs_0_4.json,1.5,3,6,-4.549379,"[-0.19758283033744153, -0.13637180440080288, -0.09380612370019491, 0.6767293778730216, 1.1146523948526617, 1.3824191894407014]","""0,1702,1,276,1000,50,2,13,1001,5,3,1,1002,1""",1195,949.00,1964.80
Problem_5Sat3Gs_0_4.json,1.5,3,7,-4.549379,"[-0.19758283033744153, -0.13637180440080288, -0.09380612370019491, 0.6767293778730216, 1.1146523948526617, 1.3824191894407014]","""0,1697,1,274,1000,51,2,18,1001,7,2000,1""",1195,1104.10,2119.90
Problem_5Sat3Gs_0_4.json,1.5,3,8,-4.549379,"[-0.19758283033744153, -0.13637180440080288, -0.09380612370019491, 0.6767293778730216, 1.1146523948526617, 1.3824191894407014]","""0,1713,1,251,1000,53,2,26,1001,3,1002,1,3,1""",1195,1258.36,2274.16
Problem_5Sat3Gs_0_4.json,1.5,3,9,-4.549379,"[-0.19758283033744153, -0.13637180440080288, -0.09380612370019491, 0.6767293778730216, 1.1146523948526617, 1.3824191894407014]","""0,1736,1,235,1000,49,2,20,1001,5,2000,1,3,1,2001,1""",1195,1413.50,2429.31
Problem_5Sat3Gs_0_4.json,1.5,3,10,-4.549379,"[-0.19758283033744153, -0.13637180440080288, -0.09380612370019491, 0.6767293778730216, 1.1146523948526617, 1.3824191894407014]","""0,1705,1,258,1000,49,2,26,1001,7,3,2,2000,1""",1195,1569.60,2585.41
Problem_5Sat3Gs_0_4.json,1.5,4,1,-4.594420,"[-0.2013495088376764, -0.13776743427057445, -0.16691830463023571, 0.07922704800451986, 0.6668345927548556, 1.1144015396843114, 1.2558081871084446, -0.15100583175960175]","""0,1774,1,232,1000,20,2,10,1001,8,2000,4""",3000,498.40,3083.81
Problem_5Sat3Gs_0_4.json,1.5,4,2,-4.594420,"[-0.2013495088376764, -0.13776743427057445, -0.16691830463023571, 0.07922704800451986, 0.6668345927548556, 1.1144015396843114, 1.2558081871084446, -0.15100583175960175]","""0,1784,1,226,1000,26,2,6,1001,4,2000,2""",3000,982.64,3568.04
Problem_5Sat3Gs_0_4.json,1.5,4,3,-4.594518,"[-0.17144077525922508, -0.14040506992462695, -0.10178085457934416, -0.05975111794757709, 0.491776240117788, 0.8423033630192143, 1.0946542739280867, 1.1756170556465997]","""0,1793,1,213,1000,20,2,18,1001,4""",3000,1467.17,4052.58
Problem_5Sat3Gs_0_4.json,1.5,4,4,-4.594420,"[-0.2013495088376764, -0.13776743427057445, -0.16691830463023571, 0.07922704800451986, 0.6668345927548556, 1.1144015396843114, 1.2558081871084446, -0.15100583175960175]","""0,1762,1,225,1000,33,2,16,2000,6,1001,4,1002,1,3,1""",3000,1953.49,4538.90
Problem_5Sat3Gs_0_4.json,1.5,4,5,-4.594518,"[-0.17144077525922508, -0.14040506992462695, -0.10178085457934416, -0.05975111794757709, 0.491776240117788, 0.8423033630192143, 1.0946542739280867, 1.1756170556465997]","""0,1775,1,223,1000,37,2,10,1001,3""",3000,2440.45,5025.85
Problem_5Sat3Gs_0_4.json,1.5,4,6,-4.594518,"[-0.17144077525922508, -0.14040506992462695, -0.10178085457934416, -0.05975111794757709, 0.491776240117788, 0.8423033630192143, 1.0946542739280867, 1.1756170556465997]","""0,1767,1,233,1000,36,2,5,1001,3,3,2,2000,2""",3000,2924.48,5509.88
Problem_5Sat3Gs_0_4.json,1.5,4,7,-4.594420,"[-0.2013495088376764, -0.13776743427057445, -0.16691830463023571, 0.07922704800451986, 0.6668345927548556, 1.1144015396843114, 1.2558081871084446, -0.15100583175960175]","""0,1791,1,222,1000,17,2,13,1001,4,2000,1""",3000,3406.29,5991.70
Problem_5Sat3Gs_0_4.json,1.5,4,8,-4.594518,"[-0.17144077525922508, -0.14040506992462695, -0.10178085457934416, -0.05975111794757709, 0.491776240117788, 0.8423033630192143, 1.0946542739280867, 1.1756170556465997]","""0,1756,1,229,1000,40,2,20,1001,2,3,1""",3000,3891.56,6476.96
Problem_5Sat3Gs_0_4.json,1.5,4,9,-4.549550,"[-0.19695413108846396, -0.13669795658047365, -0.09284208600127976, 0.0020120035836129215, 0.675182074245426, 1.1155613598045198, 1.3828197812731888, 3.0003690744776383]","""0,1706,1,271,1000,48,2,15,1001,7,2000,1""",128,3913.25,6498.65
Problem_5Sat3Gs_0_4.json,1.5,4,10,-4.594518,"[-0.17144077525922508, -0.14040506992462695, -0.10178085457934416, -0.05975111794757709, 0.491776240117788, 0.8423033630192143, 1.0946542739280867, 1.1756170556465997]","""0,1756,1,238,1000,37,2,12,1001,5""",3000,4392.15,6977.55
Problem_5Sat3Gs_0_4.json,1.5,5,1,-4.615557,"[-0.15183062697552524, -0.1298773525658922, -0.11612127942062722, -0.07462213402584061, -0.026057052568593718, 0.39847598661981753, 0.6378595179126274, 0.9363854209120653, 1.1493655156575868, 0.9282984056033393]","""0,1794,1,211,1000,30,2,10,1001,2,2000,1""",3000,597.78,7575.33
Problem_5Sat3Gs_0_4.json,1.5,5,2,-4.615557,"[-0.15183062697552524, -0.1298773525658922, -0.11612127942062722, -0.07462213402584061, -0.026057052568593718, 0.39847598661981753, 0.6378595179126274, 0.9363854209120653, 1.1493655156575868, 0.9282984056033393]","""0,1809,1,198,1000,26,2,12,1001,3""",3000,1173.46,8151.02
Problem_5Sat3Gs_0_4.json,1.5,5,3,-4.615557,"[-0.15183062697552524, -0.1298773525658922, -0.11612127942062722, -0.07462213402584061, -0.026057052568593718, 0.39847598661981753, 0.6378595179126274, 0.9363854209120653, 1.1493655156575868, 0.9282984056033393]","""0,1796,1,208,1000,30,2,11,1001,2,2000,1""",3000,1756.10,8733.66
Problem_5Sat3Gs_0_4.json,1.5,5,4,-4.615557,"[-0.15183062697552524, -0.1298773525658922, -0.11612127942062722, -0.07462213402584061, -0.026057052568593718, 0.39847598661981753, 0.6378595179126274, 0.9363854209120653, 1.1493655156575868, 0.9282984056033393]","""0,1822,1,183,1000,25,2,10,3,4,1001,4""",3000,2334.79,9312.35
Problem_5Sat3Gs_0_4.json,1.5,5,5,-4.615557,"[-0.15183062697552524, -0.1298773525658922, -0.11612127942062722, -0.07462213402584061, -0.026057052568593718, 0.39847598661981753, 0.6378595179126274, 0.9363854209120653, 1.1493655156575868, 0.9282984056033393]","""0,1804,1,207,1000,26,2,10,1001,1""",3000,2912.42,9889.97
Problem_5Sat3Gs_0_4.json,1.5,5,6,-4.615557,"[-0.15183062697552524, -0.1298773525658922, -0.11612127942062722, -0.07462213402584061, -0.026057052568593718, 0.39847598661981753, 0.6378595179126274, 0.9363854209120653, 1.1493655156575868, 0.9282984056033393]","""0,1781,1,227,1000,30,2,7,1001,2,2000,1""",3000,3493.29,10470.84
Problem_5Sat3Gs_0_4.json,1.5,5,7,-4.615557,"[-0.15183062697552524, -0.1298773525658922, -0.11612127942062722, -0.07462213402584061, -0.026057052568593718, 0.39847598661981753, 0.6378595179126274, 0.9363854209120653, 1.1493655156575868, 0.9282984056033393]","""0,1776,1,224,1000,35,2,10,1001,3""",3000,4072.37,11049.92
Problem_5Sat3Gs_0_4.json,1.5,5,8,-4.615557,"[-0.15183062697552524, -0.1298773525658922, -0.11612127942062722, -0.07462213402584061, -0.026057052568593718, 0.39847598661981753, 0.6378595179126274, 0.9363854209120653, 1.1493655156575868, 0.9282984056033393]","""0,1791,1,215,1000,32,2,8,1001,2""",3000,4648.74,11626.29
Problem_5Sat3Gs_0_4.json,1.5,5,9,-4.615557,"[-0.15183062697552524, -0.1298773525658922, -0.11612127942062722, -0.07462213402584061, -0.026057052568593718, 0.39847598661981753, 0.6378595179126274, 0.9363854209120653, 1.1493655156575868, 0.9282984056033393]","""0,1799,1,204,1000,29,2,12,3,2,2000,1,1001,1""",3000,5231.02,12208.57
Problem_5Sat3Gs_0_4.json,1.5,5,10,-4.615557,"[-0.15183062697552524, -0.1298773525658922, -0.11612127942062722, -0.07462213402584061, -0.026057052568593718, 0.39847598661981753, 0.6378595179126274, 0.9363854209120653, 1.1493655156575868, 0.9282984056033393]","""0,1822,1,189,1000,29,2,5,2000,2,1001,1""",3000,5812.32,12789.87
Problem_5Sat3Gs_0_4.json,1.5,6,1,-4.642903,"[-0.16932250720109432, -0.13762936445930854, -0.14218572354696504, -0.10064640082120714, -0.033152321526265724, -0.04018876997330333, 0.3594583148574319, 0.506478120428407, 0.9502444676392068, 1.0887715254260386, 1.009540355797634, 1.026534780522064]","""0,1846,1,171,1000,21,2,6,1001,4""",3000,693.82,13483.69
Problem_5Sat3Gs_0_4.json,1.5,6,2,-4.642903,"[-0.16932250720109432, -0.13762936445930854, -0.14218572354696504, -0.10064640082120714, -0.033152321526265724, -0.04018876997330333, 0.3594583148574319, 0.506478120428407, 0.9502444676392068, 1.0887715254260386, 1.009540355797634, 1.026534780522064]","""0,1863,1,170,1000,8,2,4,1001,2,2000,1""",3000,1369.28,14159.15
Problem_5Sat3Gs_0_4.json,1.5,6,3,-4.642903,"[-0.16932250720109432, -0.13762936445930854, -0.14218572354696504, -0.10064640082120714, -0.033152321526265724, -0.04018876997330333, 0.3594583148574319, 0.506478120428407, 0.9502444676392068, 1.0887715254260386, 1.009540355797634, 1.026534780522064]","""0,1874,1,155,1000,11,1001,5,2,3""",3000,2048.21,14838.08
Problem_5Sat3Gs_0_4.json,1.5,6,4,-4.642903,"[-0.16932250720109432, -0.13762936445930854, -0.14218572354696504, -0.10064640082120714, -0.033152321526265724, -0.04018876997330333, 0.3594583148574319, 0.506478120428407, 0.9502444676392068, 1.0887715254260386, 1.009540355797634, 1.026534780522064]","""0,1848,1,175,1000,15,2,6,2000,2,1001,2""",3000,2724.14,15514.01
Problem_5Sat3Gs_0_4.json,1.5,6,5,-4.642903,"[-0.16932250720109432, -0.13762936445930854, -0.14218572354696504, -0.10064640082120714, -0.033152321526265724, -0.04018876997330333, 0.3594583148574319, 0.506478120428407, 0.9502444676392068, 1.0887715254260386, 1.009540355797634, 1.026534780522064]","""0,1857,1,165,1000,17,1001,5,2,3,2000,1""",3000,3399.41,16189.28
Problem_5Sat3Gs_0_4.json,1.5,6,6,-4.642903,"[-0.16932250720109432, -0.13762936445930854, -0.14218572354696504, -0.10064640082120714, -0.033152321526265724, -0.04018876997330333, 0.3594583148574319, 0.506478120428407, 0.9502444676392068, 1.0887715254260386, 1.009540355797634, 1.026534780522064]","""0,1871,1,156,1000,11,2,8,2000,1,3,1""",3000,4072.98,16862.85
Problem_5Sat3Gs_0_4.json,1.5,6,7,-4.642903,"[-0.16932250720109432, -0.13762936445930854, -0.14218572354696504, -0.10064640082120714, -0.033152321526265724, -0.04018876997330333, 0.3594583148574319, 0.506478120428407, 0.9502444676392068, 1.0887715254260386, 1.009540355797634, 1.026534780522064]","""0,1860,1,161,1000,16,2,6,1001,5""",3000,4752.28,17542.15
Problem_5Sat3Gs_0_4.json,1.5,6,8,-4.642903,"[-0.16932250720109432, -0.13762936445930854, -0.14218572354696504, -0.10064640082120714, -0.033152321526265724, -0.04018876997330333, 0.3594583148574319, 0.506478120428407, 0.9502444676392068, 1.0887715254260386, 1.009540355797634, 1.026534780522064]","""0,1859,1,167,1000,13,1001,6,2,3""",3000,5427.86,18217.72
Problem_5Sat3Gs_0_4.json,1.5,6,9,-4.642903,"[-0.16932250720109432, -0.13762936445930854, -0.14218572354696504, -0.10064640082120714, -0.033152321526265724, -0.04018876997330333, 0.3594583148574319, 0.506478120428407, 0.9502444676392068, 1.0887715254260386, 1.009540355797634, 1.026534780522064]","""0,1836,1,187,1000,16,2,8,1001,1""",3000,6104.88,18894.75
Problem_5Sat3Gs_0_4.json,1.5,6,10,-4.642903,"[-0.16932250720109432, -0.13762936445930854, -0.14218572354696504, -0.10064640082120714, -0.033152321526265724, -0.04018876997330333, 0.3594583148574319, 0.506478120428407, 0.9502444676392068, 1.0887715254260386, 1.009540355797634, 1.026534780522064]","""0,1853,1,169,1000,16,2,6,1001,4""",3000,6781.27,19571.14
Problem_5Sat3Gs_0_4.json,1.5,7,1,-4.651103,"[-0.16549225468842688, -0.13961848056121218, -0.14143217502493077, -0.11194894543223544, -0.04903277150409328, -0.011847239873116389, -0.03135996107031594, 0.3462699681731029, 0.46178593685038977, 0.8958373628580618, 1.0627836336299978, 1.1074422071740007, 1.0679266200216637, 0.18135032952494795]","""0,1863,1,166,1000,9,1001,5,2,4,2000,1""",3000,801.14,20372.28
Problem_5Sat3Gs_0_4.json,1.5,7,2,-4.651103,"[-0.16549225468842688, -0.13961848056121218, -0.14143217502493077, -0.11194894543223544, -0.04903277150409328, -0.011847239873116389, -0.03135996107031594, 0.3462699681731029, 0.46178593685038977, 0.8958373628580618, 1.0627836336299978, 1.1074422071740007, 1.0679266200216637, 0.18135032952494795]","""0,1841,1,185,1000,13,2,7,1001,1,3,1""",3000,1574.96,21146.10
Problem_5Sat3Gs_0_4.json,1.5,7,3,-4.686589,"[-0.1777933606535333, -0.15359469508743648, -0.18217796775348852, -0.13975830696452302, -0.09285521653835418, -0.037992119520994065, -0.05311383582228569, 0.3187097506957801, 0.4582225933062659, 0.766301632106513, 1.1764044971865057, 1.1813715896038617, 1.0555043286263284, 0.9810634934903862]","""0,1924,1,105,1000,11,1001,4,2,4""",3000,2344.09,21915.23
Problem_5Sat3Gs_0_4.json,1.5,7,4,-4.686589,"[-0.1777933606535333, -0.15359469508743648, -0.18217796775348852, -0.13975830696452302, -0.09285521653835418, -0.037992119520994065, -0.05311383582228569, 0.3187097506957801, 0.4582225933062659, 0.766301632106513, 1.1764044971865057, 1.1813715896038617, 1.0555043286263284, 0.9810634934903862]","""0,1931,1,95,1000,16,1001,3,2,2,3,1""",3000,3114.61,22685.75
Problem_5Sat3Gs_0_4.json,1.5,7,5,-4.686589,"[-0.1777933606535333, -0.15359469508743648, -0.18217796775348852, -0.13975830696452302, -0.09285521653835418, -0.037992119520994065, -0.05311383582228569, 0.3187097506957801, 0.4582225933062659, 0.766301632106513, 1.1764044971865057, 1.1813715896038617, 1.0555043286263284, 0.9810634934903862]","""0,1929,1,99,1000,9,2,5,1001,5,1002,1""",3000,3884.94,23456.08
Problem_5Sat3Gs_0_4.json,1.5,7,6,-4.651103,"[-0.16549225468842688, -0.13961848056121218, -0.14143217502493077, -0.11194894543223544, -0.04903277150409328, -0.011847239873116389, -0.03135996107031594, 0.3462699681731029, 0.46178593685038977, 0.8958373628580618, 1.0627836336299978, 1.1074422071740007, 1.0679266200216637, 0.18135032952494795]","""0,1875,1,149,1000,16,2,5,1001,3""",3000,4657.10,24228.24
Problem_5Sat3Gs_0_4.json,1.5,7,7,-4.651103,"[-0.16549225468842688, -0.13961848056121218, -0.14143217502493077, -0.11194894543223544, -0.04903277150409328, -0.011847239873116389, -0.03135996107031594, 0.3462699681731029, 0.46178593685038977, 0.8958373628580618, 1.0627836336299978, 1.1074422071740007, 1.0679266200216637, 0.18135032952494795]","""0,1865,1,167,1000,10,2,5,2000,1""",3000,5424.92,24996.06
Problem_5Sat3Gs_0_4.json,1.5,7,8,-4.651103,"[-0.16549225468842688, -0.13961848056121218, -0.14143217502493077, -0.11194894543223544, -0.04903277150409328, -0.011847239873116389, -0.03135996107031594, 0.3462699681731029, 0.46178593685038977, 0.8958373628580618, 1.0627836336299978, 1.1074422071740007, 1.0679266200216637, 0.18135032952494795]","""0,1841,1,184,1000,15,1001,3,2,3,2000,2""",3000,6195.55,25766.69
Problem_5Sat3Gs_0_4.json,1.5,7,9,-4.686589,"[-0.1777933606535333, -0.15359469508743648, -0.18217796775348852, -0.13975830696452302, -0.09285521653835418, -0.037992119520994065, -0.05311383582228569, 0.3187097506957801, 0.4582225933062659, 0.766301632106513, 1.1764044971865057, 1.1813715896038617, 1.0555043286263284, 0.9810634934903862]","""0,1947,1,80,1000,11,2,8,1001,2""",3000,6963.25,26534.39
Problem_5Sat3Gs_0_4.json,1.5,7,10,-4.686589,"[-0.1777933606535333, -0.15359469508743648, -0.18217796775348852, -0.13975830696452302, -0.09285521653835418, -0.037992119520994065, -0.05311383582228569, 0.3187097506957801, 0.4582225933062659, 0.766301632106513, 1.1764044971865057, 1.1813715896038617, 1.0555043286263284, 0.9810634934903862]","""0,1922,1,108,1000,10,1001,4,2,2,1002,1,2000,1""",3000,7730.10,27301.24
Problem_5Sat3Gs_0_4.json,1.5,8,1,-4.702022,"[-0.17115773856620817, -0.1471883892255616, -0.1918456976511258, -0.1486728621722587, -0.11178449900076351, -0.05978659855900406, -0.04548852483542276, -0.03204977336689993, 0.31885993926880235, 0.41460789062745, 0.7673097409226259, 1.0671000153017196, 1.244411243425664, 1.0579018792919446, 0.9865792981055324, 0.8995579308714553]","""0,1959,1,68,1000,13,2,4,2000,4""",3000,889.06,28190.30
Problem_5Sat3Gs_0_4.json,1.5,8,2,-4.702022,"[-0.17115773856620817, -0.1471883892255616, -0.1918456976511258, -0.1486728621722587, -0.11178449900076351, -0.05978659855900406, -0.04548852483542276, -0.03204977336689993, 0.31885993926880235, 0.41460789062745, 0.7673097409226259, 1.0671000153017196, 1.244411243425664, 1.0579018792919446, 0.9865792981055324, 0.8995579308714553]","""0,1968,1,65,1000,8,1001,4,2,2,2000,1""",3000,1748.33,29049.57
Problem_5Sat3Gs_0_4.json,1.5,8,3,-4.702022,"[-0.17115773856620817, -0.1471883892255616, -0.1918456976511258, -0.1486728621722587, -0.11178449900076351, -0.05978659855900406, -0.04548852483542276, -0.03204977336689993, 0.31885993926880235, 0.41460789062745, 0.7673097409226259, 1.0671000153017196, 1.244411243425664, 1.0579018792919446, 0.9865792981055324, 0.8995579308714553]","""0,1962,1,69,1000,12,2,3,1001,1,2000,1""",3000,2616.71,29917.95
Problem_5Sat3Gs_0_4.json,1.5,8,4,-4.702022,"[-0.17115773856620817, -0.1471883892255616, -0.1918456976511258, -0.1486728621722587, -0.11178449900076351, -0.05978659855900406, -0.04548852483542276, -0.03204977336689993, 0.31885993926880235, 0.41460789062745, 0.7673097409226259, 1.0671000153017196, 1.244411243425664, 1.0579018792919446, 0.9865792981055324, 0.8995579308714553]","""0,1972,1,57,1000,11,2000,4,2,2,1001,2""",3000,3486.12,30787.36
Problem_5Sat3Gs_0_4.json,1.5,8,5,-4.702022,"[-0.17115773856620817, -0.1471883892255616, -0.1918456976511258, -0.1486728621722587, -0.11178449900076351, -0.05978659855900406, -0.04548852483542276, -0.03204977336689993, 0.31885993926880235, 0.41460789062745, 0.7673097409226259, 1.0671000153017196, 1.244411243425664, 1.0579018792919446, 0.9865792981055324, 0.8995579308714553]","""0,1987,1,47,1000,6,2000,4,2,3,1001,1""",3000,4351.88,31653.12
Problem_5Sat3Gs_0_4.json,1.5,8,6,-4.702022,"[-0.17115773856620817, -0.1471883892255616, -0.1918456976511258, -0.1486728621722587, -0.11178449900076351, -0.05978659855900406, -0.04548852483542276, -0.03204977336689993, 0.31885993926880235, 0.41460789062745, 0.7673097409226259, 1.0671000153017196, 1.244411243425664, 1.0579018792919446, 0.9865792981055324, 0.8995579308714553]","""0,1966,1,68,1000,7,1001,3,2,2,2000,2""",3000,5220.24,32521.48
Problem_5Sat3Gs_0_4.json,1.5,8,7,-4.702022,"[-0.17115773856620817, -0.1471883892255616, -0.1918456976511258, -0.1486728621722587, -0.11178449900076351, -0.05978659855900406, -0.04548852483542276, -0.03204977336689993, 0.31885993926880235, 0.41460789062745, 0.7673097409226259, 1.0671000153017196, 1.244411243425664, 1.0579018792919446, 0.9865792981055324, 0.8995579308714553]","""0,1968,1,65,1000,6,2,5,1001,3,2000,1""",3000,6084.26,33385.50
Problem_5Sat3Gs_0_4.json,1.5,8,8,-4.702022,"[-0.17115773856620817, -0.1471883892255616, -0.1918456976511258, -0.1486728621722587, -0.11178449900076351, -0.05978659855900406, -0.04548852483542276, -0.03204977336689993, 0.31885993926880235, 0.41460789062745, 0.7673097409226259, 1.0671000153017196, 1.244411243425664, 1.0579018792919446, 0.9865792981055324, 0.8995579308714553]","""0,1973,1,60,1000,7,2000,4,1001,2,2,2""",3000,6952.75,34253.99
Problem_5Sat3Gs_0_4.json,1.5,8,9,-4.702022,"[-0.17115773856620817, -0.1471883892255616, -0.1918456976511258, -0.1486728621722587, -0.11178449900076351, -0.05978659855900406, -0.04548852483542276, -0.03204977336689993, 0.31885993926880235, 0.41460789062745, 0.7673097409226259, 1.0671000153017196, 1.244411243425664, 1.0579018792919446, 0.9865792981055324, 0.8995579308714553]","""0,1957,1,61,1000,12,1001,7,2,5,2000,3,3,2,1002,1""",3000,7818.62,35119.86
Problem_5Sat3Gs_0_4.json,1.5,8,10,-4.702022,"[-0.17115773856620817, -0.1471883892255616, -0.1918456976511258, -0.1486728621722587, -0.11178449900076351, -0.05978659855900406, -0.04548852483542276, -0.03204977336689993, 0.31885993926880235, 0.41460789062745, 0.7673097409226259, 1.0671000153017196, 1.244411243425664, 1.0579018792919446, 0.9865792981055324, 0.8995579308714553]","""0,1966,1,61,1000,9,1001,6,2,4,1002,1,2000,1""",3000,8689.35,35990.59
Problem_5Sat3Gs_0_6.json,1.5,1,1,-3.583595,"[2.1110466643532044, 2.9927257732893255]","""1,506,2,312,1001,282,1000,273,2000,206,0,186,3,81,2001,76,1002,59,3000,44,4,7,2002,6,3001,5,4000,4,1003,1""",184,21.46,21.46
Problem_5Sat3Gs_0_6.json,1.5,1,2,-4.019866,"[-0.141686804321006, 0.9442184112914124]","""1,789,2,454,0,330,1001,123,1000,101,3,69,2000,66,2001,56,1002,23,3000,19,2002,8,3001,4,4000,3,4,2,1003,1""",204,37.20,37.20
Problem_5Sat3Gs_0_6.json,1.5,1,3,-4.019866,"[-0.141686804321006, 0.9442184112914124]","""1,809,2,462,0,318,1000,120,1001,107,2000,66,3,52,2001,50,3000,28,1002,19,2002,7,3001,5,4,3,4000,1,5,1""",204,52.94,52.94
Problem_5Sat3Gs_0_6.json,1.5,1,4,-4.019866,"[-0.141686804321006, 0.9442184112914124]","""1,842,2,475,0,308,1001,102,1000,90,2000,66,3,63,2001,54,3000,25,1002,12,3001,3,2002,3,4,3,4000,2""",204,68.68,68.68
Problem_5Sat3Gs_0_6.json,1.5,1,5,-4.019866,"[-0.141686804321006, 0.9442184112914124]","""1,831,2,452,0,294,1001,128,1000,106,2000,83,3,56,2001,46,3000,19,1002,19,2002,5,4,4,3001,3,4000,2""",204,84.43,84.43
Problem_5Sat3Gs_0_6.json,1.5,1,6,-4.019866,"[-0.141686804321006, 0.9442184112914124]","""1,859,2,424,0,287,1001,120,1000,114,2000,69,3,66,2001,48,1002,26,3000,22,3001,7,2002,5,4,1""",204,100.13,100.14
Problem_5Sat3Gs_0_6.json,1.5,1,7,-4.019866,"[-0.141686804321006, 0.9442184112914124]","""1,830,2,450,0,323,1000,108,1001,97,3,75,2000,65,2001,50,3000,20,1002,16,2002,7,4,4,3001,3""",204,115.95,115.95
Problem_5Sat3Gs_0_6.json,1.5,1,8,-4.019866,"[-0.141686804321006, 0.9442184112914124]","""1,807,2,460,0,307,1000,121,1001,116,3,71,2000,54,2001,53,3000,34,1002,16,2002,4,4,2,3001,2,4000,1""",204,131.83,131.83
Problem_5Sat3Gs_0_6.json,1.5,1,9,-4.019866,"[-0.141686804321006, 0.9442184112914124]","""1,780,2,504,0,306,1001,110,1000,107,3,68,2000,65,2001,47,3000,28,1002,15,3001,9,2002,5,4,3,1003,1""",204,147.52,147.52
Problem_5Sat3Gs_0_6.json,1.5,1,10,-4.019866,"[-0.141686804321006, 0.9442184112914124]","""1,790,2,470,0,325,1001,107,1000,100,3,85,2001,59,2000,59,1002,21,3000,16,3001,7,4,4,2002,4,1003,1""",204,163.31,163.31
Problem_5Sat3Gs_0_6.json,1.5,2,1,-4.722067,"[-0.15567442534027964, -0.11275518330638046, 0.7535358531469791, 1.2084004106001895]","""0,911,1,784,2,116,1000,97,1001,70,2000,29,3000,14,1002,13,3,8,2001,6""",428,58.57,221.89
Problem_5Sat3Gs_0_6.json,1.5,2,2,-4.722067,"[-0.15567442534027964, -0.11275518330638046, 0.7535358531469791, 1.2084004106001895]","""0,927,1,769,2,116,1000,93,1001,73,2000,30,3000,13,1002,10,3,9,2001,7,2002,1""",428,106.12,269.43
Problem_5Sat3Gs_0_6.json,1.5,2,3,-4.722067,"[-0.15567442534027964, -0.11275518330638046, 0.7535358531469791, 1.2084004106001895]","""0,904,1,772,2,122,1000,105,1001,90,2000,19,3000,10,1002,10,2001,7,3,6,4,1,4000,1,3001,1""",428,153.71,317.03
Problem_5Sat3Gs_0_6.json,1.5,2,4,-4.722067,"[-0.15567442534027964, -0.11275518330638046, 0.7535358531469791, 1.2084004106001895]","""0,907,1,750,2,133,1000,109,1001,77,2000,28,3,14,1002,13,3000,9,2001,7,3001,1""",428,201.83,365.14
Problem_5Sat3Gs_0_6.json,1.5,2,5,-4.722067,"[-0.15567442534027964, -0.11275518330638046, 0.7535358531469791, 1.2084004106001895]","""0,899,1,778,2,130,1000,98,1001,79,2000,21,1002,12,2001,11,3,10,3000,7,3001,2,4000,1""",428,249.76,413.08
Problem_5Sat3Gs_0_6.json,1.5,2,6,-4.722067,"[-0.15567442534027964, -0.11275518330638046, 0.7535358531469791, 1.2084004106001895]","""0,894,1,794,2,134,1001,86,1000,84,2000,22,3,10,1002,9,3000,9,2001,6""",428,297.27,460.58
Problem_5Sat3Gs_0_6.json,1.5,2,7,-4.722067,"[-0.15567442534027964, -0.11275518330638046, 0.7535358531469791, 1.2084004106001895]","""0,894,1,803,2,125,1000,96,1001,61,2000,21,2001,15,1002,12,3,8,3000,8,4000,2,1003,1,4,1,3001,1""",428,344.91,508.23
Problem_5Sat3Gs_0_6.json,1.5,2,8,-4.722067,"[-0.15567442534027964, -0.11275518330638046, 0.7535358531469791, 1.2084004106001895]","""0,909,1,758,2,145,1000,97,1001,77,2000,30,1002,11,3,7,2001,6,3000,5,3001,2,2002,1""",428,393.10,556.41
Problem_5Sat3Gs_0_6.json,1.5,2,9,-4.722067,"[-0.15567442534027964, -0.11275518330638046, 0.7535358531469791, 1.2084004106001895]","""0,938,1,757,2,127,1000,97,1001,66,2000,29,1002,12,2001,9,3000,7,3,5,4,1""",428,441.22,604.54
Problem_5Sat3Gs_0_6.json,1.5,2,10,-4.722067,"[-0.15567442534027964, -0.11275518330638046, 0.7535358531469791, 1.2084004106001895]","""0,916,1,776,2,123,1000,87,1001,82,2000,18,1002,15,3000,11,3,9,2001,8,4,2,1003,1""",428,489.09,652.41
Problem_5Sat3Gs_0_6.json,1.5,3,1,-5.060920,"[-0.19238903847154953, -0.14209945268417185, -0.09557414635426036, 0.5698247809289173, 1.0842015773717268, 1.1973704127986688]","""0,1340,1,490,1000,92,2,74,1001,23,2000,10,3000,8,3,5,1002,5,1003,1""",658,111.29,763.70
Problem_5Sat3Gs_0_6.json,1.5,3,2,-5.060914,"[-0.19247283775921, -0.14195895785297952, -0.09563652660960226, 0.5686704664377658, 1.0829840294253785, 1.1973813892310727]","""0,1365,1,481,1000,102,2,66,1001,18,2000,7,3000,4,3,3,2001,1,1002,1""",2935,539.48,1191.89
Problem_5Sat3Gs_0_6.json,1.5,3,3,-5.060920,"[-0.19238903847154953, -0.14209945268417185, -0.09557414635426036, 0.5698247809289173, 1.0842015773717268, 1.1973704127986688]","""0,1352,1,473,1000,121,2,55,1001,20,2000,9,3,8,1002,5,3000,4,2002,1""",658,635.61,1288.02
Problem_5Sat3Gs_0_6.json,1.5,3,4,-5.060920,"[-0.19238903847154953, -0.14209945268417185, -0.09557414635426036, 0.5698247809289173, 1.0842015773717268, 1.1973704127986688]","""0,1360,1,480,1000,107,2,56,1001,25,2000,10,2001,4,3000,3,3,2,1002,1""",658,733.25,1385.65
Problem_5Sat3Gs_0_6.json,1.5,3,5,-5.060920,"[-0.19238903847154953, -0.14209945268417185, -0.09557414635426036, 0.5698247809289173, 1.0842015773717268, 1.1973704127986688]","""0,1357,1,474,1000,101,2,68,1001,22,2000,10,3000,8,3,6,2001,1,1002,1""",658,831.06,1483.47
Problem_5Sat3Gs_0_6.json,1.5,3,6,-5.060920,"[-0.19238903847154953, -0.14209945268417185, -0.09557414635426036, 0.5698247809289173, 1.0842015773717268, 1.1973704127986688]","""0,1323,1,474,1000,129,2,65,1001,24,2000,17,3,6,3000,5,2001,5""",658,928.98,1581.38
Problem_5Sat3Gs_0_6.json,1.5,3,7,-5.060920,"[-0.19238903847154953, -0.14209945268417185, -0.09557414635426036, 0.5698247809289173, 1.0842015773717268, 1.1973704127986688]","""0,1376,1,459,1000,105,2,62,1001,23,2000,10,3,4,3000,3,1002,3,2001,2,2002,1""",658,1026.14,1678.54
Problem_5Sat3Gs_0_6.json,1.5,3,8,-5.060920,"[-0.19238903847154953, -0.14209945268417185, -0.09557414635426036, 0.5698247809289173, 1.0842015773717268, 1.1973704127986688]","""0,1361,1,476,1000,114,2,50,1001,21,3000,10,3,8,2000,5,1002,1,2001,1,4000,1""",658,1123.11,1775.52
Problem_5Sat3Gs_0_6.json,1.5,3,9,-5.060920,"[-0.19238903847154953, -0.14209945268417185, -0.09557414635426036, 0.5698247809289173, 1.0842015773717268, 1.1973704127986688]","""0,1369,1,467,1000,117,2,49,1001,24,3,8,2000,8,3000,3,1002,2,2001,1""",658,1220.07,1872.47
Problem_5Sat3Gs_0_6.json,1.5,3,10,-5.060914,"[-0.19247283775921, -0.14195895785297952, -0.09563652660960226, 0.5686704664377658, 1.0829840294253785, 1.1973813892310727]","""0,1377,1,455,1000,100,2,52,1001,30,2000,15,3,6,3000,5,2001,4,1002,3,4,1""",2935,1650.10,2302.50
Problem_5Sat3Gs_0_6.json,1.5,4,1,-5.087304,"[-0.1933410662016546, -0.14338934475652793, -0.15777883324233608, 0.06743717432513235, 0.5694650639891239, 1.0826965697513808, 1.0844699099500263, -0.1719896015368275]","""0,1393,1,459,1000,91,2,64,1001,13,2000,9,3000,9,1002,5,3,4,2001,1""",1446,287.25,2589.75
Problem_5Sat3Gs_0_6.json,1.5,4,2,-5.087304,"[-0.1933410662016546, -0.14338934475652793, -0.15777883324233608, 0.06743717432513235, 0.5694650639891239, 1.0826965697513808, 1.0844699099500263, -0.1719896015368275]","""0,1421,1,439,1000,73,2,61,1001,20,2000,15,3,9,3000,6,1002,2,4,1,2001,1""",1446,555.37,2857.88
Problem_5Sat3Gs_0_6.json,1.5,4,3,-5.087304,"[-0.1933410662016546, -0.14338934475652793, -0.15777883324233608, 0.06743717432513235, 0.5694650639891239, 1.0826965697513808, 1.0844699099500263, -0.1719896015368275]","""0,1396,1,455,1000,88,2,66,1001,15,2000,15,3000,6,3,5,2001,1,2002,1""",1446,823.94,3126.44
Problem_5Sat3Gs_0_6.json,1.5,4,4,-5.087304,"[-0.1933410662016546, -0.14338934475652793, -0.15777883324233608, 0.06743717432513235, 0.5694650639891239, 1.0826965697513808, 1.0844699099500263, -0.1719896015368275]","""0,1411,1,469,1000,83,2,42,1001,16,2000,11,3,6,3000,5,1002,3,2001,2""",1446,1091.53,3394.03
Problem_5Sat3Gs_0_6.json,1.5,4,5,-5.087304,"[-0.1933410662016546, -0.14338934475652793, -0.15777883324233608, 0.06743717432513235, 0.5694650639891239, 1.0826965697513808, 1.0844699099500263, -0.1719896015368275]","""0,1403,1,474,1000,76,2,48,2000,21,1001,17,1002,4,2001,3,3,1,3000,1""",1446,1358.51,3661.02
Problem_5Sat3Gs_0_6.json,1.5,4,6,-5.087304,"[-0.1933410662016546, -0.14338934475652793, -0.15777883324233608, 0.06743717432513235, 0.5694650639891239, 1.0826965697513808, 1.0844699099500263, -0.1719896015368275]","""0,1391,1,479,1000,78,2,56,1001,13,2000,10,3000,8,2001,6,3,5,3001,1,1002,1""",1446,1626.31,3928.82
Problem_5Sat3Gs_0_6.json,1.5,4,7,-5.087304,"[-0.1933410662016546, -0.14338934475652793, -0.15777883324233608, 0.06743717432513235, 0.5694650639891239, 1.0826965697513808, 1.0844699099500263, -0.1719896015368275]","""0,1390,1,487,1000,76,2,59,1001,14,3000,9,2000,6,3,6,1002,1""",1446,1894.56,4197.06
Problem_5Sat3Gs_0_6.json,1.5,4,8,-5.087304,"[-0.1933410662016546, -0.14338934475652793, -0.15777883324233608, 0.06743717432513235, 0.5694650639891239, 1.0826965697513808, 1.0844699099500263, -0.1719896015368275]","""0,1412,1,444,1000,95,2,52,1001,18,2000,12,3000,6,1002,4,3,3,4000,1,2001,1""",1446,2161.84,4464.34
Problem_5Sat3Gs_0_6.json,1.5,4,9,-5.087304,"[-0.1933410662016546, -0.14338934475652793, -0.15777883324233608, 0.06743717432513235, 0.5694650639891239, 1.0826965697513808, 1.0844699099500263, -0.1719896015368275]","""0,1408,1,460,1000,77,2,53,1001,27,2000,12,3,4,3000,3,2001,2,3001,1,1003,1""",1446,2429.14,4731.65
Problem_5Sat3Gs_0_6.json,1.5,4,10,-5.087304,"[-0.1933410662016546, -0.14338934475652793, -0.15777883324233608, 0.06743717432513235, 0.5694650639891239, 1.0826965697513808, 1.0844699099500263, -0.1719896015368275]","""0,1403,1,455,1000,75,2,59,1001,20,2000,13,3000,8,3,7,2001,5,1002,3""",1446,2697.58,5000.08
Problem_5Sat3Gs_0_6.json,1.5,5,1,-5.186433,"[-0.18706897301807313, -0.15790681431688325, -0.1648532431637339, 0.046320046955208326, -0.0688328286242949, 0.4287305656575029, 0.8295725015654616, 1.0719894358173485, -0.03413677804402671, 1.206793943405781]","""0,1513,1,413,1000,76,2,26,1001,14,2000,2,1002,2,3000,1,2001,1""",3000,688.41,5688.50
Problem_5Sat3Gs_0_6.json,1.5,5,2,-5.186433,"[-0.18706897301807313, -0.15790681431688325, -0.1648532431637339, 0.046320046955208326, -0.0688328286242949, 0.4287305656575029, 0.8295725015654616, 1.0719894358173485, -0.03413677804402671, 1.206793943405781]","""0,1535,1,402,1000,67,2,25,1001,12,2000,3,3000,3,3,1""",3000,1356.16,6356.25
Problem_5Sat3Gs_0_6.json,1.5,5,3,-5.186433,"[-0.18706897301807313, -0.15790681431688325, -0.1648532431637339, 0.046320046955208326, -0.0688328286242949, 0.4287305656575029, 0.8295725015654616, 1.0719894358173485, -0.03413677804402671, 1.206793943405781]","""0,1532,1,396,1000,73,2,25,1001,10,2000,5,3,4,3000,3""",3000,2022.28,7022.37
Problem_5Sat3Gs_0_6.json,1.5,5,4,-5.186433,"[-0.18706897301807313, -0.15790681431688325, -0.1648532431637339, 0.046320046955208326, -0.0688328286242949, 0.4287305656575029, 0.8295725015654616, 1.0719894358173485, -0.03413677804402671, 1.206793943405781]","""0,1493,1,421,1000,74,2,34,1001,11,2000,8,3,3,1002,2,3000,1,2001,1""",3000,2691.01,7691.09
Problem_5Sat3Gs_0_6.json,1.5,5,5,-5.186433,"[-0.18706897301807313, -0.15790681431688325, -0.1648532431637339, 0.046320046955208326, -0.0688328286242949, 0.4287305656575029, 0.8295725015654616, 1.0719894358173485, -0.03413677804402671, 1.206793943405781]","""0,1499,1,437,1000,64,2,30,1001,8,3,3,2000,3,3000,2,1002,1,2001,1""",3000,3354.26,8354.34
Problem_5Sat3Gs_0_6.json,1.5,5,6,-5.186433,"[-0.18706897301807313, -0.15790681431688325, -0.1648532431637339, 0.046320046955208326, -0.0688328286242949, 0.4287305656575029, 0.8295725015654616, 1.0719894358173485, -0.03413677804402671, 1.206793943405781]","""0,1488,1,444,1000,66,2,36,1001,8,2000,4,3000,1,3,1""",3000,4016.75,9016.83
Problem_5Sat3Gs_0_6.json,1.5,5,7,-5.186433,"[-0.18706897301807313, -0.15790681431688325, -0.1648532431637339, 0.046320046955208326, -0.0688328286242949, 0.4287305656575029, 0.8295725015654616, 1.0719894358173485, -0.03413677804402671, 1.206793943405781]","""0,1499,1,418,1000,67,2,38,1001,10,2000,9,3,2,3000,2,1003,1,4,1,2001,1""",3000,4679.68,9679.77
Problem_5Sat3Gs_0_6.json,1.5,5,8,-5.186433,"[-0.18706897301807313, -0.15790681431688325, -0.1648532431637339, 0.046320046955208326, -0.0688328286242949, 0.4287305656575029, 0.8295725015654616, 1.0719894358173485, -0.03413677804402671, 1.206793943405781]","""0,1484,1,445,1000,67,2,29,1001,8,2000,5,3,4,3000,3,2001,3""",3000,5344.97,10345.05
Problem_5Sat3Gs_0_6.json,1.5,5,9,-5.186433,"[-0.18706897301807313, -0.15790681431688325, -0.1648532431637339, 0.046320046955208326, -0.0688328286242949, 0.4287305656575029, 0.8295725015654616, 1.0719894358173485, -0.03413677804402671, 1.206793943405781]","""0,1487,1,447,1000,65,2,25,1001,15,2000,5,3,4""",3000,6008.64,11008.72
Problem_5Sat3Gs_0_6.json,1.5,5,10,-5.186433,"[-0.18706897301807313, -0.15790681431688325, -0.1648532431637339, 0.046320046955208326, -0.0688328286242949, 0.4287305656575029, 0.8295725015654616, 1.0719894358173485, -0.03413677804402671, 1.206793943405781]","""0,1530,1,392,1000,76,2,36,1001,10,2000,3,3000,1""",3000,6675.59,11675.67
Problem_5Sat3Gs_0_6.json,1.5,6,1,-5.257204,"[-0.22313414482594188, -0.18438765846880628, -0.20193283722772773, 0.053057067647094135, -0.09813566402212098, -0.06237988238656713, 0.32299826479489574, 0.7358723009809887, 0.9053748779453235, -0.07123309205816626, 1.2691272123687611, 1.1703697488922207]","""0,1611,1,357,1000,37,2,23,2000,7,1001,7,3,3,1002,2,2001,1""",3000,803.94,12479.62
Problem_5Sat3Gs_0_6.json,1.5,6,2,-5.257204,"[-0.22313414482594188, -0.18438765846880628, -0.20193283722772773, 0.053057067647094135, -0.09813566402212098, -0.06237988238656713, 0.32299826479489574, 0.7358723009809887, 0.9053748779453235, -0.07123309205816626, 1.2691272123687611, 1.1703697488922207]","""0,1631,1,356,1000,35,2,11,1001,4,1002,4,2000,3,3,3,3000,1""",3000,1575.48,13251.15
Problem_5Sat3Gs_0_6.json,1.5,6,3,-5.257204,"[-0.22313414482594188, -0.18438765846880628, -0.20193283722772773, 0.053057067647094135, -0.09813566402212098, -0.06237988238656713, 0.32299826479489574, 0.7358723009809887, 0.9053748779453235, -0.07123309205816626, 1.2691272123687611, 1.1703697488922207]","""0,1603,1,346,1000,47,2,32,1001,8,2000,6,3,3,1002,2,3000,1""",3000,2352.85,14028.53
Problem_5Sat3Gs_0_6.json,1.5,6,4,-5.257204,"[-0.22313414482594188, -0.18438765846880628, -0.20193283722772773, 0.053057067647094135, -0.09813566402212098, -0.06237988238656713, 0.32299826479489574, 0.7358723009809887, 0.9053748779453235, -0.07123309205816626, 1.2691272123687611, 1.1703697488922207]","""0,1607,1,360,1000,44,2,22,2000,5,1001,5,1002,2,2001,1,3000,1,3,1""",3000,3132.27,14807.95
Problem_5Sat3Gs_0_6.json,1.5,6,5,-5.257204,"[-0.22313414482594188, -0.18438765846880628, -0.20193283722772773, 0.053057067647094135, -0.09813566402212098, -0.06237988238656713, 0.32299826479489574, 0.7358723009809887, 0.9053748779453235, -0.07123309205816626, 1.2691272123687611, 1.1703697488922207]","""0,1606,1,367,1000,40,2,17,1001,7,3000,3,1002,3,2000,3,3,2""",3000,3912.30,15587.97
Problem_5Sat3Gs_0_6.json,1.5,6,6,-5.257204,"[-0.22313414482594188, -0.18438765846880628, -0.20193283722772773, 0.053057067647094135, -0.09813566402212098, -0.06237988238656713, 0.32299826479489574, 0.7358723009809887, 0.9053748779453235, -0.07123309205816626, 1.2691272123687611, 1.1703697488922207]","""0,1596,1,381,1000,36,2,17,1001,11,2000,3,3,2,1002,2""",3000,4689.18,16364.86
Problem_5Sat3Gs_0_6.json,1.5,6,7,-5.257204,"[-0.22313414482594188, -0.18438765846880628, -0.20193283722772773, 0.053057067647094135, -0.09813566402212098, -0.06237988238656713, 0.32299826479489574, 0.7358723009809887, 0.9053748779453235, -0.07123309205816626, 1.2691272123687611, 1.1703697488922207]","""0,1634,1,338,1000,40,2,19,1001,10,2000,5,3,1,1002,1""",3000,5466.46,17142.14
Problem_5Sat3Gs_0_6.json,1.5,6,8,-5.257204,"[-0.22313414482594188, -0.18438765846880628, -0.20193283722772773, 0.053057067647094135, -0.09813566402212098, -0.06237988238656713, 0.32299826479489574, 0.7358723009809887, 0.9053748779453235, -0.07123309205816626, 1.2691272123687611, 1.1703697488922207]","""0,1645,1,339,1000,29,2,14,1001,11,2000,4,1002,2,1003,1,3,1,3000,1,2001,1""",3000,6243.09,17918.76
Problem_5Sat3Gs_0_6.json,1.5,6,9,-5.257204,"[-0.22313414482594188, -0.18438765846880628, -0.20193283722772773, 0.053057067647094135, -0.09813566402212098, -0.06237988238656713, 0.32299826479489574, 0.7358723009809887, 0.9053748779453235, -0.07123309205816626, 1.2691272123687611, 1.1703697488922207]","""0,1623,1,358,1000,29,2,23,1001,11,3,1,3000,1,1002,1,2000,1""",3000,7023.46,18699.13
Problem_5Sat3Gs_0_6.json,1.5,6,10,-5.257204,"[-0.22313414482594188, -0.18438765846880628, -0.20193283722772773, 0.053057067647094135, -0.09813566402212098, -0.06237988238656713, 0.32299826479489574, 0.7358723009809887, 0.9053748779453235, -0.07123309205816626, 1.2691272123687611, 1.1703697488922207]","""0,1611,1,372,1000,32,2,20,1001,6,2000,4,3000,2,1002,1""",3000,7804.36,19480.03
Problem_5Sat3Gs_0_6.json,1.5,7,1,-5.341696,"[-0.22884398667535066, -0.20746326426044154, -0.22236627906737866, 0.049719712990719096, -0.1325070438442511, -0.09139601362541848, -0.05901049306948135, 0.32344235803615967, 0.6506642225478073, 0.8579182454683744, -0.16028168383292393, 1.2559140670312905, 1.230654908232009, 1.1901059021223612]","""0,1777,1,225,1000,18,2,12,1001,8,2000,4,3,2,3000,1,1002,1""",3000,920.21,20400.24
Problem_5Sat3Gs_0_6.json,1.5,7,2,-5.341696,"[-0.22884398667535066, -0.20746326426044154, -0.22236627906737866, 0.049719712990719096, -0.1325070438442511, -0.09139601362541848, -0.05901049306948135, 0.32344235803615967, 0.6506642225478073, 0.8579182454683744, -0.16028168383292393, 1.2559140670312905, 1.230654908232009, 1.1901059021223612]","""0,1786,1,213,2,19,1000,16,1001,7,2000,4,3000,2,2001,1""",3000,1811.87,21291.91
Problem_5Sat3Gs_0_6.json,1.5,7,3,-5.341696,"[-0.22884398667535066, -0.20746326426044154, -0.22236627906737866, 0.049719712990719096, -0.1325070438442511, -0.09139601362541848, -0.05901049306948135, 0.32344235803615967, 0.6506642225478073, 0.8579182454683744, -0.16028168383292393, 1.2559140670312905, 1.230654908232009, 1.1901059021223612]","""0,1793,1,216,2,16,1000,12,1001,6,3,2,2001,1,2000,1,3000,1""",3000,2703.22,22183.25
Problem_5Sat3Gs_0_6.json,1.5,7,4,-5.341696,"[-0.22884398667535066, -0.20746326426044154, -0.22236627906737866, 0.049719712990719096, -0.1325070438442511, -0.09139601362541848, -0.05901049306948135, 0.32344235803615967, 0.6506642225478073, 0.8579182454683744, -0.16028168383292393, 1.2559140670312905, 1.230654908232009, 1.1901059021223612]","""0,1803,1,200,1000,19,2,14,1001,5,2000,4,2001,2,3000,1""",3000,3597.26,23077.29
Problem_5Sat3Gs_0_6.json,1.5,7,5,-5.341696,"[-0.22884398667535066, -0.20746326426044154, -0.22236627906737866, 0.049719712990719096, -0.1325070438442511, -0.09139601362541848, -0.05901049306948135, 0.32344235803615967, 0.6506642225478073, 0.8579182454683744, -0.16028168383292393, 1.2559140670312905, 1.230654908232009, 1.1901059021223612]","""0,1801,1,199,2,18,1000,16,2000,5,1001,3,1002,2,2001,2,3,1,3000,1""",3000,4486.04,23966.07
Problem_5Sat3Gs_0_6.json,1.5,7,6,-5.341696,"[-0.22884398667535066, -0.20746326426044154, -0.22236627906737866, 0.049719712990719096, -0.1325070438442511, -0.09139601362541848, -0.05901049306948135, 0.32344235803615967, 0.6506642225478073, 0.8579182454683744, -0.16028168383292393, 1.2559140670312905, 1.230654908232009, 1.1901059021223612]","""0,1781,1,219,2,18,1000,16,1001,7,2000,5,3000,2""",3000,5374.56,24854.59
Problem_5Sat3Gs_0_6.json,1.5,7,7,-5.341696,"[-0.22884398667535066, -0.20746326426044154, -0.22236627906737866, 0.049719712990719096, -0.1325070438442511, -0.09139601362541848, -0.05901049306948135, 0.32344235803615967, 0.6506642225478073, 0.8579182454683744, -0.16028168383292393, 1.2559140670312905, 1.230654908232009, 1.1901059021223612]","""0,1795,1,201,2,22,1000,18,1001,6,2000,4,2001,1,3000,1""",3000,6266.75,25746.78
Problem_5Sat3Gs_0_6.json,1.5,7,8,-5.341696,"[-0.22884398667535066, -0.20746326426044154, -0.22236627906737866, 0.049719712990719096, -0.1325070438442511, -0.09139601362541848, -0.05901049306948135, 0.32344235803615967, 0.6506642225478073, 0.8579182454683744, -0.16028168383292393, 1.2559140670312905, 1.230654908232009, 1.1901059021223612]","""0,1791,1,201,2,19,1000,15,1001,6,2000,5,2001,4,1002,3,3,2,3000,2""",3000,7155.05,26635.08
Problem_5Sat3Gs_0_6.json,1.5,7,9,-5.341696,"[-0.22884398667535066, -0.20746326426044154, -0.22236627906737866, 0.049719712990719096, -0.1325070438442511, -0.09139601362541848, -0.05901049306948135, 0.32344235803615967, 0.6506642225478073, 0.8579182454683744, -0.16028168383292393, 1.2559140670312905, 1.230654908232009, 1.1901059021223612]","""0,1759,1,223,2,22,1000,22,1001,10,3000,8,3,2,2000,2""",3000,8039.90,27519.93
Problem_5Sat3Gs_0_6.json,1.5,7,10,-5.341696,"[-0.22884398667535066, -0.20746326426044154, -0.22236627906737866, 0.049719712990719096, -0.1325070438442511, -0.09139601362541848, -0.05901049306948135, 0.32344235803615967, 0.6506642225478073, 0.8579182454683744, -0.16028168383292393, 1.2559140670312905, 1.230654908232009, 1.1901059021223612]","""0,1779,1,217,2,23,1000,16,3000,5,2000,5,1001,2,1002,1""",3000,8930.90,28410.93
Problem_5Sat3Gs_0_6.json,1.5,8,1,-5.387160,"[-0.21375765654586434, -0.2004881229989584, -0.2295607712878044, 0.04473153918188808, -0.14694684084578002, -0.11426938174524609, -0.0770587694658532, -0.045562284050562854, 0.2912859953637172, 0.6221232261846509, 0.7961899046536338, -0.18332650592403507, 1.2541356675554391, 1.1244815608890717, 1.2484583839668955, 1.127792441421333]","""0,1835,1,171,2,17,1000,10,1001,5,3000,4,2001,3,3,2,2000,1""",3000,1041.21,29452.14
Problem_5Sat3Gs_0_6.json,1.5,8,2,-5.387160,"[-0.21375765654586434, -0.2004881229989584, -0.2295607712878044, 0.04473153918188808, -0.14694684084578002, -0.11426938174524609, -0.0770587694658532, -0.045562284050562854, 0.2912859953637172, 0.6221232261846509, 0.7961899046536338, -0.18332650592403507, 1.2541356675554391, 1.1244815608890717, 1.2484583839668955, 1.127792441421333]","""0,1852,1,160,1000,16,2,8,1001,5,2001,3,3000,2,3,1,1002,1""",3000,2036.68,30447.61
Problem_5Sat3Gs_0_6.json,1.5,8,3,-5.387160,"[-0.21375765654586434, -0.2004881229989584, -0.2295607712878044, 0.04473153918188808, -0.14694684084578002, -0.11426938174524609, -0.0770587694658532, -0.045562284050562854, 0.2912859953637172, 0.6221232261846509, 0.7961899046536338, -0.18332650592403507, 1.2541356675554391, 1.1244815608890717, 1.2484583839668955, 1.127792441421333]","""0,1848,1,167,1000,16,1001,6,2,3,1002,2,2001,2,3000,2,2000,2""",3000,3034.48,31445.40
Problem_5Sat3Gs_0_6.json,1.5,8,4,-5.387160,"[-0.21375765654586434, -0.2004881229989584, -0.2295607712878044, 0.04473153918188808, -0.14694684084578002, -0.11426938174524609, -0.0770587694658532, -0.045562284050562854, 0.2912859953637172, 0.6221232261846509, 0.7961899046536338, -0.18332650592403507, 1.2541356675554391, 1.1244815608890717, 1.2484583839668955, 1.127792441421333]","""0,1849,1,162,1000,16,2,13,1002,3,2001,2,1001,2,3000,1""",3000,4030.45,32441.38
Problem_5Sat3Gs_0_6.json,1.5,8,5,-5.387160,"[-0.21375765654586434, -0.2004881229989584, -0.2295607712878044, 0.04473153918188808, -0.14694684084578002, -0.11426938174524609, -0.0770587694658532, -0.045562284050562854, 0.2912859953637172, 0.6221232261846509, 0.7961899046536338, -0.18332650592403507, 1.2541356675554391, 1.1244815608890717, 1.2484583839668955, 1.127792441421333]","""0,1846,1,172,1000,13,2,12,1001,4,2001,1""",3000,5021.39,33432.31
Problem_5Sat3Gs_0_6.json,1.5,8,6,-5.387160,"[-0.21375765654586434, -0.2004881229989584, -0.2295607712878044, 0.04473153918188808, -0.14694684084578002, -0.11426938174524609, -0.0770587694658532, -0.045562284050562854, 0.2912859953637172, 0.6221232261846509, 0.7961899046536338, -0.18332650592403507, 1.2541356675554391, 1.1244815608890717, 1.2484583839668955, 1.127792441421333]","""0,1850,1,179,1000,8,2,4,1001,3,2000,2,3000,1,2001,1""",3000,6015.16,34426.09
Problem_5Sat3Gs_0_6.json,1.5,8,7,-5.387160,"[-0.21375765654586434, -0.2004881229989584, -0.2295607712878044, 0.04473153918188808, -0.14694684084578002, -0.11426938174524609, -0.0770587694658532, -0.045562284050562854, 0.2912859953637172, 0.6221232261846509, 0.7961899046536338, -0.18332650592403507, 1.2541356675554391, 1.1244815608890717, 1.2484583839668955, 1.127792441421333]","""0,1842,1,169,2,14,1000,12,1001,5,2000,3,3000,2,2001,1""",3000,7014.24,35425.16
Problem_5Sat3Gs_0_6.json,1.5,8,8,-5.387160,"[-0.21375765654586434, -0.2004881229989584, -0.2295607712878044, 0.04473153918188808, -0.14694684084578002, -0.11426938174524609, -0.0770587694658532, -0.045562284050562854, 0.2912859953637172, 0.6221232261846509, 0.7961899046536338, -0.18332650592403507, 1.2541356675554391, 1.1244815608890717, 1.2484583839668955, 1.127792441421333]","""0,1864,1,154,2,15,1000,10,3000,2,1001,2,1002,1""",3000,8012.61,36423.54
Problem_5Sat3Gs_0_6.json,1.5,8,9,-5.387160,"[-0.21375765654586434, -0.2004881229989584, -0.2295607712878044, 0.04473153918188808, -0.14694684084578002, -0.11426938174524609, -0.0770587694658532, -0.045562284050562854, 0.2912859953637172, 0.6221232261846509, 0.7961899046536338, -0.18332650592403507, 1.2541356675554391, 1.1244815608890717, 1.2484583839668955, 1.127792441421333]","""0,1867,1,153,2,10,1000,7,1001,4,2000,2,3000,1,3,1,2002,1,1003,1,2001,1""",3000,9014.73,37425.66
Problem_5Sat3Gs_0_6.json,1.5,8,10,-5.387160,"[-0.21375765654586434, -0.2004881229989584, -0.2295607712878044, 0.04473153918188808, -0.14694684084578002, -0.11426938174524609, -0.0770587694658532, -0.045562284050562854, 0.2912859953637172, 0.6221232261846509, 0.7961899046536338, -0.18332650592403507, 1.2541356675554391, 1.1244815608890717, 1.2484583839668955, 1.127792441421333]","""0,1856,1,159,1001,10,1000,9,2,7,3000,2,3,2,1002,1,2000,1,2001,1""",3000,10015.17,38426.10
Problem_5Sat3Gs_0_12.json,1.5,1,1,-3.889041,"[-0.1347678517321663, 0.9277522423044413]","""1,788,2,557,0,210,1001,138,1000,131,3,73,2000,47,2001,39,3000,28,1002,25,4,7,3001,4,2002,1""",136,17.93,17.94
Problem_5Sat3Gs_0_12.json,1.5,1,2,-3.889041,"[-0.1347678517321663, 0.9277522423044413]","""1,839,2,493,0,196,1001,147,1000,139,3,76,2000,53,2001,45,3000,25,1002,19,3001,6,2002,4,4,3,1003,3""",136,28.90,28.90
Problem_5Sat3Gs_0_12.json,1.5,1,3,-3.889041,"[-0.1347678517321663, 0.9277522423044413]","""1,783,2,517,0,220,1000,148,1001,142,3,79,2000,44,2001,43,3000,35,1002,24,3001,6,2002,3,4,3,4000,1""",136,39.92,39.92
Problem_5Sat3Gs_0_12.json,1.5,1,4,-3.889041,"[-0.1347678517321663, 0.9277522423044413]","""1,786,2,517,0,210,1000,143,1001,137,3,84,2001,58,2000,48,3000,31,1002,21,3001,6,4,3,1003,2,4000,1,2002,1""",136,50.98,50.98
Problem_5Sat3Gs_0_12.json,1.5,1,5,-3.889041,"[-0.1347678517321663, 0.9277522423044413]","""1,779,2,548,0,176,1001,155,1000,137,3,90,2000,51,2001,41,3000,31,1002,26,3001,6,2002,3,4,3,1003,1,4000,1""",136,61.92,61.92
Problem_5Sat3Gs_0_12.json,1.5,1,6,-3.889041,"[-0.1347678517321663, 0.9277522423044413]","""1,771,2,548,0,203,1001,166,1000,121,3,82,2000,49,2001,43,1002,25,3000,24,3001,6,2002,6,4,4""",136,72.92,72.92
Problem_5Sat3Gs_0_12.json,1.5,1,7,-3.889041,"[-0.1347678517321663, 0.9277522423044413]","""1,820,2,553,0,196,1001,137,1000,104,3,91,2001,48,2000,46,1002,21,3000,18,2002,7,3001,4,4,3""",136,83.99,83.99
Problem_5Sat3Gs_0_12.json,1.5,1,8,-3.889041,"[-0.1347678517321663, 0.9277522423044413]","""1,774,2,543,0,217,1001,143,1000,139,3,82,2001,59,2000,39,1002,22,3000,14,3001,7,4,5,2002,2,1003,1,4000,1""",136,95.03,95.03
Problem_5Sat3Gs_0_12.json,1.5,1,9,-3.889041,"[-0.1347678517321663, 0.9277522423044413]","""1,808,2,549,0,192,1001,149,1000,116,3,92,2000,46,2001,46,1002,22,3000,18,4,4,3001,4,2002,2""",136,106.06,106.06
Problem_5Sat3Gs_0_12.json,1.5,1,10,-3.889041,"[-0.1347678517321663, 0.9277522423044413]","""1,783,2,564,0,189,1001,141,1000,133,3,94,2001,65,2000,33,3000,24,1002,13,3001,5,4,2,2002,2""",136,117.07,117.08
Problem_5Sat3Gs_0_12.json,1.5,2,1,-4.526876,"[-0.14731781656074605, -0.10418180941516265, 0.751458394631348, 1.2371144538704641]","""1,954,0,577,2,235,1000,114,1001,98,3000,21,2000,18,3,15,1002,11,2001,3,4,1,3001,1""",474,63.62,180.69
Problem_5Sat3Gs_0_12.json,1.5,2,2,-4.526876,"[-0.14731781656074605, -0.10418180941516265, 0.751458394631348, 1.2371144538704641]","""1,906,0,641,2,208,1000,130,1001,96,2000,24,3,15,3000,13,1002,10,4,2,2001,2,3001,1""",474,116.43,233.51
Problem_5Sat3Gs_0_12.json,1.5,2,3,-4.526876,"[-0.14731781656074605, -0.10418180941516265, 0.751458394631348, 1.2371144538704641]","""1,938,0,617,2,218,1000,115,1001,94,2000,20,3,15,1002,12,3000,11,2001,4,4,2,1003,1,3001,1""",474,169.13,286.21
Problem_5Sat3Gs_0_12.json,1.5,2,4,-4.526876,"[-0.14731781656074605, -0.10418180941516265, 0.751458394631348, 1.2371144538704641]","""1,976,0,608,2,189,1000,143,1001,75,2000,16,3,13,1002,11,3000,10,2001,5,2002,1,4,1""",474,222.32,339.40
Problem_5Sat3Gs_0_12.json,1.5,2,5,-4.526876,"[-0.14731781656074605, -0.10418180941516265, 0.751458394631348, 1.2371144538704641]","""1,936,0,642,2,219,1000,116,1001,68,2000,19,1002,18,3,14,3000,8,2001,7,3001,1""",474,275.11,392.18
Problem_5Sat3Gs_0_12.json,1.5,2,6,-4.526876,"[-0.14731781656074605, -0.10418180941516265, 0.751458394631348, 1.2371144538704641]","""1,918,0,647,2,218,1000,108,1001,81,3,21,2000,20,1002,17,3000,13,2001,3,3001,1,1003,1""",474,327.52,444.59
Problem_5Sat3Gs_0_12.json,1.5,2,7,-4.526876,"[-0.14731781656074605, -0.10418180941516265, 0.751458394631348, 1.2371144538704641]","""1,955,0,628,2,212,1000,112,1001,72,2000,19,3000,15,1002,15,3,14,2001,4,3001,2""",474,379.52,496.59
Problem_5Sat3Gs_0_12.json,1.5,2,8,-4.526876,"[-0.14731781656074605, -0.10418180941516265, 0.751458394631348, 1.2371144538704641]","""1,933,0,623,2,203,1000,129,1001,89,2000,22,3000,16,3,14,1002,13,2001,4,3001,1,4,1""",474,431.61,548.69
Problem_5Sat3Gs_0_12.json,1.5,2,9,-4.526876,"[-0.14731781656074605, -0.10418180941516265, 0.751458394631348, 1.2371144538704641]","""1,918,0,626,2,228,1000,124,1001,71,1002,21,3000,20,2000,18,3,13,2001,4,4000,2,3001,2,4,1""",474,483.99,601.07
Problem_5Sat3Gs_0_12.json,1.5,2,10,-4.526876,"[-0.14731781656074605, -0.10418180941516265, 0.751458394631348, 1.2371144538704641]","""1,980,0,610,2,200,1000,119,1001,79,2000,14,3000,14,1002,14,3,10,2001,6,3001,1,2002,1""",474,536.89,653.97
Problem_5Sat3Gs_0_12.json,1.5,3,1,-4.858585,"[-0.18996540965103093, -0.13698747312928103, -0.09473907821892091, 0.60573885787685, 1.1171901044575223, 1.2323480397146047]","""0,1098,1,575,1000,195,2,97,1001,45,2000,12,3000,10,3,8,1002,5,2001,2,4,1""",650,110.98,764.95
Problem_5Sat3Gs_0_12.json,1.5,3,2,-4.858585,"[-0.18996540965103093, -0.13698747312928103, -0.09473907821892091, 0.60573885787685, 1.1171901044575223, 1.2323480397146047]","""0,1073,1,576,1000,191,2,114,1001,55,3000,12,2000,10,1002,7,3,5,2001,3,4000,1,3001,1""",650,207.50,861.47
Problem_5Sat3Gs_0_12.json,1.5,3,3,-4.858585,"[-0.18996540965103093, -0.13698747312928103, -0.09473907821892091, 0.60573885787685, 1.1171901044575223, 1.2323480397146047]","""0,1110,1,588,1000,174,2,97,1001,47,3000,8,2000,7,1002,7,3,6,2001,2,4,1,3001,1""",650,304.08,958.05
Problem_5Sat3Gs_0_12.json,1.5,3,4,-4.858585,"[-0.18996540965103093, -0.13698747312928103, -0.09473907821892091, 0.60573885787685, 1.1171901044575223, 1.2323480397146047]","""0,1087,1,574,1000,197,2,108,1001,52,3000,12,2000,5,2001,5,3,4,1002,2,1003,1,2002,1""",650,399.84,1053.81
Problem_5Sat3Gs_0_12.json,1.5,3,5,-4.858585,"[-0.18996540965103093, -0.13698747312928103, -0.09473907821892091, 0.60573885787685, 1.1171901044575223, 1.2323480397146047]","""0,1068,1,590,1000,192,2,109,1001,49,2000,17,1002,8,3000,6,3,4,2001,2,3001,2,2002,1""",650,495.37,1149.34
Problem_5Sat3Gs_0_12.json,1.5,3,6,-4.858585,"[-0.18996540965103093, -0.13698747312928103, -0.09473907821892091, 0.60573885787685, 1.1171901044575223, 1.2323480397146047]","""0,1061,1,616,1000,202,2,90,1001,43,3000,15,2000,7,3,7,1002,4,2001,2,4000,1""",650,590.36,1244.33
Problem_5Sat3Gs_0_12.json,1.5,3,7,-4.858585,"[-0.18996540965103093, -0.13698747312928103, -0.09473907821892091, 0.60573885787685, 1.1171901044575223, 1.2323480397146047]","""0,1070,1,609,1000,187,2,103,1001,48,2000,10,3000,9,3,7,1002,4,4,1""",650,685.78,1339.75
Problem_5Sat3Gs_0_12.json,1.5,3,8,-4.858585,"[-0.18996540965103093, -0.13698747312928103, -0.09473907821892091, 0.60573885787685, 1.1171901044575223, 1.2323480397146047]","""0,1066,1,600,1000,209,2,92,1001,43,3000,15,2000,12,1002,5,3,3,3001,2,2001,1""",650,782.27,1436.24
Problem_5Sat3Gs_0_12.json,1.5,3,9,-4.858585,"[-0.18996540965103093, -0.13698747312928103, -0.09473907821892091, 0.60573885787685, 1.1171901044575223, 1.2323480397146047]","""0,1120,1,596,1000,179,2,84,1001,35,2000,12,3,9,3000,9,1002,2,4,2""",650,878.89,1532.85
Problem_5Sat3Gs_0_12.json,1.5,3,10,-4.858585,"[-0.18996540965103093, -0.13698747312928103, -0.09473907821892091, 0.60573885787685, 1.1171901044575223, 1.2323480397146047]","""0,1104,1,565,1000,199,2,106,1001,45,2000,9,1002,6,2001,5,3000,5,3,4""",650,975.69,1629.65
Problem_5Sat3Gs_0_12.json,1.5,4,1,-4.875364,"[-0.1900890738866184, -0.13571197782235828, -0.06342127902302154, -0.03958560045037937, 0.5962077264991194, 1.0909462847920057, 1.119431648516635, 0.3230103602532378]","""0,1119,1,579,1000,168,2,93,1001,41,2000,19,3000,15,3,5,2001,4,1002,3,4000,1,4,1""",3000,569.78,2199.44
Problem_5Sat3Gs_0_12.json,1.5,4,2,-5.026365,"[-0.191498114358792, -0.16712011340086133, -0.12581047889329686, -0.07567677382888881, 0.49476945516263054, 0.9370481772394972, 1.1624324524483574, 1.2170227554098105]","""0,1314,1,463,1000,135,2,78,1001,33,3000,8,3,8,2000,7,1002,1,2001,1""",1589,863.33,2492.99
Problem_5Sat3Gs_0_12.json,1.5,4,3,-5.026365,"[-0.191498114358792, -0.16712011340086133, -0.12581047889329686, -0.07567677382888881, 0.49476945516263054, 0.9370481772394972, 1.1624324524483574, 1.2170227554098105]","""0,1325,1,455,1000,148,2,76,1001,17,3000,9,3,7,2000,6,1002,4,2001,1""",1589,1157.37,2787.02
Problem_5Sat3Gs_0_12.json,1.5,4,4,-4.875364,"[-0.1900890738866184, -0.13571197782235828, -0.06342127902302154, -0.03958560045037937, 0.5962077264991194, 1.0909462847920057, 1.119431648516635, 0.3230103602532378]","""0,1097,1,600,1000,180,2,86,1001,46,2000,19,3000,10,3,5,1002,3,3001,1,2001,1""",3000,1706.30,3335.96
Problem_5Sat3Gs_0_12.json,1.5,4,5,-5.026365,"[-0.191498114358792, -0.16712011340086133, -0.12581047889329686, -0.07567677382888881, 0.49476945516263054, 0.9370481772394972, 1.1624324524483574, 1.2170227554098105]","""0,1315,1,469,1000,152,2,56,1001,34,3,9,2000,7,3000,3,2001,1,4,1,1002,1""",1589,1991.73,3621.39
Problem_5Sat3Gs_0_12.json,1.5,4,6,-4.875364,"[-0.1900890738866184, -0.13571197782235828, -0.06342127902302154, -0.03958560045037937, 0.5962077264991194, 1.0909462847920057, 1.119431648516635, 0.3230103602532378]","""0,1079,1,607,1000,185,2,84,1001,47,3000,14,2000,10,3,10,1002,8,2001,4""",3000,2526.98,4156.64
Problem_5Sat3Gs_0_12.json,1.5,4,7,-5.026365,"[-0.191498114358792, -0.16712011340086133, -0.12581047889329686, -0.07567677382888881, 0.49476945516263054, 0.9370481772394972, 1.1624324524483574, 1.2170227554098105]","""0,1314,1,476,1000,151,2,60,1001,31,3000,6,1002,3,2000,2,3,2,2001,2,4000,1""",1589,2808.54,4438.19
Problem_5Sat3Gs_0_12.json,1.5,4,8,-5.026365,"[-0.191498114358792, -0.16712011340086133, -0.12581047889329686, -0.07567677382888881, 0.49476945516263054, 0.9370481772394972, 1.1624324524483574, 1.2170227554098105]","""0,1357,1,433,1000,148,2,67,1001,26,2000,5,3000,3,1002,3,3,2,4000,2,3001,1,1003,1""",1589,3084.68,4714.34
Problem_5Sat3Gs_0_12.json,1.5,4,9,-5.026365,"[-0.191498114358792, -0.16712011340086133, -0.12581047889329686, -0.07567677382888881, 0.49476945516263054, 0.9370481772394972, 1.1624324524483574, 1.2170227554098105]","""0,1299,1,485,1000,153,2,69,1001,29,2000,5,3000,4,1002,3,3,1""",1589,3368.12,4997.78
Problem_5Sat3Gs_0_12.json,1.5,4,10,-5.026365,"[-0.191498114358792, -0.16712011340086133, -0.12581047889329686, -0.07567677382888881, 0.49476945516263054, 0.9370481772394972, 1.1624324524483574, 1.2170227554098105]","""0,1327,1,455,1000,156,2,63,1001,26,3000,7,3,5,2000,4,2001,3,1002,2""",1589,3654.37,5284.03
Problem_5Sat3Gs_0_12.json,1.5,5,1,-5.035071,"[-0.19467022067833478, -0.171043842897904, -0.12651393369922492, -0.04977318599907287, -0.031955979701465194, 0.4930316307431464, 0.9484526315583706, 1.1592280287506391, 1.1367947775531835, 0.27605465445282856]","""0,1287,1,501,1000,145,2,63,1001,25,2000,11,3,7,3000,6,2001,2,1002,1""",3000,673.35,5957.37
Problem_5Sat3Gs_0_12.json,1.5,5,2,-5.035071,"[-0.19467022067833478, -0.171043842897904, -0.12651393369922492, -0.04977318599907287, -0.031955979701465194, 0.4930316307431464, 0.9484526315583706, 1.1592280287506391, 1.1367947775531835, 0.27605465445282856]","""0,1294,1,493,1000,142,2,72,1001,24,3000,8,2000,5,3,4,2001,2,1002,2,4,1,3001,1""",3000,1335.65,6619.68
Problem_5Sat3Gs_0_12.json,1.5,5,3,-5.156309,"[-0.20057507088913767, -0.18028385480496936, -0.16530295932032193, -0.10907952122623334, -0.07193435113487855, 0.44992644863811065, 0.8663337321797822, 1.063823462314773, 1.2531492644489308, 1.3119055723160737]","""0,1521,1,376,1000,71,2,49,1001,11,2000,8,3,7,2001,2,1002,2,3000,1""",2871,1971.16,7255.18
Problem_5Sat3Gs_0_12.json,1.5,5,4,-5.035071,"[-0.19467022067833478, -0.171043842897904, -0.12651393369922492, -0.04977318599907287, -0.031955979701465194, 0.4930316307431464, 0.9484526315583706, 1.1592280287506391, 1.1367947775531835, 0.27605465445282856]","""0,1338,1,465,1000,128,2,74,1001,25,3000,6,2000,6,3,3,2001,2,1002,1""",3000,2636.45,7920.48
Problem_5Sat3Gs_0_12.json,1.5,5,5,-5.035071,"[-0.19467022067833478, -0.171043842897904, -0.12651393369922492, -0.04977318599907287, -0.031955979701465194, 0.4930316307431464, 0.9484526315583706, 1.1592280287506391, 1.1367947775531835, 0.27605465445282856]","""0,1284,1,503,1000,131,2,75,1001,29,1002,8,3000,7,2000,7,4,1,2001,1,2002,1,3,1""",3000,3301.63,8585.66
Problem_5Sat3Gs_0_12.json,1.5,5,6,-5.035071,"[-0.19467022067833478, -0.171043842897904, -0.12651393369922492, -0.04977318599907287, -0.031955979701465194, 0.4930316307431464, 0.9484526315583706, 1.1592280287506391, 1.1367947775531835, 0.27605465445282856]","""0,1376,1,438,1000,121,2,78,1001,20,2000,6,3,5,3000,2,2001,1,1002,1""",3000,3955.18,9239.21
Problem_5Sat3Gs_0_12.json,1.5,5,7,-5.156309,"[-0.20057507088913767, -0.18028385480496936, -0.16530295932032193, -0.10907952122623334, -0.07193435113487855, 0.44992644863811065, 0.8663337321797822, 1.063823462314773, 1.2531492644489308, 1.3119055723160737]","""0,1515,1,381,1000,70,2,48,1001,18,3000,6,2000,5,3,2,3001,1,2001,1,1002,1""",2871,4579.29,9863.32
Problem_5Sat3Gs_0_12.json,1.5,5,8,-5.156309,"[-0.20057507088913767, -0.18028385480496936, -0.16530295932032193, -0.10907952122623334, -0.07193435113487855, 0.44992644863811065, 0.8663337321797822, 1.063823462314773, 1.2531492644489308, 1.3119055723160737]","""0,1479,1,410,1000,78,2,50,1001,9,2000,7,2001,5,3000,4,3,3,1002,2,3001,1""",2871,5212.94,10496.97
Problem_5Sat3Gs_0_12.json,1.5,5,9,-5.035071,"[-0.19467022067833478, -0.171043842897904, -0.12651393369922492, -0.04977318599907287, -0.031955979701465194, 0.4930316307431464, 0.9484526315583706, 1.1592280287506391, 1.1367947775531835, 0.27605465445282856]","""0,1365,1,451,1000,129,2,61,1001,19,3000,8,2000,6,1002,4,4,2,3,2,2001,1""",3000,5880.62,11164.65
Problem_5Sat3Gs_0_12.json,1.5,5,10,-5.156309,"[-0.20057507088913767, -0.18028385480496936, -0.16530295932032193, -0.10907952122623334, -0.07193435113487855, 0.44992644863811065, 0.8663337321797822, 1.063823462314773, 1.2531492644489308, 1.3119055723160737]","""0,1495,1,397,1000,66,2,46,1001,13,2000,10,3,9,3000,7,1002,3,4,1,2001,1""",2871,6513.34,11797.37
Problem_5Sat3Gs_0_12.json,1.5,6,1,-5.284021,"[-0.20136371667891106, -0.18796514277056264, -0.17541672126606614, -0.15011704464738349, -0.10322598405409555, -0.07018444488671884, 0.43737687994927593, 0.8469231444716804, 1.0224629759450445, 1.1650423959553122, 1.332584895154609, 1.3270087524423764]","""0,1739,1,207,1000,40,2,34,1001,11,2000,8,3000,4,3,2,1002,1,3001,1,2001,1""",3000,799.60,12596.97
Problem_5Sat3Gs_0_12.json,1.5,6,2,-5.284021,"[-0.20136371667891106, -0.18796514277056264, -0.17541672126606614, -0.15011704464738349, -0.10322598405409555, -0.07018444488671884, 0.43737687994927593, 0.8469231444716804, 1.0224629759450445, 1.1650423959553122, 1.332584895154609, 1.3270087524423764]","""0,1713,1,221,2,45,1000,37,1001,16,3000,4,2000,4,2001,4,3,3,1002,1""",3000,1573.46,13370.83
Problem_5Sat3Gs_0_12.json,1.5,6,3,-5.284021,"[-0.20136371667891106, -0.18796514277056264, -0.17541672126606614, -0.15011704464738349, -0.10322598405409555, -0.07018444488671884, 0.43737687994927593, 0.8469231444716804, 1.0224629759450445, 1.1650423959553122, 1.332584895154609, 1.3270087524423764]","""0,1722,1,237,2,36,1000,30,1001,9,2000,5,3000,5,1002,3,3,1""",3000,2359.17,14156.54
Problem_5Sat3Gs_0_12.json,1.5,6,4,-5.284021,"[-0.20136371667891106, -0.18796514277056264, -0.17541672126606614, -0.15011704464738349, -0.10322598405409555, -0.07018444488671884, 0.43737687994927593, 0.8469231444716804, 1.0224629759450445, 1.1650423959553122, 1.332584895154609, 1.3270087524423764]","""0,1720,1,227,1000,46,2,37,1001,10,3000,5,2000,1,1002,1,2001,1""",3000,3115.77,14913.14
Problem_5Sat3Gs_0_12.json,1.5,6,5,-5.284021,"[-0.20136371667891106, -0.18796514277056264, -0.17541672126606614, -0.15011704464738349, -0.10322598405409555, -0.07018444488671884, 0.43737687994927593, 0.8469231444716804, 1.0224629759450445, 1.1650423959553122, 1.332584895154609, 1.3270087524423764]","""0,1735,1,213,1000,40,2,39,1001,9,2000,7,3000,2,2001,2,1003,1""",3000,3885.38,15682.75
Problem_5Sat3Gs_0_12.json,1.5,6,6,-5.284021,"[-0.20136371667891106, -0.18796514277056264, -0.17541672126606614, -0.15011704464738349, -0.10322598405409555, -0.07018444488671884, 0.43737687994927593, 0.8469231444716804, 1.0224629759450445, 1.1650423959553122, 1.332584895154609, 1.3270087524423764]","""0,1722,1,220,1000,36,2,34,1001,18,3000,6,2000,4,2001,3,3,2,1002,2,3001,1""",3000,4654.94,16452.32
Problem_5Sat3Gs_0_12.json,1.5,6,7,-5.284116,"[-0.2010088132477218, -0.1877904988977186, -0.17556066360642303, -0.1504911948570999, -0.10324965210763468, -0.07024042307076693, 0.43673287680251055, 0.8458505022423246, 1.0222414106749242, 1.167926469182346, 1.3339481601704741, 1.334073375607607]","""0,1708,1,221,2,39,1000,38,1001,16,3000,11,2000,9,2001,3,3,2,1002,1""",2849,5385.65,17183.02
Problem_5Sat3Gs_0_12.json,1.5,6,8,-5.284116,"[-0.2010088132477218, -0.1877904988977186, -0.17556066360642303, -0.1504911948570999, -0.10324965210763468, -0.07024042307076693, 0.43673287680251055, 0.8458505022423246, 1.0222414106749242, 1.167926469182346, 1.3339481601704741, 1.334073375607607]","""0,1708,1,233,2,37,1000,36,1001,20,3000,6,2000,4,1002,1,3,1,4000,1,2001,1""",2849,6127.65,17925.02
Problem_5Sat3Gs_0_12.json,1.5,6,9,-5.284116,"[-0.2010088132477218, -0.1877904988977186, -0.17556066360642303, -0.1504911948570999, -0.10324965210763468, -0.07024042307076693, 0.43673287680251055, 0.8458505022423246, 1.0222414106749242, 1.167926469182346, 1.3339481601704741, 1.334073375607607]","""0,1735,1,207,2,42,1000,34,1001,12,3000,8,2000,7,4,2,1002,1""",2849,6868.07,18665.44
Problem_5Sat3Gs_0_12.json,1.5,6,10,-5.284116,"[-0.2010088132477218, -0.1877904988977186, -0.17556066360642303, -0.1504911948570999, -0.10324965210763468, -0.07024042307076693, 0.43673287680251055, 0.8458505022423246, 1.0222414106749242, 1.167926469182346, 1.3339481601704741, 1.334073375607607]","""0,1714,1,232,2,46,1000,35,3000,7,2000,7,1001,5,3,1,2001,1""",2849,7596.45,19393.82
Problem_5Sat3Gs_0_12.json,1.5,7,1,-5.285218,"[-0.20099140133105928, -0.18764568629770165, -0.17537047424698762, -0.15051130340278043, -0.10334249390562332, -0.052993919457393956, -0.01805974158689255, 0.43374079083849343, 0.8425444888086312, 1.020752483200442, 1.16659603560051, 1.3333194547259657, 1.364624304721767, -0.12583679511779436]","""0,1758,1,210,1000,37,2,23,1001,10,3000,4,1002,2,2001,2,3,1,2000,1""",1728,513.00,19906.83
Problem_5Sat3Gs_0_12.json,1.5,7,2,-5.285218,"[-0.20099140133105928, -0.18764568629770165, -0.17537047424698762, -0.15051130340278043, -0.10334249390562332, -0.052993919457393956, -0.01805974158689255, 0.43374079083849343, 0.8425444888086312, 1.020752483200442, 1.16659603560051, 1.3333194547259657, 1.364624304721767, -0.12583679511779436]","""0,1737,1,217,2,41,1000,29,1001,12,3000,4,2000,3,2001,2,3,2,1002,1""",1728,993.78,20387.60
Problem_5Sat3Gs_0_12.json,1.5,7,3,-5.285218,"[-0.20099140133105928, -0.18764568629770165, -0.17537047424698762, -0.15051130340278043, -0.10334249390562332, -0.052993919457393956, -0.01805974158689255, 0.43374079083849343, 0.8425444888086312, 1.020752483200442, 1.16659603560051, 1.3333194547259657, 1.364624304721767, -0.12583679511779436]","""0,1722,1,219,1000,42,2,38,1001,10,3000,8,2000,4,2001,3,3,1,3001,1""",1728,1472.83,20866.66
Problem_5Sat3Gs_0_12.json,1.5,7,4,-5.285218,"[-0.20099140133105928, -0.18764568629770165, -0.17537047424698762, -0.15051130340278043, -0.10334249390562332, -0.052993919457393956, -0.01805974158689255, 0.43374079083849343, 0.8425444888086312, 1.020752483200442, 1.16659603560051, 1.3333194547259657, 1.364624304721767, -0.12583679511779436]","""0,1729,1,219,2,42,1000,35,1001,9,3,5,2000,3,2001,3,3001,1,3000,1,4,1""",1728,1962.15,21355.97
Problem_5Sat3Gs_0_12.json,1.5,7,5,-5.285218,"[-0.20099140133105928, -0.18764568629770165, -0.17537047424698762, -0.15051130340278043, -0.10334249390562332, -0.052993919457393956, -0.01805974158689255, 0.43374079083849343, 0.8425444888086312, 1.020752483200442, 1.16659603560051, 1.3333194547259657, 1.364624304721767, -0.12583679511779436]","""0,1739,1,205,2,44,1000,37,1001,11,3000,5,2000,4,2001,2,3,1""",1728,2434.51,21828.34
Problem_5Sat3Gs_0_12.json,1.5,7,6,-5.285218,"[-0.20099140133105928, -0.18764568629770165, -0.17537047424698762, -0.15051130340278043, -0.10334249390562332, -0.052993919457393956, -0.01805974158689255, 0.43374079083849343, 0.8425444888086312, 1.020752483200442, 1.16659603560051, 1.3333194547259657, 1.364624304721767, -0.12583679511779436]","""0,1733,1,198,1000,49,2,38,1001,14,3000,6,2000,5,2001,3,1002,2""",1728,2929.25,22323.08
Problem_5Sat3Gs_0_12.json,1.5,7,7,-5.285218,"[-0.20099140133105928, -0.18764568629770165, -0.17537047424698762, -0.15051130340278043, -0.10334249390562332, -0.052993919457393956, -0.01805974158689255, 0.43374079083849343, 0.8425444888086312, 1.020752483200442, 1.16659603560051, 1.3333194547259657, 1.364624304721767, -0.12583679511779436]","""0,1744,1,202,1000,43,2,31,1001,14,3000,8,2001,3,4,1,3,1,2000,1""",1728,3428.13,22821.95
Problem_5Sat3Gs_0_12.json,1.5,7,8,-5.285218,"[-0.20099140133105928, -0.18764568629770165, -0.17537047424698762, -0.15051130340278043, -0.10334249390562332, -0.052993919457393956, -0.01805974158689255, 0.43374079083849343, 0.8425444888086312, 1.020752483200442, 1.16659603560051, 1.3333194547259657, 1.364624304721767, -0.12583679511779436]","""0,1742,1,197,1000,44,2,38,1001,15,2000,5,3000,3,2001,2,1002,1,3,1""",1728,3911.81,23305.63
Problem_5Sat3Gs_0_12.json,1.5,7,9,-5.347312,"[-0.19316339772356028, -0.18262659580530147, -0.1774362769055497, -0.15297738233683322, -0.12405077399857917, -0.09054804303078175, -0.05147685871853394, 0.37230243517118583, 0.7617710990312885, 0.9538348468445983, 1.086304495537901, 1.1681402645729688, 1.2778993367472282, 1.1593391295123854]","""0,1827,1,133,1000,39,2,31,1001,6,1002,4,3000,3,2000,3,2001,1,4000,1""",3000,4756.66,24150.48
Problem_5Sat3Gs_0_12.json,1.5,7,10,-5.347312,"[-0.19316339772356028, -0.18262659580530147, -0.1774362769055497, -0.15297738233683322, -0.12405077399857917, -0.09054804303078175, -0.05147685871853394, 0.37230243517118583, 0.7617710990312885, 0.9538348468445983, 1.086304495537901, 1.1681402645729688, 1.2778993367472282, 1.1593391295123854]","""0,1823,1,120,1000,45,2,42,1001,11,3000,3,3,2,2000,2""",3000,5594.10,24987.92
Problem_5Sat3Gs_0_12.json,1.5,8,1,-5.356129,"[-0.18613616481885983, -0.17494350102640177, -0.1763459025789827, -0.15792767193843577, -0.13564459976562293, -0.09686728035294588, -0.06186991569819664, 0.004415356848664287, 0.3439662249870171, 0.7071663030342431, 0.9150629859128394, 1.065324190174857, 1.194475240271098, 1.3314499492101943, 1.2588062320650049, -0.13426107705234538]","""0,1828,1,138,2,35,1000,28,1001,10,1002,4,3,3,2000,1,3000,1""",3000,1001.87,25989.79
Problem_5Sat3Gs_0_12.json,1.5,8,2,-5.356129,"[-0.18613616481885983, -0.17494350102640177, -0.1763459025789827, -0.15792767193843577, -0.13564459976562293, -0.09686728035294588, -0.06186991569819664, 0.004415356848664287, 0.3439662249870171, 0.7071663030342431, 0.9150629859128394, 1.065324190174857, 1.194475240271098, 1.3314499492101943, 1.2588062320650049, -0.13426107705234538]","""0,1835,1,131,1000,37,2,31,1001,10,3,2,2000,1,3000,1""",3000,1962.22,26950.14
Problem_5Sat3Gs_0_12.json,1.5,8,3,-5.376389,"[-0.17784222282614895, -0.16779128589989928, -0.17718149288746865, -0.16265413365633205, -0.13984184244638287, -0.09956254315072333, -0.06581702472899846, -0.031014074635277798, 0.30638814260792235, 0.625668898379588, 0.8711513956539179, 1.0324036005120902, 1.1638266202440566, 1.2044221067689365, 1.1478281781472717, 0.9481347084340956]","""0,1877,1,107,1000,29,2,26,1001,5,3000,2,2000,1,2001,1""",3000,2906.56,27894.48
Problem_5Sat3Gs_0_12.json,1.5,8,4,-5.376389,"[-0.17784222282614895, -0.16779128589989928, -0.17718149288746865, -0.16265413365633205, -0.13984184244638287, -0.09956254315072333, -0.06581702472899846, -0.031014074635277798, 0.30638814260792235, 0.625668898379588, 0.8711513956539179, 1.0324036005120902, 1.1638266202440566, 1.2044221067689365, 1.1478281781472717, 0.9481347084340956]","""0,1893,1,88,1000,28,2,28,1001,8,3000,1,2000,1,2001,1""",3000,3854.33,28842.26
Problem_5Sat3Gs_0_12.json,1.5,8,5,-5.376389,"[-0.17784222282614895, -0.16779128589989928, -0.17718149288746865, -0.16265413365633205, -0.13984184244638287, -0.09956254315072333, -0.06581702472899846, -0.031014074635277798, 0.30638814260792235, 0.625668898379588, 0.8711513956539179, 1.0324036005120902, 1.1638266202440566, 1.2044221067689365, 1.1478281781472717, 0.9481347084340956]","""0,1864,1,107,1000,37,2,26,1001,9,2000,2,1002,2,2001,1""",3000,4800.42,29788.34
Problem_5Sat3Gs_0_12.json,1.5,8,6,-5.376389,"[-0.17784222282614895, -0.16779128589989928, -0.17718149288746865, -0.16265413365633205, -0.13984184244638287, -0.09956254315072333, -0.06581702472899846, -0.031014074635277798, 0.30638814260792235, 0.625668898379588, 0.8711513956539179, 1.0324036005120902, 1.1638266202440566, 1.2044221067689365, 1.1478281781472717, 0.9481347084340956]","""0,1868,1,113,1000,32,2,30,1001,4,2000,1""",3000,5743.46,30731.38
Problem_5Sat3Gs_0_12.json,1.5,8,7,-5.376389,"[-0.17784222282614895, -0.16779128589989928, -0.17718149288746865, -0.16265413365633205, -0.13984184244638287, -0.09956254315072333, -0.06581702472899846, -0.031014074635277798, 0.30638814260792235, 0.625668898379588, 0.8711513956539179, 1.0324036005120902, 1.1638266202440566, 1.2044221067689365, 1.1478281781472717, 0.9481347084340956]","""0,1864,1,115,2,35,1000,26,3000,2,2000,2,1001,2,2001,1,1003,1""",3000,6683.00,31670.92
Problem_5Sat3Gs_0_12.json,1.5,8,8,-5.376389,"[-0.17784222282614895, -0.16779128589989928, -0.17718149288746865, -0.16265413365633205, -0.13984184244638287, -0.09956254315072333, -0.06581702472899846, -0.031014074635277798, 0.30638814260792235, 0.625668898379588, 0.8711513956539179, 1.0324036005120902, 1.1638266202440566, 1.2044221067689365, 1.1478281781472717, 0.9481347084340956]","""0,1857,1,119,2,31,1000,28,1001,5,2000,3,2001,2,1002,1,3000,1,3,1""",3000,7624.39,32612.32
Problem_5Sat3Gs_0_12.json,1.5,8,9,-5.376389,"[-0.17784222282614895, -0.16779128589989928, -0.17718149288746865, -0.16265413365633205, -0.13984184244638287, -0.09956254315072333, -0.06581702472899846, -0.031014074635277798, 0.30638814260792235, 0.625668898379588, 0.8711513956539179, 1.0324036005120902, 1.1638266202440566, 1.2044221067689365, 1.1478281781472717, 0.9481347084340956]","""0,1872,1,104,1000,33,2,27,1001,6,3,2,3000,2,2000,1,2001,1""",3000,8575.16,33563.09
Problem_5Sat3Gs_0_12.json,1.5,8,10,-5.363218,"[-0.18219156665785594, -0.1700352224833591, -0.173250049198041, -0.16058240340469557, -0.13284779988023218, -0.10141023774319977, -0.04573087083925962, 0.019645296618558385, 0.341644773638161, 0.6930097598439474, 0.9106995570556586, 1.0449603311595428, 1.1722147153366296, 1.3400346212845111, 1.2628762089442098, 3.0072808228368206]","""0,1825,1,142,1000,35,2,28,1001,11,3000,2,3,2,2000,2,1002,1""",3000,9517.83,34505.75
Problem_5Sat3Gs_1_4.json,1.5,1,1,-5.925312,"[1.374601792898022, 0.8043058947931666]","""3,516,2,346,1002,340,4,170,1001,170,2001,112,1,67,1003,65,3001,64,3000,35,2000,31,2002,22,3002,19,5000,19,1000,15,6000,15,5,15,4000,12,6001,7,5001,6,9000,2""",161,24.56,24.56
Problem_5Sat3Gs_1_4.json,1.5,1,2,-5.925312,"[1.374601792898022, 0.8043058947931666]","""3,531,1002,363,2,336,4,164,1001,160,2001,106,3001,82,1,66,1003,56,3000,38,2002,24,5000,23,3002,23,1000,17,2000,16,6000,16,4000,11,5,8,5001,5,9000,2,6001,1""",161,39.73,39.73
Problem_5Sat3Gs_1_4.json,1.5,1,3,-5.925312,"[1.374601792898022, 0.8043058947931666]","""3,532,1002,350,2,331,4,160,1001,153,2001,108,3001,79,1,70,1003,67,3000,43,2002,26,3002,22,2000,22,5000,20,1000,17,6000,12,4000,11,5,10,5001,7,6001,6,9000,2""",161,54.44,54.45
Problem_5Sat3Gs_1_4.json,1.5,1,4,-5.925312,"[1.374601792898022, 0.8043058947931666]","""3,533,2,348,1002,339,4,174,1001,162,2001,107,1,71,3001,70,1003,63,3000,35,2000,25,2002,24,4000,21,5000,19,3002,17,1000,12,5,10,6000,8,6001,4,5001,4,9000,2""",161,69.13,69.14
Problem_5Sat3Gs_1_4.json,1.5,1,5,-5.925312,"[1.374601792898022, 0.8043058947931666]","""3,598,2,341,1002,318,1001,147,4,147,2001,125,1,73,3001,69,1003,50,3000,36,2002,28,2000,23,5000,19,3002,19,6000,18,1000,14,5,9,4000,8,5001,3,6001,3""",161,85.26,85.26
Problem_5Sat3Gs_1_4.json,1.5,1,6,-5.925312,"[1.374601792898022, 0.8043058947931666]","""3,531,1002,364,2,319,4,179,1001,135,2001,134,3001,63,1,61,1003,56,3000,40,2002,25,5000,24,1000,21,3002,21,2000,18,6000,14,4000,12,5001,10,6001,9,5,8,9000,4""",161,101.45,101.45
Problem_5Sat3Gs_1_4.json,1.5,1,7,-5.925312,"[1.374601792898022, 0.8043058947931666]","""3,514,1002,354,2,347,1001,161,4,158,2001,112,3001,70,1003,60,1,60,3000,47,2000,29,2002,23,3002,23,6000,17,5000,17,4000,16,1000,15,5,8,5001,7,6001,7,9000,3""",161,117.46,117.46
Problem_5Sat3Gs_1_4.json,1.5,1,8,-5.925312,"[1.374601792898022, 0.8043058947931666]","""3,563,1002,343,2,301,4,173,1001,149,2001,125,3001,80,1,56,1003,51,3000,46,2002,28,2000,23,3002,23,5000,22,1000,18,4000,14,6000,11,5,9,6001,7,5001,5,9000,1""",161,133.55,133.56
Problem_5Sat3Gs_1_4.json,1.5,1,9,-5.925312,"[1.374601792898022, 0.8043058947931666]","""3,539,2,350,1002,330,1001,164,4,164,2001,95,3001,80,1003,64,1,59,3000,48,2000,37,2002,23,5000,21,1000,18,3002,14,5,14,4000,8,6000,7,5001,5,6001,5,9000,3""",161,149.69,149.69
Problem_5Sat3Gs_1_4.json,1.5,1,10,-5.925312,"[1.374601792898022, 0.8043058947931666]","""3,540,1002,358,2,342,4,178,1001,151,2001,116,3001,70,1,61,1003,51,3000,31,2000,24,5000,23,2002,18,3002,16,6000,16,1000,15,5,12,4000,9,6001,9,5001,7,9000,1""",161,165.73,165.73
Problem_5Sat3Gs_1_4.json,1.5,2,1,-6.096024,"[1.3749062226095552, -0.07435332633904672, 0.6269844788344346, 1.1364410088542123]","""3,564,2,538,1002,167,4,154,3001,134,1003,91,1001,87,1,79,2001,59,2000,47,3000,39,5000,16,2002,15,3002,13,4000,11,5,10,1000,7,5001,6,6000,5,9000,4,6001,2""",578,97.27,263.00
Problem_5Sat3Gs_1_4.json,1.5,2,2,-6.096024,"[1.3749062226095552, -0.07435332633904672, 0.6269844788344346, 1.1364410088542123]","""3,560,2,551,1002,209,4,134,3001,133,1003,94,1,93,1001,74,2001,54,2000,40,3000,33,4000,18,5000,16,3002,10,2002,10,5001,8,5,5,1000,3,6000,2,6001,1""",578,180.65,346.39
Problem_5Sat3Gs_1_4.json,1.5,2,3,-6.096024,"[1.3749062226095552, -0.07435332633904672, 0.6269844788344346, 1.1364410088542123]","""3,591,2,545,1002,232,4,145,3001,111,1,85,1003,79,1001,62,2001,45,2000,41,3000,32,5000,16,2002,13,4000,11,5001,9,6000,8,5,8,3002,7,1000,5,9000,2,6001,1""",578,264.45,430.19
Problem_5Sat3Gs_1_4.json,1.5,2,4,-6.096024,"[1.3749062226095552, -0.07435332633904672, 0.6269844788344346, 1.1364410088542123]","""3,563,2,535,1002,205,4,172,3001,114,1003,107,1,83,1001,72,2001,47,2000,35,3000,27,2002,15,4000,14,1000,14,5,12,5000,11,3002,10,5001,8,9000,3,6000,1""",578,346.94,512.67
Problem_5Sat3Gs_1_4.json,1.5,2,5,-6.096024,"[1.3749062226095552, -0.07435332633904672, 0.6269844788344346, 1.1364410088542123]","""3,604,2,555,1002,190,4,128,3001,106,1001,95,1003,95,1,80,2001,57,2000,31,3000,24,5000,17,2002,15,3002,13,4000,12,5,10,6000,5,1000,5,9000,3,5001,3""",578,429.91,595.64
Problem_5Sat3Gs_1_4.json,1.5,2,6,-6.096024,"[1.3749062226095552, -0.07435332633904672, 0.6269844788344346, 1.1364410088542123]","""3,586,2,530,1002,199,4,166,3001,129,1003,88,1,80,1001,75,2001,49,2000,32,3000,30,5000,19,4000,14,2002,14,5,11,3002,9,1000,8,5001,4,6000,3,6001,1,9000,1""",578,511.37,677.10
Problem_5Sat3Gs_1_4.json,1.5,2,7,-6.096024,"[1.3749062226095552, -0.07435332633904672, 0.6269844788344346, 1.1364410088542123]","""2,568,3,537,1002,194,4,169,3001,117,1003,98,1001,98,1,81,2001,45,2000,41,3000,30,4000,13,5000,11,2002,10,3002,9,5,8,6000,5,5001,5,1000,4,6001,3,9000,2""",578,594.69,760.42
Problem_5Sat3Gs_1_4.json,1.5,2,8,-6.096024,"[1.3749062226095552, -0.07435332633904672, 0.6269844788344346, 1.1364410088542123]","""3,575,2,521,1002,206,4,150,3001,124,1001,94,1003,91,1,84,2001,46,2000,39,3000,31,4000,17,2002,16,3002,14,5000,13,5,7,5001,7,1000,4,9000,4,6000,4,6001,1""",578,677.41,843.14
Problem_5Sat3Gs_1_4.json,1.5,2,9,-6.096024,"[1.3749062226095552, -0.07435332633904672, 0.6269844788344346, 1.1364410088542123]","""3,622,2,548,1002,195,4,132,3001,107,1003,100,1,79,1001,74,2001,53,2000,34,3000,30,4000,18,2002,14,3002,10,5000,9,1000,8,5,6,6000,5,5001,2,6001,2""",578,760.19,925.92
Problem_5Sat3Gs_1_4.json,1.5,2,10,-6.096024,"[1.3749062226095552, -0.07435332633904672, 0.6269844788344346, 1.1364410088542123]","""3,599,2,528,1002,215,4,155,3001,110,1003,92,1,88,1001,83,2000,44,2001,31,3000,29,5000,16,2002,16,4000,9,5001,8,5,8,3002,7,1000,6,6000,2,6001,1,9000,1""",578,842.44,1008.17
Problem_5Sat3Gs_1_4.json,1.5,3,1,-6.386787,"[1.3609785490292554, -0.11373886326051538, -0.11130144766459546, 0.3500210426696681, 0.693995335839214, 2.13607792072188]","""2,576,3,483,1002,273,1001,204,1,162,2001,67,3001,66,4,57,1000,30,2000,29,1003,21,3002,15,3000,14,4000,12,5001,11,5000,10,2002,8,5,4,6000,3,6001,2,9000,1""",3000,586.08,1594.25
Problem_5Sat3Gs_1_4.json,1.5,3,2,-6.386787,"[1.3609785490292554, -0.11373886326051538, -0.11130144766459546, 0.3500210426696681, 0.693995335839214, 2.13607792072188]","""2,590,3,484,1002,267,1001,203,1,166,4,61,2001,60,3001,59,2000,39,1000,23,1003,22,4000,11,3002,10,6000,9,5000,9,3000,9,5,8,2002,8,6001,5,5001,5""",3000,1163.85,2172.02
Problem_5Sat3Gs_1_4.json,1.5,3,3,-6.386787,"[1.3609785490292554, -0.11373886326051538, -0.11130144766459546, 0.3500210426696681, 0.693995335839214, 2.13607792072188]","""2,578,3,567,1002,275,1001,192,1,131,2001,61,3001,51,4,47,2000,26,1000,16,1003,15,5000,14,3000,14,3002,14,2002,11,4000,10,5,9,5001,7,6001,4,6000,3,9000,3""",3000,1725.13,2733.30
Problem_5Sat3Gs_1_4.json,1.5,3,4,-6.386787,"[1.3609785490292554, -0.11373886326051538, -0.11130144766459546, 0.3500210426696681, 0.693995335839214, 2.13607792072188]","""2,591,3,477,1002,271,1001,207,1,158,4,70,3001,67,2001,67,1000,24,2000,23,1003,17,3000,14,5000,13,5001,12,4000,9,2002,9,3002,7,5,6,6000,4,9000,1,6001,1""",3000,2301.41,3309.58
Problem_5Sat3Gs_1_4.json,1.5,3,5,-6.386787,"[1.3609785490292554, -0.11373886326051538, -0.11130144766459546, 0.3500210426696681, 0.693995335839214, 2.13607792072188]","""2,581,3,508,1002,269,1001,209,1,153,4,66,2001,66,3001,60,2000,22,1000,21,1003,15,3002,13,3000,11,5,11,4000,11,5000,8,6000,8,2002,7,6001,5,5001,4""",3000,2888.67,3896.84
Problem_5Sat3Gs_1_4.json,1.5,3,6,-6.386787,"[1.3609785490292554, -0.11373886326051538, -0.11130144766459546, 0.3500210426696681, 0.693995335839214, 2.13607792072188]","""2,620,3,481,1002,250,1001,207,1,139,4,71,3001,61,2001,60,1000,24,1003,18,3000,17,3002,17,5000,16,2002,16,2000,16,5001,9,6000,9,5,7,4000,7,6001,3""",3000,3476.51,4484.68
Problem_5Sat3Gs_1_4.json,1.5,3,7,-6.386787,"[1.3609785490292554, -0.11373886326051538, -0.11130144766459546, 0.3500210426696681, 0.693995335839214, 2.13607792072188]","""2,603,3,478,1002,253,1001,224,1,147,4,69,3001,65,2001,60,3000,24,2000,22,1003,21,1000,18,3002,18,4000,9,6000,9,5000,8,2002,7,5001,7,6001,3,5,3""",3000,4064.79,5072.96
Problem_5Sat3Gs_1_4.json,1.5,3,8,-6.386787,"[1.3609785490292554, -0.11373886326051538, -0.11130144766459546, 0.3500210426696681, 0.693995335839214, 2.13607792072188]","""2,585,3,515,1002,244,1001,225,1,130,3001,82,4,68,2001,59,2000,27,1000,22,4000,18,3002,17,3000,13,1003,11,2002,8,6000,7,5000,5,5001,4,6001,3,5,3,9000,2""",3000,4656.16,5664.33
Problem_5Sat3Gs_1_4.json,1.5,3,9,-6.386787,"[1.3609785490292554, -0.11373886326051538, -0.11130144766459546, 0.3500210426696681, 0.693995335839214, 2.13607792072188]","""2,589,3,523,1002,258,1001,234,1,114,2001,68,3001,67,4,64,2000,21,1000,18,3000,15,1003,15,3002,12,4000,12,2002,10,5000,10,5001,6,6001,4,6000,4,5,4""",3000,5243.69,6251.86
Problem_5Sat3Gs_1_4.json,1.5,3,10,-6.386787,"[1.3609785490292554, -0.11373886326051538, -0.11130144766459546, 0.3500210426696681, 0.693995335839214, 2.13607792072188]","""2,589,3,532,1002,251,1001,189,1,153,2001,68,3001,66,4,65,2000,25,1000,18,2002,13,3000,13,3002,13,5,12,5000,10,4000,9,1003,7,5001,7,6000,5,6001,2,9000,1""",3000,5831.69,6839.86
Problem_5Sat3Gs_1_4.json,1.5,4,1,-7.091614,"[1.5253239024404308, -0.1539617088710274, -0.10876865481857566, -0.09050596893821643, 0.36466896384974334, 0.003957814781750637, 0.8928468125113299, 1.255908107295974]","""2,710,1,635,3,303,1001,105,1002,99,1000,37,3001,33,2001,28,4,26,3000,16,3002,13,5000,12,6001,9,2000,7,6000,5,2002,3,1003,3,9000,3,5001,1""",3000,781.74,7621.61
Problem_5Sat3Gs_1_4.json,1.5,4,2,-7.091614,"[1.5253239024404308, -0.1539617088710274, -0.10876865481857566, -0.09050596893821643, 0.36466896384974334, 0.003957814781750637, 0.8928468125113299, 1.255908107295974]","""2,711,1,650,3,279,1001,122,1002,98,1000,47,4,31,2001,23,3001,20,5000,14,2000,12,3000,11,3002,9,6001,8,2002,5,1003,3,6000,3,5,1,9000,1""",3000,1559.91,8399.78
Problem_5Sat3Gs_1_4.json,1.5,4,3,-7.091614,"[1.5253239024404308, -0.1539617088710274, -0.10876865481857566, -0.09050596893821643, 0.36466896384974334, 0.003957814781750637, 0.8928468125113299, 1.255908107295974]","""2,716,1,638,3,283,1001,129,1002,70,1000,47,2001,36,4,27,3001,25,5000,18,3000,13,2000,10,6001,7,1003,7,3002,6,2002,5,6000,5,4000,2,5001,2,5,1,9000,1""",3000,2341.82,9181.68
Problem_5Sat3Gs_1_4.json,1.5,4,4,-7.091614,"[1.5253239024404308, -0.1539617088710274, -0.10876865481857566, -0.09050596893821643, 0.36466896384974334, 0.003957814781750637, 0.8928468125113299, 1.255908107295974]","""2,690,1,635,3,307,1001,118,1002,94,1000,37,3001,31,4,23,2001,21,5000,19,2000,15,1003,14,3000,13,6000,7,6001,7,2002,6,3002,6,5001,3,4000,1,9000,1""",3000,3128.01,9967.87
Problem_5Sat3Gs_1_4.json,1.5,4,5,-7.091614,"[1.5253239024404308, -0.1539617088710274, -0.10876865481857566, -0.09050596893821643, 0.36466896384974334, 0.003957814781750637, 0.8928468125113299, 1.255908107295974]","""2,696,1,655,3,285,1001,150,1002,87,1000,36,2001,26,4,23,3001,22,3002,13,5000,12,2000,10,3000,9,6001,7,6000,6,1003,5,2002,3,5001,2,9000,1""",3000,3908.44,10748.31
Problem_5Sat3Gs_1_4.json,1.5,4,6,-7.091614,"[1.5253239024404308, -0.1539617088710274, -0.10876865481857566, -0.09050596893821643, 0.36466896384974334, 0.003957814781750637, 0.8928468125113299, 1.255908107295974]","""2,694,1,678,3,283,1001,132,1002,63,1000,41,2001,35,3001,28,4,27,5000,15,3000,13,2000,10,6001,7,3002,7,6000,6,1003,4,4000,2,2002,2,5,1""",3000,4689.45,11529.31
Problem_5Sat3Gs_1_4.json,1.5,4,7,-7.091614,"[1.5253239024404308, -0.1539617088710274, -0.10876865481857566, -0.09050596893821643, 0.36466896384974334, 0.003957814781750637, 0.8928468125113299, 1.255908107295974]","""1,700,2,642,3,291,1001,142,1002,80,1000,32,4,29,3001,29,2001,22,5000,17,3002,16,3000,13,6000,11,4000,5,2000,5,6001,4,1003,4,2002,2,9000,2,5001,2""",3000,5464.29,12304.15
Problem_5Sat3Gs_1_4.json,1.5,4,8,-7.091614,"[1.5253239024404308, -0.1539617088710274, -0.10876865481857566, -0.09050596893821643, 0.36466896384974334, 0.003957814781750637, 0.8928468125113299, 1.255908107295974]","""1,695,2,693,3,280,1001,112,1002,85,1000,43,3001,26,2001,20,3000,20,4,20,5000,15,2000,13,1003,9,6001,5,3002,5,2002,3,6000,2,5001,1,9000,1""",3000,6242.20,13082.07
Problem_5Sat3Gs_1_4.json,1.5,4,9,-7.091614,"[1.5253239024404308, -0.1539617088710274, -0.10876865481857566, -0.09050596893821643, 0.36466896384974334, 0.003957814781750637, 0.8928468125113299, 1.255908107295974]","""1,693,2,666,3,282,1001,112,1002,86,1000,40,3001,33,2001,32,4,30,3000,15,5000,14,3002,14,2000,9,6000,6,6001,4,1003,4,5001,3,2002,2,9000,2,4000,1""",3000,7025.29,13865.16
Problem_5Sat3Gs_1_4.json,1.5,4,10,-7.091614,"[1.5253239024404308, -0.1539617088710274, -0.10876865481857566, -0.09050596893821643, 0.36466896384974334, 0.003957814781750637, 0.8928468125113299, 1.255908107295974]","""2,697,1,652,3,269,1001,149,1002,90,1000,35,3001,32,4,27,2001,24,3000,14,6001,11,3002,10,2000,9,5000,9,6000,6,1003,6,5001,2,9000,2,4000,2,5,2""",3000,7803.39,14643.25
Problem_5Sat3Gs_1_4.json,1.5,5,1,-7.384847,"[1.5398040778416584, -0.1621758213498944, -0.1335746874121431, -0.11144209154268984, -0.07806603978293536, 0.4339510987389516, -0.12186393581660152, 0.7651840268320163, 1.0490752516922959, 1.2236631883038311]","""1,939,2,563,1001,136,3,134,1000,83,1002,64,2001,28,2000,21,3001,16,6000,15,4,13,3002,11,5000,10,1003,6,3000,5,6001,3,4000,1""",3000,980.82,15624.08
Problem_5Sat3Gs_1_4.json,1.5,5,2,-7.384847,"[1.5398040778416584, -0.1621758213498944, -0.1335746874121431, -0.11144209154268984, -0.07806603978293536, 0.4339510987389516, -0.12186393581660152, 0.7651840268320163, 1.0490752516922959, 1.2236631883038311]","""1,945,2,523,1001,158,3,135,1000,100,1002,74,2000,32,2001,19,5000,14,4,10,3001,9,1003,7,6000,6,3002,4,3000,4,2002,4,6001,2,5001,1,4000,1""",3000,1926.57,16569.82
Problem_5Sat3Gs_1_4.json,1.5,5,3,-7.384847,"[1.5398040778416584, -0.1621758213498944, -0.1335746874121431, -0.11144209154268984, -0.07806603978293536, 0.4339510987389516, -0.12186393581660152, 0.7651840268320163, 1.0490752516922959, 1.2236631883038311]","""1,962,2,511,1001,139,3,130,1000,86,1002,75,2001,29,3001,21,6000,18,3000,17,2000,17,5000,11,4,10,3002,9,1003,6,4000,4,5001,2,9000,1""",3000,2874.71,17517.96
Problem_5Sat3Gs_1_4.json,1.5,5,4,-7.384847,"[1.5398040778416584, -0.1621758213498944, -0.1335746874121431, -0.11144209154268984, -0.07806603978293536, 0.4339510987389516, -0.12186393581660152, 0.7651840268320163, 1.0490752516922959, 1.2236631883038311]","""1,970,2,506,1001,149,3,148,1000,91,1002,72,2000,23,2001,20,3001,14,5000,10,1003,10,3000,9,6000,9,4,6,3002,5,9000,2,4000,2,2002,1,6001,1""",3000,3816.36,18459.61
Problem_5Sat3Gs_1_4.json,1.5,5,5,-7.384847,"[1.5398040778416584, -0.1621758213498944, -0.1335746874121431, -0.11144209154268984, -0.07806603978293536, 0.4339510987389516, -0.12186393581660152, 0.7651840268320163, 1.0490752516922959, 1.2236631883038311]","""1,938,2,541,1001,144,3,143,1000,82,1002,59,2001,31,2000,24,6000,16,3001,15,1003,12,3002,11,3000,11,5000,9,4,7,5001,2,6001,1,9000,1,2002,1""",3000,4767.00,19410.25
Problem_5Sat3Gs_1_4.json,1.5,5,6,-7.384847,"[1.5398040778416584, -0.1621758213498944, -0.1335746874121431, -0.11144209154268984, -0.07806603978293536, 0.4339510987389516, -0.12186393581660152, 0.7651840268320163, 1.0490752516922959, 1.2236631883038311]","""1,949,2,549,1001,141,3,139,1000,92,1002,67,2001,26,3001,22,5000,11,2000,10,6000,9,3000,8,4,7,1003,6,3002,5,6001,2,2002,2,5001,2,4000,1""",3000,5714.55,20357.80
Problem_5Sat3Gs_1_4.json,1.5,5,7,-7.384847,"[1.5398040778416584, -0.1621758213498944, -0.1335746874121431, -0.11144209154268984, -0.07806603978293536, 0.4339510987389516, -0.12186393581660152, 0.7651840268320163, 1.0490752516922959, 1.2236631883038311]","""1,928,2,534,3,148,1001,138,1000,99,1002,75,2001,22,5000,20,2000,17,3001,15,4,13,6000,10,1003,8,3000,6,3002,5,5001,3,4000,2,2002,2,6001,2,5,1""",3000,6655.57,21298.82
Problem_5Sat3Gs_1_4.json,1.5,5,8,-7.384847,"[1.5398040778416584, -0.1621758213498944, -0.1335746874121431, -0.11144209154268984, -0.07806603978293536, 0.4339510987389516, -0.12186393581660152, 0.7651840268320163, 1.0490752516922959, 1.2236631883038311]","""1,947,2,548,3,134,1001,127,1000,77,1002,71,2001,33,2000,21,3001,20,3002,17,5000,16,3000,11,6000,7,4,7,6001,4,1003,4,4000,2,5001,1,9000,1""",3000,7603.51,22246.76
Problem_5Sat3Gs_1_4.json,1.5,5,9,-7.384847,"[1.5398040778416584, -0.1621758213498944, -0.1335746874121431, -0.11144209154268984, -0.07806603978293536, 0.4339510987389516, -0.12186393581660152, 0.7651840268320163, 1.0490752516922959, 1.2236631883038311]","""1,978,2,526,3,131,1001,129,1000,86,1002,73,2001,25,2000,24,1003,15,5000,14,3001,13,6000,12,3000,7,4,4,6001,3,9000,3,3002,3,2002,2""",3000,8548.88,23192.13
Problem_5Sat3Gs_1_4.json,1.5,5,10,-7.384847,"[1.5398040778416584, -0.1621758213498944, -0.1335746874121431, -0.11144209154268984, -0.07806603978293536, 0.4339510987389516, -0.12186393581660152, 0.7651840268320163, 1.0490752516922959, 1.2236631883038311]","""1,916,2,535,1001,156,3,134,1000,99,1002,79,2001,26,2000,18,6000,15,3001,13,3002,11,5000,10,3000,9,1003,7,4,6,6001,5,2002,3,5001,3,4000,3""",3000,9497.17,24140.42
Problem_5Sat3Gs_1_4.json,1.5,6,1,-7.567020,"[1.5645366877328482, -0.14336144956729294, -0.10912004294246147, -0.11744380855102156, -0.10045850512412646, -0.07038450458975595, 0.46799338724176975, -0.22389400024018585, 0.454877001559596, 0.7002165701757275, 1.0323441044688497, 1.1975366939863785]","""1,1049,2,558,3,123,1001,120,1000,84,1002,56,3001,10,5000,10,2000,9,4,8,1003,6,2001,5,3000,3,3002,2,9000,2,6001,1,6000,1,5001,1""",3000,1150.18,25290.60
Problem_5Sat3Gs_1_4.json,1.5,6,2,-7.567020,"[1.5645366877328482, -0.14336144956729294, -0.10912004294246147, -0.11744380855102156, -0.10045850512412646, -0.07038450458975595, 0.46799338724176975, -0.22389400024018585, 0.454877001559596, 0.7002165701757275, 1.0323441044688497, 1.1975366939863785]","""1,1080,2,523,3,135,1001,108,1000,80,1002,57,2000,14,2001,10,1003,10,4,8,3001,8,5000,6,6001,2,3002,2,4000,1,3000,1,2002,1,5001,1,9000,1""",3000,2265.34,26405.76
Problem_5Sat3Gs_1_4.json,1.5,6,3,-7.567020,"[1.5645366877328482, -0.14336144956729294, -0.10912004294246147, -0.11744380855102156, -0.10045850512412646, -0.07038450458975595, 0.46799338724176975, -0.22389400024018585, 0.454877001559596, 0.7002165701757275, 1.0323441044688497, 1.1975366939863785]","""1,1054,2,552,3,126,1001,119,1000,72,1002,59,3001,12,2001,11,2000,10,1003,7,4,7,5000,6,6001,4,3000,3,5001,2,6000,1,4000,1,9000,1,3002,1""",3000,3375.53,27515.95
Problem_5Sat3Gs_1_4.json,1.5,6,4,-7.567020,"[1.5645366877328482, -0.14336144956729294, -0.10912004294246147, -0.11744380855102156, -0.10045850512412646, -0.07038450458975595, 0.46799338724176975, -0.22389400024018585, 0.454877001559596, 0.7002165701757275, 1.0323441044688497, 1.1975366939863785]","""1,1100,2,526,3,122,1001,118,1000,87,1002,48,2000,11,4,8,2001,7,5000,6,3001,5,1003,4,4000,2,3002,2,3000,1,9000,1""",3000,4486.37,28626.79
Problem_5Sat3Gs_1_4.json,1.5,6,5,-7.567020,"[1.5645366877328482, -0.14336144956729294, -0.10912004294246147, -0.11744380855102156, -0.10045850512412646, -0.07038450458975595, 0.46799338724176975, -0.22389400024018585, 0.454877001559596, 0.7002165701757275, 1.0323441044688497, 1.1975366939863785]","""1,1096,2,497,3,131,1001,115,1000,85,1002,57,3001,13,2001,13,2000,12,1003,8,4,8,5000,7,9000,2,3002,1,3000,1,4000,1,2002,1""",3000,5595.84,29736.26
Problem_5Sat3Gs_1_4.json,1.5,6,6,-7.567020,"[1.5645366877328482, -0.14336144956729294, -0.10912004294246147, -0.11744380855102156, -0.10045850512412646, -0.07038450458975595, 0.46799338724176975, -0.22389400024018585, 0.454877001559596, 0.7002165701757275, 1.0323441044688497, 1.1975366939863785]","""1,1039,2,589,3,119,1001,115,1000,70,1002,46,2000,11,1003,11,3001,8,4,8,5000,7,2001,7,3002,5,3000,4,4000,3,6001,2,5001,2,9000,1,6000,1""",3000,6714.41,30854.83
Problem_5Sat3Gs_1_4.json,1.5,6,7,-7.567020,"[1.5645366877328482, -0.14336144956729294, -0.10912004294246147, -0.11744380855102156, -0.10045850512412646, -0.07038450458975595, 0.46799338724176975, -0.22389400024018585, 0.454877001559596, 0.7002165701757275, 1.0323441044688497, 1.1975366939863785]","""1,1026,2,605,3,124,1001,108,1000,78,1002,47,2000,12,2001,11,1003,8,5000,8,3001,6,4,5,3000,3,9000,2,4000,2,3002,1,5001,1,6001,1""",3000,7824.81,31965.23
Problem_5Sat3Gs_1_4.json,1.5,6,8,-7.567020,"[1.5645366877328482, -0.14336144956729294, -0.10912004294246147, -0.11744380855102156, -0.10045850512412646, -0.07038450458975595, 0.46799338724176975, -0.22389400024018585, 0.454877001559596, 0.7002165701757275, 1.0323441044688497, 1.1975366939863785]","""1,1045,2,571,3,124,1001,110,1000,79,1002,55,2000,12,3001,10,1003,8,4,7,2001,6,5000,6,6001,4,9000,4,3000,2,4000,2,5001,1,3002,1,2002,1""",3000,8940.06,33080.48
Problem_5Sat3Gs_1_4.json,1.5,6,9,-7.567020,"[1.5645366877328482, -0.14336144956729294, -0.10912004294246147, -0.11744380855102156, -0.10045850512412646, -0.07038450458975595, 0.46799338724176975, -0.22389400024018585, 0.454877001559596, 0.7002165701757275, 1.0323441044688497, 1.1975366939863785]","""1,1038,2,551,3,129,1001,111,1000,85,1002,71,2001,13,3001,12,1003,8,2000,7,4000,5,5000,4,3002,3,3000,3,4,3,2002,2,6001,1,5001,1,9000,1""",3000,10050.83,34191.24
Problem_5Sat3Gs_1_4.json,1.5,6,10,-7.567020,"[1.5645366877328482, -0.14336144956729294, -0.10912004294246147, -0.11744380855102156, -0.10045850512412646, -0.07038450458975595, 0.46799338724176975, -0.22389400024018585, 0.454877001559596, 0.7002165701757275, 1.0323441044688497, 1.1975366939863785]","""1,1051,2,555,1001,133,3,128,1000,80,1002,50,5000,12,3001,11,2001,6,1003,5,3000,4,4,4,2000,3,4000,2,6001,1,6000,1,5001,1,2002,1""",3000,11165.84,35306.26
Problem_5Sat3Gs_1_4.json,1.5,7,1,-7.702037,"[1.575438124338388, -0.1818669020522102, -0.12920598549542786, -0.12351666728029614, -0.11903658089478439, -0.09837371502497096, -0.06348338277986745, 0.5389755225215325, -0.31717254982997684, 0.3765513112626642, 0.476654543459663, 0.7710932999669999, 1.088902145073229, 1.1822166784184343]","""1,1257,2,394,1001,127,1000,110,3,76,1002,29,2000,14,3001,8,5000,8,4,7,2001,6,1003,5,3002,2,9000,2,5001,1,6001,1,3000,1""",3000,1318.86,36625.11
Problem_5Sat3Gs_1_4.json,1.5,7,2,-7.702037,"[1.575438124338388, -0.1818669020522102, -0.12920598549542786, -0.12351666728029614, -0.11903658089478439, -0.09837371502497096, -0.06348338277986745, 0.5389755225215325, -0.31717254982997684, 0.3765513112626642, 0.476654543459663, 0.7710932999669999, 1.088902145073229, 1.1822166784184343]","""1,1227,2,406,1001,126,1000,102,3,69,1002,43,2000,20,5000,10,4,10,2001,9,3001,7,1003,7,3000,5,3002,2,5001,2,9000,1,4000,1,6001,1""",3000,2595.77,37902.02
Problem_5Sat3Gs_1_4.json,1.5,7,3,-7.702037,"[1.575438124338388, -0.1818669020522102, -0.12920598549542786, -0.12351666728029614, -0.11903658089478439, -0.09837371502497096, -0.06348338277986745, 0.5389755225215325, -0.31717254982997684, 0.3765513112626642, 0.476654543459663, 0.7710932999669999, 1.088902145073229, 1.1822166784184343]","""1,1277,2,406,1001,127,1000,90,3,59,1002,35,2000,9,5000,9,2001,7,4,6,3001,6,1003,5,9000,4,3000,3,6000,2,5001,2,2002,1""",3000,3873.06,39179.32
Problem_5Sat3Gs_1_4.json,1.5,7,4,-7.702037,"[1.575438124338388, -0.1818669020522102, -0.12920598549542786, -0.12351666728029614, -0.11903658089478439, -0.09837371502497096, -0.06348338277986745, 0.5389755225215325, -0.31717254982997684, 0.3765513112626642, 0.476654543459663, 0.7710932999669999, 1.088902145073229, 1.1822166784184343]","""1,1217,2,433,1001,146,1000,98,3,62,1002,33,2000,20,5000,9,2001,8,4,6,3000,4,3001,4,5001,3,6001,1,9000,1,2002,1,1003,1,6000,1""",3000,5147.43,40453.69
Problem_5Sat3Gs_1_4.json,1.5,7,5,-7.702037,"[1.575438124338388, -0.1818669020522102, -0.12920598549542786, -0.12351666728029614, -0.11903658089478439, -0.09837371502497096, -0.06348338277986745, 0.5389755225215325, -0.31717254982997684, 0.3765513112626642, 0.476654543459663, 0.7710932999669999, 1.088902145073229, 1.1822166784184343]","""1,1257,2,379,1001,145,1000,102,3,67,1002,34,2000,14,4,10,5000,10,1003,7,2001,6,3001,5,3000,3,2002,2,6001,2,5001,2,4000,2,3002,1""",3000,6502.56,41808.81
Problem_5Sat3Gs_1_4.json,1.5,7,6,-7.702037,"[1.575438124338388, -0.1818669020522102, -0.12920598549542786, -0.12351666728029614, -0.11903658089478439, -0.09837371502497096, -0.06348338277986745, 0.5389755225215325, -0.31717254982997684, 0.3765513112626642, 0.476654543459663, 0.7710932999669999, 1.088902145073229, 1.1822166784184343]","""1,1250,2,424,1001,115,1000,95,3,61,1002,40,5000,15,2001,14,2000,11,3001,4,4000,4,4,4,1003,3,9000,2,3000,2,3002,1,5001,1,2002,1,6001,1""",3000,7900.37,43206.63
Problem_5Sat3Gs_1_4.json,1.5,7,7,-7.702037,"[1.575438124338388, -0.1818669020522102, -0.12920598549542786, -0.12351666728029614, -0.11903658089478439, -0.09837371502497096, -0.06348338277986745, 0.5389755225215325, -0.31717254982997684, 0.3765513112626642, 0.476654543459663, 0.7710932999669999, 1.088902145073229, 1.1822166784184343]","""1,1211,2,430,1001,118,1000,117,3,82,1002,29,2000,21,5000,10,2001,7,3001,6,3000,4,1003,4,4,3,6001,2,2002,1,5001,1,9000,1,3002,1""",3000,9178.01,44484.26
Problem_5Sat3Gs_1_4.json,1.5,7,8,-7.702037,"[1.575438124338388, -0.1818669020522102, -0.12920598549542786, -0.12351666728029614, -0.11903658089478439, -0.09837371502497096, -0.06348338277986745, 0.5389755225215325, -0.31717254982997684, 0.3765513112626642, 0.476654543459663, 0.7710932999669999, 1.088902145073229, 1.1822166784184343]","""1,1266,2,386,1001,141,1000,98,3,59,1002,51,2000,12,4,9,5000,7,2001,7,1003,4,9000,2,3001,2,5001,2,3000,1,3002,1""",3000,10451.89,45758.15
Problem_5Sat3Gs_1_4.json,1.5,7,9,-7.702037,"[1.575438124338388, -0.1818669020522102, -0.12920598549542786, -0.12351666728029614, -0.11903658089478439, -0.09837371502497096, -0.06348338277986745, 0.5389755225215325, -0.31717254982997684, 0.3765513112626642, 0.476654543459663, 0.7710932999669999, 1.088902145073229, 1.1822166784184343]","""1,1248,2,413,1001,130,1000,87,3,70,1002,36,2000,13,2001,11,4,9,5000,8,3001,7,9000,4,1003,4,5001,3,6000,2,3000,1,6001,1,4000,1""",3000,11739.91,47046.16
Problem_5Sat3Gs_1_4.json,1.5,7,10,-7.702037,"[1.575438124338388, -0.1818669020522102, -0.12920598549542786, -0.12351666728029614, -0.11903658089478439, -0.09837371502497096, -0.06348338277986745, 0.5389755225215325, -0.31717254982997684, 0.3765513112626642, 0.476654543459663, 0.7710932999669999, 1.088902145073229, 1.1822166784184343]","""1,1229,2,404,1001,134,1000,107,3,70,1002,45,2000,14,5000,14,3001,8,4,7,2001,5,1003,4,6001,1,9000,1,3000,1,6000,1,2002,1,3002,1,5001,1""",3000,13020.54,48326.80
Problem_5Sat3Gs_1_4.json,1.5,8,1,-7.815248,"[1.5519728794800893, -0.19202369876443007, -0.19053813896837987, -0.1476418460380574, -0.10747674042197114, -0.10404985420170351, -0.08835029439570571, -0.058045588815664476, 0.5197915690560855, -0.32938141125948095, 0.3743324470918106, 0.43214362663406747, 0.5257100946559847, 0.6960208050922134, 0.9857990878086219, 1.1398074382068955]","""1,1370,2,292,1000,173,1001,109,3,31,1002,23,2000,17,2001,7,3000,5,5000,4,3001,3,1003,3,9000,3,6000,3,4,3,3002,1,6001,1""",3000,1495.97,49822.76
Problem_5Sat3Gs_1_4.json,1.5,8,2,-7.815248,"[1.5519728794800893, -0.19202369876443007, -0.19053813896837987, -0.1476418460380574, -0.10747674042197114, -0.10404985420170351, -0.08835029439570571, -0.058045588815664476, 0.5197915690560855, -0.32938141125948095, 0.3743324470918106, 0.43214362663406747, 0.5257100946559847, 0.6960208050922134, 0.9857990878086219, 1.1398074382068955]","""1,1356,2,289,1000,190,1001,100,1002,35,3,33,2000,18,5000,5,3000,5,6000,4,3001,4,4,2,2002,2,1003,2,2001,2,9000,1""",3000,2947.86,51274.65
Problem_5Sat3Gs_1_4.json,1.5,8,3,-7.815248,"[1.5519728794800893, -0.19202369876443007, -0.19053813896837987, -0.1476418460380574, -0.10747674042197114, -0.10404985420170351, -0.08835029439570571, -0.058045588815664476, 0.5197915690560855, -0.32938141125948095, 0.3743324470918106, 0.43214362663406747, 0.5257100946559847, 0.6960208050922134, 0.9857990878086219, 1.1398074382068955]","""1,1361,2,326,1000,143,1001,104,3,40,1002,28,2000,12,5000,7,2001,6,6000,6,4,3,3001,3,3000,3,1003,2,4000,1,6001,1,5001,1,2002,1""",3000,4393.99,52720.79
Problem_5Sat3Gs_1_4.json,1.5,8,4,-7.815248,"[1.5519728794800893, -0.19202369876443007, -0.19053813896837987, -0.1476418460380574, -0.10747674042197114, -0.10404985420170351, -0.08835029439570571, -0.058045588815664476, 0.5197915690560855, -0.32938141125948095, 0.3743324470918106, 0.43214362663406747, 0.5257100946559847, 0.6960208050922134, 0.9857990878086219, 1.1398074382068955]","""1,1357,2,322,1000,167,1001,95,3,35,1002,26,2000,18,5000,8,3001,4,3000,4,6000,4,1003,3,3002,2,6001,1,5,1,4000,1""",3000,5836.95,54163.75
Problem_5Sat3Gs_1_4.json,1.5,8,5,-7.815248,"[1.5519728794800893, -0.19202369876443007, -0.19053813896837987, -0.1476418460380574, -0.10747674042197114, -0.10404985420170351, -0.08835029439570571, -0.058045588815664476, 0.5197915690560855, -0.32938141125948095, 0.3743324470918106, 0.43214362663406747, 0.5257100946559847, 0.6960208050922134, 0.9857990878086219, 1.1398074382068955]","""1,1379,2,291,1000,155,1001,114,3,37,1002,29,2000,9,2001,7,6000,6,5000,6,3001,5,4,2,3000,2,2002,1,3002,1,4000,1,1003,1,9000,1,6001,1""",3000,7287.62,55614.42
Problem_5Sat3Gs_1_4.json,1.5,8,6,-7.815248,"[1.5519728794800893, -0.19202369876443007, -0.19053813896837987, -0.1476418460380574, -0.10747674042197114, -0.10404985420170351, -0.08835029439570571, -0.058045588815664476, 0.5197915690560855, -0.32938141125948095, 0.3743324470918106, 0.43214362663406747, 0.5257100946559847, 0.6960208050922134, 0.9857990878086219, 1.1398074382068955]","""1,1335,2,308,1000,172,1001,119,3,44,1002,29,2000,14,2001,6,3000,6,1003,3,4,3,6001,2,6000,2,9000,2,5000,2,3002,1""",3000,8732.14,57058.94
Problem_5Sat3Gs_1_4.json,1.5,8,7,-7.815248,"[1.5519728794800893, -0.19202369876443007, -0.19053813896837987, -0.1476418460380574, -0.10747674042197114, -0.10404985420170351, -0.08835029439570571, -0.058045588815664476, 0.5197915690560855, -0.32938141125948095, 0.3743324470918106, 0.43214362663406747, 0.5257100946559847, 0.6960208050922134, 0.9857990878086219, 1.1398074382068955]","""1,1319,2,333,1000,181,1001,114,3,41,1002,24,2000,13,5000,5,3000,4,1003,3,2001,3,6000,3,4,2,6001,1,2002,1,4000,1""",3000,10174.43,58501.23
Problem_5Sat3Gs_1_4.json,1.5,8,8,-7.815248,"[1.5519728794800893, -0.19202369876443007, -0.19053813896837987, -0.1476418460380574, -0.10747674042197114, -0.10404985420170351, -0.08835029439570571, -0.058045588815664476, 0.5197915690560855, -0.32938141125948095, 0.3743324470918106, 0.43214362663406747, 0.5257100946559847, 0.6960208050922134, 0.9857990878086219, 1.1398074382068955]","""1,1360,2,304,1000,161,1001,122,3,33,1002,23,2000,11,4,8,5000,7,2001,4,1003,4,3001,4,6000,2,9000,2,2002,1,3000,1,6001,1""",3000,11612.67,59939.47
Problem_5Sat3Gs_1_4.json,1.5,8,9,-7.815248,"[1.5519728794800893, -0.19202369876443007, -0.19053813896837987, -0.1476418460380574, -0.10747674042197114, -0.10404985420170351, -0.08835029439570571, -0.058045588815664476, 0.5197915690560855, -0.32938141125948095, 0.3743324470918106, 0.43214362663406747, 0.5257100946559847, 0.6960208050922134, 0.9857990878086219, 1.1398074382068955]","""1,1311,2,330,1000,175,1001,114,3,37,1002,30,2000,17,5000,7,1003,6,6000,5,3000,4,2001,4,3001,4,4000,1,6001,1,3002,1,4,1""",3000,13068.95,61395.75
Problem_5Sat3Gs_1_4.json,1.5,8,10,-7.815248,"[1.5519728794800893, -0.19202369876443007, -0.19053813896837987, -0.1476418460380574, -0.10747674042197114, -0.10404985420170351, -0.08835029439570571, -0.058045588815664476, 0.5197915690560855, -0.32938141125948095, 0.3743324470918106, 0.43214362663406747, 0.5257100946559847, 0.6960208050922134, 0.9857990878086219, 1.1398074382068955]","""1,1332,2,327,1000,162,1001,109,3,43,1002,30,2000,12,2001,9,6000,5,4,3,5000,3,3000,3,3001,3,1003,2,9000,2,5001,2,6001,1""",3000,14517.47,62844.27
Problem_5Sat3Gs_1_5.json,1.5,1,1,-5.079740,"[-0.11042349147877718, 0.5656806302431204]","""2,596,1001,439,3,289,1002,229,1,190,2001,80,2000,78,1000,30,4,22,3001,21,3000,16,5000,12,1003,10,4001,9,5001,9,3002,8,4000,4,7000,3,2002,3""",151,22.22,22.22
Problem_5Sat3Gs_1_5.json,1.5,1,2,-5.079740,"[-0.11042349147877718, 0.5656806302431204]","""2,596,1001,438,1002,254,3,248,1,200,2000,74,2001,69,1000,36,4,26,3001,24,3000,22,5000,19,4001,12,3002,11,5001,7,1003,7,4000,3,2002,2""",151,36.08,36.08
Problem_5Sat3Gs_1_5.json,1.5,1,3,-5.079740,"[-0.11042349147877718, 0.5656806302431204]","""2,564,1001,401,3,302,1002,269,1,188,2001,87,2000,68,1000,32,4,26,3001,25,5000,23,3000,14,4001,11,5001,11,1003,10,3002,7,4000,6,2002,3,5,1""",151,49.95,49.95
Problem_5Sat3Gs_1_5.json,1.5,1,4,-5.079740,"[-0.11042349147877718, 0.5656806302431204]","""2,560,1001,435,3,287,1002,232,1,186,2000,89,2001,79,1000,34,3001,30,4,29,3000,26,5000,15,1003,15,5001,8,4001,8,3002,6,4000,6,2002,3""",151,63.85,63.85
Problem_5Sat3Gs_1_5.json,1.5,1,5,-5.079740,"[-0.11042349147877718, 0.5656806302431204]","""2,587,1001,434,3,274,1002,233,1,188,2000,80,2001,75,4,43,1000,31,5000,21,3001,17,3000,15,4001,14,1003,9,3002,9,5001,8,4000,7,7000,2,2002,1""",151,77.63,77.63
Problem_5Sat3Gs_1_5.json,1.5,1,6,-5.079740,"[-0.11042349147877718, 0.5656806302431204]","""2,594,1001,431,3,264,1002,251,1,200,2000,75,2001,65,1000,35,4,25,5000,19,3001,18,3000,18,1003,13,5001,12,4001,10,3002,9,4000,4,2002,3,7000,1,5,1""",151,91.46,91.46
Problem_5Sat3Gs_1_5.json,1.5,1,7,-5.079740,"[-0.11042349147877718, 0.5656806302431204]","""2,603,1001,440,3,260,1002,246,1,164,2001,86,2000,81,4,36,3001,26,1000,24,1003,22,3000,13,5000,12,4001,9,5001,9,4000,6,3002,5,2002,5,5,1""",151,105.32,105.32
Problem_5Sat3Gs_1_5.json,1.5,1,8,-5.079740,"[-0.11042349147877718, 0.5656806302431204]","""2,531,1001,410,3,299,1002,254,1,195,2000,97,2001,87,4,48,1000,35,3001,23,3000,16,5000,15,1003,11,5001,8,3002,7,4001,4,2002,4,5,2,4000,2""",151,119.17,119.17
Problem_5Sat3Gs_1_5.json,1.5,1,9,-5.079740,"[-0.11042349147877718, 0.5656806302431204]","""2,613,1001,396,3,267,1002,245,1,184,2000,81,2001,67,1000,41,4,37,3001,23,3000,20,3002,16,1003,15,5000,14,4001,10,4000,8,5001,7,2002,4""",151,132.97,132.97
Problem_5Sat3Gs_1_5.json,1.5,1,10,-5.079740,"[-0.11042349147877718, 0.5656806302431204]","""2,604,1001,430,3,274,1002,210,1,185,2000,80,2001,76,1000,37,3001,28,4,25,3000,25,5000,17,4001,13,3002,12,1003,11,5001,8,2002,6,4000,6,5,1""",151,146.83,146.83
Problem_5Sat3Gs_1_5.json,1.5,2,1,-5.611501,"[-0.1252949546765949, -0.08965263382175011, 0.4754583888257233, 1.0858646203601574]","""2,847,1,496,1001,298,3,168,1002,67,1000,40,2001,34,3000,15,3001,14,2000,12,2002,11,5000,11,4001,8,5001,7,4,6,1003,5,4000,4,7000,4,3002,1""",361,62.00,208.83
Problem_5Sat3Gs_1_5.json,1.5,2,2,-5.611501,"[-0.1252949546765949, -0.08965263382175011, 0.4754583888257233, 1.0858646203601574]","""2,876,1,499,1001,285,3,133,1002,97,1000,28,2001,27,5000,23,2000,14,3000,11,4,11,1003,8,3001,8,2002,7,4001,7,5001,4,7000,4,4000,3,3002,3""",361,110.21,257.04
Problem_5Sat3Gs_1_5.json,1.5,2,3,-5.611501,"[-0.1252949546765949, -0.08965263382175011, 0.4754583888257233, 1.0858646203601574]","""2,844,1,541,1001,283,3,137,1002,79,1000,34,2001,31,5000,23,2000,16,3000,13,3001,9,4001,9,5001,8,2002,5,4,5,7000,3,4000,3,3002,3,1003,2""",361,158.56,305.39
Problem_5Sat3Gs_1_5.json,1.5,2,4,-5.611501,"[-0.1252949546765949, -0.08965263382175011, 0.4754583888257233, 1.0858646203601574]","""2,854,1,510,1001,291,3,158,1002,69,1000,40,2001,28,2000,20,5000,18,3001,15,4001,9,3000,9,1003,6,2002,5,5001,5,4000,4,7000,3,3002,2,4,2""",361,207.05,353.89
Problem_5Sat3Gs_1_5.json,1.5,2,5,-5.611501,"[-0.1252949546765949, -0.08965263382175011, 0.4754583888257233, 1.0858646203601574]","""2,894,1,501,1001,281,3,142,1002,75,1000,34,2001,23,2000,21,5000,16,3001,14,3000,13,2002,8,5001,6,4,5,1003,5,4001,4,4000,3,7000,3""",361,255.54,402.37
Problem_5Sat3Gs_1_5.json,1.5,2,6,-5.611501,"[-0.1252949546765949, -0.08965263382175011, 0.4754583888257233, 1.0858646203601574]","""2,884,1,498,1001,281,3,155,1002,82,1000,47,2001,27,3001,14,5000,13,3000,12,2000,9,5001,5,1003,5,4001,4,2002,4,4,3,7000,2,3002,2,4000,1""",361,304.09,450.92
Problem_5Sat3Gs_1_5.json,1.5,2,7,-5.611501,"[-0.1252949546765949, -0.08965263382175011, 0.4754583888257233, 1.0858646203601574]","""2,854,1,508,1001,290,3,141,1002,87,2001,31,1000,27,5000,18,2000,17,3001,14,3000,11,4001,10,4,9,1003,9,5001,8,2002,6,3002,4,4000,2,7000,2""",361,352.64,499.47
Problem_5Sat3Gs_1_5.json,1.5,2,8,-5.611501,"[-0.1252949546765949, -0.08965263382175011, 0.4754583888257233, 1.0858646203601574]","""2,889,1,491,1001,258,3,154,1002,86,2001,40,1000,33,5000,21,3000,14,3001,12,2000,11,2002,10,4001,9,4,5,1003,4,4000,4,7000,3,5001,3,3002,1""",361,401.39,548.22
Problem_5Sat3Gs_1_5.json,1.5,2,9,-5.611501,"[-0.1252949546765949, -0.08965263382175011, 0.4754583888257233, 1.0858646203601574]","""2,851,1,486,1001,296,3,149,1002,84,1000,51,2001,35,5000,19,2000,17,5001,10,3001,9,3000,9,4001,8,7000,7,1003,6,4,5,3002,3,2002,2,4000,1""",361,450.04,596.87
Problem_5Sat3Gs_1_5.json,1.5,2,10,-5.611501,"[-0.1252949546765949, -0.08965263382175011, 0.4754583888257233, 1.0858646203601574]","""2,880,1,495,1001,282,3,160,1002,81,2001,32,1000,23,5000,16,2000,14,3001,12,3000,10,4,7,2002,7,1003,7,5001,6,4001,6,4000,4,7000,4,3002,2""",361,498.93,645.76
Problem_5Sat3Gs_1_5.json,1.5,3,1,-5.885932,"[-0.14390365330368018, -0.10020184262940376, -0.07382282619633099, 0.37151561490259405, 0.8746737177327223, 1.147464474306367]","""2,830,1,766,1001,164,3,107,1002,46,1000,39,2001,22,5000,17,2000,15,3000,8,3001,8,4001,7,4,5,1003,4,2002,3,4000,3,5001,3,3002,1""",1545,296.43,942.19
Problem_5Sat3Gs_1_5.json,1.5,3,2,-5.885932,"[-0.14390365330368018, -0.10020184262940376, -0.07382282619633099, 0.37151561490259405, 0.8746737177327223, 1.147464474306367]","""2,835,1,761,1001,191,3,84,1002,52,1000,33,2001,25,2000,13,5000,11,4001,10,3000,10,3001,8,4,5,2002,3,5001,3,1003,2,3002,1,4000,1""",1545,572.72,1218.48
Problem_5Sat3Gs_1_5.json,1.5,3,3,-5.885932,"[-0.14390365330368018, -0.10020184262940376, -0.07382282619633099, 0.37151561490259405, 0.8746737177327223, 1.147464474306367]","""2,879,1,762,1001,152,3,91,1002,42,1000,32,2001,27,3001,12,5000,12,2000,10,4001,7,3000,7,4000,5,1003,4,5001,2,2002,2,3002,1,4,1""",1545,850.03,1495.79
Problem_5Sat3Gs_1_5.json,1.5,3,4,-5.885932,"[-0.14390365330368018, -0.10020184262940376, -0.07382282619633099, 0.37151561490259405, 0.8746737177327223, 1.147464474306367]","""2,828,1,797,1001,162,3,71,1002,57,1000,30,2001,22,2000,15,4001,15,5000,11,3000,10,4,8,2002,8,3001,6,5001,3,1003,3,4000,1,3002,1""",1545,1128.10,1773.86
Problem_5Sat3Gs_1_5.json,1.5,3,5,-5.885932,"[-0.14390365330368018, -0.10020184262940376, -0.07382282619633099, 0.37151561490259405, 0.8746737177327223, 1.147464474306367]","""2,820,1,797,1001,169,3,97,1002,38,1000,37,5000,16,2000,15,2001,14,4001,10,3000,8,3001,6,2002,5,4000,4,4,4,1003,4,5001,3,3002,1""",1545,1400.55,2046.31
Problem_5Sat3Gs_1_5.json,1.5,3,6,-5.885932,"[-0.14390365330368018, -0.10020184262940376, -0.07382282619633099, 0.37151561490259405, 0.8746737177327223, 1.147464474306367]","""2,843,1,811,1001,165,3,75,1002,35,1000,31,2000,16,2001,15,3000,12,4001,10,1003,8,5000,7,2002,5,3001,5,4000,3,4,3,5001,3,5,1""",1545,1668.89,2314.66
Problem_5Sat3Gs_1_5.json,1.5,3,7,-5.885932,"[-0.14390365330368018, -0.10020184262940376, -0.07382282619633099, 0.37151561490259405, 0.8746737177327223, 1.147464474306367]","""2,832,1,824,1001,165,3,88,1002,37,1000,22,2000,19,2001,16,5000,11,4001,9,3000,9,3001,6,4,3,4000,2,1003,2,3002,1,2002,1,5001,1""",1545,1938.77,2584.53
Problem_5Sat3Gs_1_5.json,1.5,3,8,-5.885932,"[-0.14390365330368018, -0.10020184262940376, -0.07382282619633099, 0.37151561490259405, 0.8746737177327223, 1.147464474306367]","""2,822,1,802,1001,174,3,89,1002,39,1000,35,2001,20,2000,14,3000,12,5000,9,3001,7,4001,6,1003,5,2002,5,4,4,4000,2,5,1,7000,1,5001,1""",1545,2200.49,2846.25
Problem_5Sat3Gs_1_5.json,1.5,3,9,-5.885932,"[-0.14390365330368018, -0.10020184262940376, -0.07382282619633099, 0.37151561490259405, 0.8746737177327223, 1.147464474306367]","""2,820,1,815,1001,171,3,85,1002,41,1000,23,2000,19,2001,19,5000,16,4001,10,3001,9,3000,6,2002,4,4,4,1003,3,4000,2,5001,1""",1545,2471.35,3117.11
Problem_5Sat3Gs_1_5.json,1.5,3,10,-5.885932,"[-0.14390365330368018, -0.10020184262940376, -0.07382282619633099, 0.37151561490259405, 0.8746737177327223, 1.147464474306367]","""2,818,1,798,1001,164,3,93,1002,49,1000,26,2001,22,4001,18,5000,16,2000,15,3000,8,4,6,2002,5,3001,5,4000,3,1003,2""",1545,2732.92,3378.68
Problem_5Sat3Gs_1_5.json,1.5,4,1,-6.108002,"[-0.13951472529780684, -0.10301640223288958, -0.09025934956504046, -0.07010943466488904, 0.31661368655418193, 0.612938968110321, 0.8907519893229282, 1.19691069457458]","""1,1060,2,691,1001,136,3,53,1000,31,2000,16,2001,15,1002,14,4001,9,5000,7,3001,6,3000,3,4,3,2002,2,7000,1,4000,1""",2684,588.77,3967.45
Problem_5Sat3Gs_1_5.json,1.5,4,2,-6.108002,"[-0.13951472529780684, -0.10301640223288958, -0.09025934956504046, -0.07010943466488904, 0.31661368655418193, 0.612938968110321, 0.8907519893229282, 1.19691069457458]","""1,1027,2,719,1001,146,3,56,1000,34,1002,25,2001,7,2000,7,5000,6,3001,6,3000,4,4,3,4001,3,2002,2,3002,1,1003,1,4000,1""",2684,1171.69,4550.37
Problem_5Sat3Gs_1_5.json,1.5,4,3,-6.108002,"[-0.13951472529780684, -0.10301640223288958, -0.09025934956504046, -0.07010943466488904, 0.31661368655418193, 0.612938968110321, 0.8907519893229282, 1.19691069457458]","""1,1013,2,724,1001,149,3,50,1000,27,1002,18,2001,15,2000,12,4001,10,5000,9,3001,7,3000,5,4000,4,2002,2,4,1,3002,1,7000,1""",2684,1750.29,5128.96
Problem_5Sat3Gs_1_5.json,1.5,4,4,-6.108002,"[-0.13951472529780684, -0.10301640223288958, -0.09025934956504046, -0.07010943466488904, 0.31661368655418193, 0.612938968110321, 0.8907519893229282, 1.19691069457458]","""1,1014,2,703,1001,144,3,63,1000,49,1002,21,2000,15,2001,11,4001,9,5000,6,4000,3,3001,3,1003,2,2002,2,5001,1,3000,1,4,1""",2684,2334.94,5713.62
Problem_5Sat3Gs_1_5.json,1.5,4,5,-6.108002,"[-0.13951472529780684, -0.10301640223288958, -0.09025934956504046, -0.07010943466488904, 0.31661368655418193, 0.612938968110321, 0.8907519893229282, 1.19691069457458]","""1,1061,2,686,1001,126,3,66,1000,31,1002,24,2000,14,2001,11,3001,6,5000,5,2002,4,4001,4,4000,4,3000,3,1003,2,7000,1""",2684,2916.92,6295.60
Problem_5Sat3Gs_1_5.json,1.5,4,6,-6.108002,"[-0.13951472529780684, -0.10301640223288958, -0.09025934956504046, -0.07010943466488904, 0.31661368655418193, 0.612938968110321, 0.8907519893229282, 1.19691069457458]","""1,1042,2,717,1001,133,3,49,1000,27,1002,26,2001,19,2000,10,5000,5,4000,4,4001,4,2002,3,3001,3,4,2,1003,2,3000,1,3002,1""",2684,3520.91,6899.59
Problem_5Sat3Gs_1_5.json,1.5,4,7,-6.108002,"[-0.13951472529780684, -0.10301640223288958, -0.09025934956504046, -0.07010943466488904, 0.31661368655418193, 0.612938968110321, 0.8907519893229282, 1.19691069457458]","""1,1003,2,715,1001,155,3,64,1000,46,1002,16,2001,16,2000,13,4001,5,5000,4,4,3,3000,3,5001,2,2002,1,1003,1,7000,1""",2684,4122.48,7501.16
Problem_5Sat3Gs_1_5.json,1.5,4,8,-6.108002,"[-0.13951472529780684, -0.10301640223288958, -0.09025934956504046, -0.07010943466488904, 0.31661368655418193, 0.612938968110321, 0.8907519893229282, 1.19691069457458]","""1,1069,2,674,1001,133,3,49,1000,42,1002,25,4001,12,2001,10,2000,9,3001,7,2002,4,5000,4,3000,3,4,3,4000,2,1003,1,5001,1""",2684,4719.16,8097.84
Problem_5Sat3Gs_1_5.json,1.5,4,9,-6.108002,"[-0.13951472529780684, -0.10301640223288958, -0.09025934956504046, -0.07010943466488904, 0.31661368655418193, 0.612938968110321, 0.8907519893229282, 1.19691069457458]","""1,1022,2,726,1001,131,3,63,1000,39,1002,23,2001,13,2000,9,5000,6,4000,3,3001,3,3000,3,4001,2,2002,2,4,2,5001,1""",2684,5323.25,8701.93
Problem_5Sat3Gs_1_5.json,1.5,4,10,-6.108002,"[-0.13951472529780684, -0.10301640223288958, -0.09025934956504046, -0.07010943466488904, 0.31661368655418193, 0.612938968110321, 0.8907519893229282, 1.19691069457458]","""1,964,2,739,1001,156,3,63,1000,39,1002,25,2001,16,2000,12,3001,10,5000,5,3000,5,4000,4,5001,4,2002,2,4001,2,4,1,7000,1""",2684,5930.24,9308.91
Problem_5Sat3Gs_1_5.json,1.5,5,1,-6.260046,"[-0.14715943413385807, -0.09968230299077573, -0.10099665728866929, -0.08985079036881945, -0.06144599827489542, 0.3238116625001256, 0.5509365882257332, 0.6750830958504482, 1.018862089766978, 1.1930861483002684]","""1,1242,2,549,1001,135,1000,43,3,29,1002,20,2001,6,5000,4,4001,4,3001,4,2000,3,3000,3,4000,2,3002,2,2002,1,5001,1""",2173,622.33,9931.24
Problem_5Sat3Gs_1_5.json,1.5,5,2,-6.260046,"[-0.14715943413385807, -0.09968230299077573, -0.10099665728866929, -0.08985079036881945, -0.06144599827489542, 0.3238116625001256, 0.5509365882257332, 0.6750830958504482, 1.018862089766978, 1.1930861483002684]","""1,1229,2,561,1001,122,1000,40,3,33,1002,20,2000,10,4001,6,3001,6,2001,5,3000,4,5001,3,5000,3,4,3,4000,2,3002,1""",2173,1214.00,10522.91
Problem_5Sat3Gs_1_5.json,1.5,5,3,-6.260046,"[-0.14715943413385807, -0.09968230299077573, -0.10099665728866929, -0.08985079036881945, -0.06144599827489542, 0.3238116625001256, 0.5509365882257332, 0.6750830958504482, 1.018862089766978, 1.1930861483002684]","""1,1231,2,537,1001,148,1000,49,3,35,1002,19,2001,6,4000,5,4001,5,2000,4,3000,2,4,2,5001,2,2002,1,3002,1,7000,1""",2173,1808.97,11117.88
Problem_5Sat3Gs_1_5.json,1.5,5,4,-6.260046,"[-0.14715943413385807, -0.09968230299077573, -0.10099665728866929, -0.08985079036881945, -0.06144599827489542, 0.3238116625001256, 0.5509365882257332, 0.6750830958504482, 1.018862089766978, 1.1930861483002684]","""1,1230,2,554,1001,110,1000,38,3,36,1002,25,2000,15,4001,8,3001,6,2001,6,4,6,3000,3,4000,3,5001,3,3002,2,5000,1,1003,1,7000,1""",2173,2406.47,11715.38
Problem_5Sat3Gs_1_5.json,1.5,5,5,-6.260046,"[-0.14715943413385807, -0.09968230299077573, -0.10099665728866929, -0.08985079036881945, -0.06144599827489542, 0.3238116625001256, 0.5509365882257332, 0.6750830958504482, 1.018862089766978, 1.1930861483002684]","""1,1263,2,536,1001,109,1000,51,3,34,1002,16,4001,8,2001,6,5000,5,3000,5,4000,4,2000,3,5001,2,3002,2,7000,1,3001,1,4,1,2002,1""",2173,3004.62,12313.53
Problem_5Sat3Gs_1_5.json,1.5,5,6,-6.260046,"[-0.14715943413385807, -0.09968230299077573, -0.10099665728866929, -0.08985079036881945, -0.06144599827489542, 0.3238116625001256, 0.5509365882257332, 0.6750830958504482, 1.018862089766978, 1.1930861483002684]","""1,1250,2,550,1001,129,1000,39,3,32,1002,22,2001,8,2000,5,3001,3,4001,3,3000,3,1003,2,3002,1,4000,1""",2173,3597.71,12906.63
Problem_5Sat3Gs_1_5.json,1.5,5,7,-6.260046,"[-0.14715943413385807, -0.09968230299077573, -0.10099665728866929, -0.08985079036881945, -0.06144599827489542, 0.3238116625001256, 0.5509365882257332, 0.6750830958504482, 1.018862089766978, 1.1930861483002684]","""1,1237,2,529,1001,156,1000,46,3,29,1002,19,2000,7,2001,6,4001,4,5000,4,4,3,4000,3,3000,1,2002,1,3002,1,3001,1,1003,1""",2173,4187.75,13496.66
Problem_5Sat3Gs_1_5.json,1.5,5,8,-6.260046,"[-0.14715943413385807, -0.09968230299077573, -0.10099665728866929, -0.08985079036881945, -0.06144599827489542, 0.3238116625001256, 0.5509365882257332, 0.6750830958504482, 1.018862089766978, 1.1930861483002684]","""1,1236,2,531,1001,141,1000,57,3,31,1002,20,4001,9,2000,7,4,4,3001,3,3000,3,5000,2,2001,1,1003,1,7000,1,4000,1""",2173,4784.84,14093.75
Problem_5Sat3Gs_1_5.json,1.5,5,9,-6.260046,"[-0.14715943413385807, -0.09968230299077573, -0.10099665728866929, -0.08985079036881945, -0.06144599827489542, 0.3238116625001256, 0.5509365882257332, 0.6750830958504482, 1.018862089766978, 1.1930861483002684]","""1,1247,2,531,1001,116,1000,51,3,40,1002,25,2000,11,4001,6,2001,6,4,4,3001,3,4000,3,3000,2,3002,1,5001,1,5000,1""",2173,5380.05,14688.97
Problem_5Sat3Gs_1_5.json,1.5,5,10,-6.260046,"[-0.14715943413385807, -0.09968230299077573, -0.10099665728866929, -0.08985079036881945, -0.06144599827489542, 0.3238116625001256, 0.5509365882257332, 0.6750830958504482, 1.018862089766978, 1.1930861483002684]","""1,1241,2,531,1001,136,1000,49,3,35,1002,23,2000,11,4000,6,2001,5,4,4,3001,2,5000,2,5001,1,4001,1,3000,1""",2173,5973.70,15282.61
Problem_5Sat3Gs_1_5.json,1.5,6,1,-6.349212,"[-0.1613863541301138, -0.11455470815916127, -0.09855184222029881, -0.09657655223094437, -0.07950012795662495, -0.05470548556834187, 0.30782645960397825, 0.5694486087100992, 0.6187033751848846, 0.7896365520365592, 1.01078936761815, 1.1356564345287936]","""1,1379,2,406,1001,134,1000,58,3,27,1002,11,2000,9,2001,8,4001,4,5000,3,2002,2,4,2,5001,1,3001,1,1003,1,7000,1,3000,1""",3000,998.59,16281.20
Problem_5Sat3Gs_1_5.json,1.5,6,2,-6.349212,"[-0.1613863541301138, -0.11455470815916127, -0.09855184222029881, -0.09657655223094437, -0.07950012795662495, -0.05470548556834187, 0.30782645960397825, 0.5694486087100992, 0.6187033751848846, 0.7896365520365592, 1.01078936761815, 1.1356564345287936]","""1,1397,2,416,1001,119,1000,58,3,20,1002,15,2001,6,2000,5,3000,3,5001,2,4001,2,4000,2,5000,2,2002,1""",3000,1963.71,17246.32
Problem_5Sat3Gs_1_5.json,1.5,6,3,-6.349212,"[-0.1613863541301138, -0.11455470815916127, -0.09855184222029881, -0.09657655223094437, -0.07950012795662495, -0.05470548556834187, 0.30782645960397825, 0.5694486087100992, 0.6187033751848846, 0.7896365520365592, 1.01078936761815, 1.1356564345287936]","""1,1407,2,403,1001,117,1000,59,3,20,1002,17,2000,10,4000,4,2001,4,5000,2,3000,2,4,1,7000,1,2002,1""",3000,2930.09,18212.70
Problem_5Sat3Gs_1_5.json,1.5,6,4,-6.349212,"[-0.1613863541301138, -0.11455470815916127, -0.09855184222029881, -0.09657655223094437, -0.07950012795662495, -0.05470548556834187, 0.30782645960397825, 0.5694486087100992, 0.6187033751848846, 0.7896365520365592, 1.01078936761815, 1.1356564345287936]","""1,1367,2,416,1001,127,1000,66,3,26,1002,15,2000,7,4000,5,3000,4,4001,3,5000,3,2001,3,2002,2,7000,1,1003,1,5001,1,3001,1""",3000,3891.88,19174.49
Problem_5Sat3Gs_1_5.json,1.5,6,5,-6.349212,"[-0.1613863541301138, -0.11455470815916127, -0.09855184222029881, -0.09657655223094437, -0.07950012795662495, -0.05470548556834187, 0.30782645960397825, 0.5694486087100992, 0.6187033751848846, 0.7896365520365592, 1.01078936761815, 1.1356564345287936]","""1,1387,2,414,1001,113,1000,61,3,29,2000,9,2001,8,1002,8,5000,4,4,3,1003,3,4000,2,4001,2,3001,2,5001,1,3000,1,7000,1""",3000,4854.27,20136.89
Problem_5Sat3Gs_1_5.json,1.5,6,6,-6.349212,"[-0.1613863541301138, -0.11455470815916127, -0.09855184222029881, -0.09657655223094437, -0.07950012795662495, -0.05470548556834187, 0.30782645960397825, 0.5694486087100992, 0.6187033751848846, 0.7896365520365592, 1.01078936761815, 1.1356564345287936]","""1,1386,2,389,1001,127,1000,73,3,25,1002,17,2000,9,5000,7,2001,5,3000,5,4000,2,4001,2,7000,1""",3000,5819.46,21102.07
Problem_5Sat3Gs_1_5.json,1.5,6,7,-6.349212,"[-0.1613863541301138, -0.11455470815916127, -0.09855184222029881, -0.09657655223094437, -0.07950012795662495, -0.05470548556834187, 0.30782645960397825, 0.5694486087100992, 0.6187033751848846, 0.7896365520365592, 1.01078936761815, 1.1356564345287936]","""1,1375,2,412,1001,137,1000,70,3,20,1002,7,3000,6,2000,6,2001,5,4,3,5000,3,4001,2,3002,1,5001,1""",3000,6784.52,22067.13
Problem_5Sat3Gs_1_5.json,1.5,6,8,-6.349212,"[-0.1613863541301138, -0.11455470815916127, -0.09855184222029881, -0.09657655223094437, -0.07950012795662495, -0.05470548556834187, 0.30782645960397825, 0.5694486087100992, 0.6187033751848846, 0.7896365520365592, 1.01078936761815, 1.1356564345287936]","""1,1371,2,415,1001,132,1000,57,3,34,1002,10,2000,6,2001,5,3000,4,4001,4,5001,2,1003,2,5000,2,4000,1,3002,1,7000,1,4,1""",3000,7745.09,23027.70
Problem_5Sat3Gs_1_5.json,1.5,6,9,-6.349212,"[-0.1613863541301138, -0.11455470815916127, -0.09855184222029881, -0.09657655223094437, -0.07950012795662495, -0.05470548556834187, 0.30782645960397825, 0.5694486087100992, 0.6187033751848846, 0.7896365520365592, 1.01078936761815, 1.1356564345287936]","""1,1376,2,399,1001,125,1000,75,3,29,1002,21,2000,6,2001,4,4000,3,3000,2,1003,2,5001,2,5000,2,2002,1,4001,1""",3000,8708.36,23990.97
Problem_5Sat3Gs_1_5.json,1.5,6,10,-6.349212,"[-0.1613863541301138, -0.11455470815916127, -0.09855184222029881, -0.09657655223094437, -0.07950012795662495, -0.05470548556834187, 0.30782645960397825, 0.5694486087100992, 0.6187033751848846, 0.7896365520365592, 1.01078936761815, 1.1356564345287936]","""1,1382,2,402,1001,127,1000,64,3,25,1002,19,2000,8,4000,6,4001,3,3000,3,5000,2,2001,2,7000,2,5001,1,4,1,3001,1""",3000,9673.77,24956.38
Problem_5Sat3Gs_1_5.json,1.5,7,1,-6.433066,"[-0.16947839215187127, -0.13228935858307625, -0.10835941888094981, -0.09778228478572815, -0.08613971755063286, -0.07844368046468844, -0.054135347655491724, 0.2928770202120828, 0.5525828441116134, 0.6291382923152071, 0.7050985135515314, 0.7806694447621098, 0.9891591063035449, 1.1593801032646394]","""1,1485,2,293,1000,108,1001,92,3,27,1002,15,2000,9,2001,5,5000,5,4000,3,5001,2,2002,2,4,1,4001,1""",3000,1130.57,26086.95
Problem_5Sat3Gs_1_5.json,1.5,7,2,-6.433066,"[-0.16947839215187127, -0.13228935858307625, -0.10835941888094981, -0.09778228478572815, -0.08613971755063286, -0.07844368046468844, -0.054135347655491724, 0.2928770202120828, 0.5525828441116134, 0.6291382923152071, 0.7050985135515314, 0.7806694447621098, 0.9891591063035449, 1.1593801032646394]","""1,1521,2,273,1000,110,1001,96,3,21,1002,8,2000,6,2001,3,4001,3,3000,3,5001,1,3001,1,7000,1,5000,1""",3000,2231.81,27188.19
Problem_5Sat3Gs_1_5.json,1.5,7,3,-6.433066,"[-0.16947839215187127, -0.13228935858307625, -0.10835941888094981, -0.09778228478572815, -0.08613971755063286, -0.07844368046468844, -0.054135347655491724, 0.2928770202120828, 0.5525828441116134, 0.6291382923152071, 0.7050985135515314, 0.7806694447621098, 0.9891591063035449, 1.1593801032646394]","""1,1505,2,324,1001,95,1000,81,3,12,2001,8,1002,7,2000,5,5000,3,5001,2,3001,1,4,1,4001,1,4000,1,3000,1,2002,1""",3000,3341.47,28297.85
Problem_5Sat3Gs_1_5.json,1.5,7,4,-6.433066,"[-0.16947839215187127, -0.13228935858307625, -0.10835941888094981, -0.09778228478572815, -0.08613971755063286, -0.07844368046468844, -0.054135347655491724, 0.2928770202120828, 0.5525828441116134, 0.6291382923152071, 0.7050985135515314, 0.7806694447621098, 0.9891591063035449, 1.1593801032646394]","""1,1526,2,282,1001,107,1000,83,3,20,2000,9,1002,8,5000,4,4001,3,2001,2,3001,1,7000,1,5001,1,4000,1""",3000,4441.09,29397.47
Problem_5Sat3Gs_1_5.json,1.5,7,5,-6.433066,"[-0.16947839215187127, -0.13228935858307625, -0.10835941888094981, -0.09778228478572815, -0.08613971755063286, -0.07844368046468844, -0.054135347655491724, 0.2928770202120828, 0.5525828441116134, 0.6291382923152071, 0.7050985135515314, 0.7806694447621098, 0.9891591063035449, 1.1593801032646394]","""1,1534,2,291,1001,98,1000,75,3,17,2000,10,1002,10,5000,3,4,2,4000,2,5001,2,2001,2,3000,1,3001,1""",3000,5544.31,30500.69
Problem_5Sat3Gs_1_5.json,1.5,7,6,-6.433066,"[-0.16947839215187127, -0.13228935858307625, -0.10835941888094981, -0.09778228478572815, -0.08613971755063286, -0.07844368046468844, -0.054135347655491724, 0.2928770202120828, 0.5525828441116134, 0.6291382923152071, 0.7050985135515314, 0.7806694447621098, 0.9891591063035449, 1.1593801032646394]","""1,1497,2,294,1001,114,1000,80,3,22,2000,13,1002,10,5000,10,2001,4,4001,1,1003,1,3001,1,4000,1""",3000,6653.76,31610.14
Problem_5Sat3Gs_1_5.json,1.5,7,7,-6.433066,"[-0.16947839215187127, -0.13228935858307625, -0.10835941888094981, -0.09778228478572815, -0.08613971755063286, -0.07844368046468844, -0.054135347655491724, 0.2928770202120828, 0.5525828441116134, 0.6291382923152071, 0.7050985135515314, 0.7806694447621098, 0.9891591063035449, 1.1593801032646394]","""1,1520,2,289,1001,102,1000,88,3,15,1002,12,2000,5,5000,4,4001,4,2001,3,3000,2,5001,2,4000,1,3001,1""",3000,7755.09,32711.47
Problem_5Sat3Gs_1_5.json,1.5,7,8,-6.433066,"[-0.16947839215187127, -0.13228935858307625, -0.10835941888094981, -0.09778228478572815, -0.08613971755063286, -0.07844368046468844, -0.054135347655491724, 0.2928770202120828, 0.5525828441116134, 0.6291382923152071, 0.7050985135515314, 0.7806694447621098, 0.9891591063035449, 1.1593801032646394]","""1,1506,2,330,1001,86,1000,77,3,19,1002,10,2000,5,2001,4,3001,3,5000,2,4000,1,3000,1,2002,1,5001,1,4001,1,4,1""",3000,8856.48,33812.85
Problem_5Sat3Gs_1_5.json,1.5,7,9,-6.433066,"[-0.16947839215187127, -0.13228935858307625, -0.10835941888094981, -0.09778228478572815, -0.08613971755063286, -0.07844368046468844, -0.054135347655491724, 0.2928770202120828, 0.5525828441116134, 0.6291382923152071, 0.7050985135515314, 0.7806694447621098, 0.9891591063035449, 1.1593801032646394]","""1,1524,2,287,1001,98,1000,89,3,21,1002,10,2000,8,2001,3,5000,2,4,2,3001,2,4001,1,3002,1""",3000,9958.75,34915.13
Problem_5Sat3Gs_1_5.json,1.5,7,10,-6.433066,"[-0.16947839215187127, -0.13228935858307625, -0.10835941888094981, -0.09778228478572815, -0.08613971755063286, -0.07844368046468844, -0.054135347655491724, 0.2928770202120828, 0.5525828441116134, 0.6291382923152071, 0.7050985135515314, 0.7806694447621098, 0.9891591063035449, 1.1593801032646394]","""1,1540,2,269,1001,100,1000,82,3,22,1002,11,2001,7,2000,7,5001,4,5000,2,3001,2,2002,1,3000,1""",3000,11058.36,36014.74
Problem_5Sat3Gs_1_5.json,1.5,8,1,-6.437623,"[-0.16869907224503783, -0.13274387921610345, -0.11153706667762026, -0.0977536907258266, -0.08386962639453323, -0.08023792852824044, -0.08968847795198247, 0.034885827480386496, 0.28927318055044854, 0.5447238268707287, 0.6371294103573398, 0.7158059951782805, 0.7474276509107826, 0.9631816274198476, 1.091823871298854, -0.1548532235572698]","""1,1512,2,312,1001,84,1000,81,3,18,1002,14,2000,8,2001,4,5001,3,3000,3,4000,2,4001,2,3001,1,3002,1,5000,1,4,1,7000,1""",3000,1282.79,37297.53
Problem_5Sat3Gs_1_5.json,1.5,8,2,-6.437623,"[-0.16869907224503783, -0.13274387921610345, -0.11153706667762026, -0.0977536907258266, -0.08386962639453323, -0.08023792852824044, -0.08968847795198247, 0.034885827480386496, 0.28927318055044854, 0.5447238268707287, 0.6371294103573398, 0.7158059951782805, 0.7474276509107826, 0.9631816274198476, 1.091823871298854, -0.1548532235572698]","""1,1493,2,317,1000,90,1001,81,3,30,1002,11,2000,7,2001,5,5000,2,5001,2,3000,2,2002,2,7000,2,4001,1,4000,1,4,1,5,1""",3000,2526.67,38541.41
Problem_5Sat3Gs_1_5.json,1.5,8,3,-6.437623,"[-0.16869907224503783, -0.13274387921610345, -0.11153706667762026, -0.0977536907258266, -0.08386962639453323, -0.08023792852824044, -0.08968847795198247, 0.034885827480386496, 0.28927318055044854, 0.5447238268707287, 0.6371294103573398, 0.7158059951782805, 0.7474276509107826, 0.9631816274198476, 1.091823871298854, -0.1548532235572698]","""1,1529,2,302,1000,83,1001,73,3,18,1002,14,2001,12,2000,8,2002,2,5000,2,3000,2,5001,2,4001,1""",3000,3774.71,39789.44
Problem_5Sat3Gs_1_5.json,1.5,8,4,-6.437623,"[-0.16869907224503783, -0.13274387921610345, -0.11153706667762026, -0.0977536907258266, -0.08386962639453323, -0.08023792852824044, -0.08968847795198247, 0.034885827480386496, 0.28927318055044854, 0.5447238268707287, 0.6371294103573398, 0.7158059951782805, 0.7474276509107826, 0.9631816274198476, 1.091823871298854, -0.1548532235572698]","""1,1506,2,295,1000,107,1001,88,3,23,1002,13,2001,5,2000,4,5000,3,3000,2,1003,1,3001,1""",3000,5025.05,41039.79
Problem_5Sat3Gs_1_5.json,1.5,8,5,-6.437623,"[-0.16869907224503783, -0.13274387921610345, -0.11153706667762026, -0.0977536907258266, -0.08386962639453323, -0.08023792852824044, -0.08968847795198247, 0.034885827480386496, 0.28927318055044854, 0.5447238268707287, 0.6371294103573398, 0.7158059951782805, 0.7474276509107826, 0.9631816274198476, 1.091823871298854, -0.1548532235572698]","""1,1533,2,297,1001,93,1000,74,3,17,1002,14,2000,8,2001,4,5000,3,3000,2,3001,1,4001,1,4,1""",3000,6267.12,42281.86
Problem_5Sat3Gs_1_5.json,1.5,8,6,-6.437623,"[-0.16869907224503783, -0.13274387921610345, -0.11153706667762026, -0.0977536907258266, -0.08386962639453323, -0.08023792852824044, -0.08968847795198247, 0.034885827480386496, 0.28927318055044854, 0.5447238268707287, 0.6371294103573398, 0.7158059951782805, 0.7474276509107826, 0.9631816274198476, 1.091823871298854, -0.1548532235572698]","""1,1530,2,292,1001,89,1000,85,3,18,1002,14,2000,11,2001,3,5000,2,3000,2,3001,1,4000,1""",3000,7511.65,43526.39
Problem_5Sat3Gs_1_5.json,1.5,8,7,-6.437623,"[-0.16869907224503783, -0.13274387921610345, -0.11153706667762026, -0.0977536907258266, -0.08386962639453323, -0.08023792852824044, -0.08968847795198247, 0.034885827480386496, 0.28927318055044854, 0.5447238268707287, 0.6371294103573398, 0.7158059951782805, 0.7474276509107826, 0.9631816274198476, 1.091823871298854, -0.1548532235572698]","""1,1497,2,308,1000,101,1001,90,3,22,2000,10,1002,10,5000,3,3001,2,4001,2,3000,2,2001,1""",3000,8753.90,44768.64
Problem_5Sat3Gs_1_5.json,1.5,8,8,-6.437623,"[-0.16869907224503783, -0.13274387921610345, -0.11153706667762026, -0.0977536907258266, -0.08386962639453323, -0.08023792852824044, -0.08968847795198247, 0.034885827480386496, 0.28927318055044854, 0.5447238268707287, 0.6371294103573398, 0.7158059951782805, 0.7474276509107826, 0.9631816274198476, 1.091823871298854, -0.1548532235572698]","""1,1520,2,295,1001,95,1000,83,3,24,2001,10,2000,9,1002,6,4001,1,3001,1,7000,1,5001,1,4000,1,5000,1""",3000,9992.81,46007.54
Problem_5Sat3Gs_1_5.json,1.5,8,9,-6.437623,"[-0.16869907224503783, -0.13274387921610345, -0.11153706667762026, -0.0977536907258266, -0.08386962639453323, -0.08023792852824044, -0.08968847795198247, 0.034885827480386496, 0.28927318055044854, 0.5447238268707287, 0.6371294103573398, 0.7158059951782805, 0.7474276509107826, 0.9631816274198476, 1.091823871298854, -0.1548532235572698]","""1,1527,2,293,1000,97,1001,81,3,21,1002,12,2001,4,2000,4,3001,2,5000,2,4,2,2002,1,4001,1,7000,1""",3000,11242.16,47256.90
Problem_5Sat3Gs_1_5.json,1.5,8,10,-6.437623,"[-0.16869907224503783, -0.13274387921610345, -0.11153706667762026, -0.0977536907258266, -0.08386962639453323, -0.08023792852824044, -0.08968847795198247, 0.034885827480386496, 0.28927318055044854, 0.5447238268707287, 0.6371294103573398, 0.7158059951782805, 0.7474276509107826, 0.9631816274198476, 1.091823871298854, -0.1548532235572698]","""1,1550,2,291,1000,94,1001,63,3,20,1002,13,2000,6,2001,3,3001,2,3000,2,5000,1,5001,1,4001,1,4,1""",3000,12491.86,48506.59
Problem_5Sat3Gs_1_8.json,1.5,1,1,-5.723323,"[-0.11320995559937114, 0.514686243917636]","""2,458,1002,317,1001,316,3,292,1,236,2001,151,1000,93,2000,33,4,31,3000,26,1003,18,3001,13,3002,11,4000,10,5000,10,4001,10,5001,9,6000,5,6001,4,8000,3,2002,2""",141,22.27,22.27
Problem_5Sat3Gs_1_8.json,1.5,1,2,-5.723323,"[-0.11320995559937114, 0.514686243917636]","""2,468,1002,351,1001,329,3,271,1,242,2001,117,1000,75,2000,39,4,38,3000,27,3002,18,1003,13,3001,10,4001,10,4000,9,6001,9,5001,6,6000,6,5,4,5000,4,2002,1,8000,1""",141,35.61,35.61
Problem_5Sat3Gs_1_8.json,1.5,1,3,-5.723323,"[-0.11320995559937114, 0.514686243917636]","""2,431,3,318,1001,316,1002,314,1,211,2001,139,1000,100,2000,44,4,37,3000,31,1003,22,3001,17,3002,16,4001,13,5001,12,4000,11,6000,5,6001,4,5000,3,2002,2,8000,2""",141,48.93,48.93
Problem_5Sat3Gs_1_8.json,1.5,1,4,-5.723323,"[-0.11320995559937114, 0.514686243917636]","""2,466,1002,319,1001,319,3,273,1,233,2001,140,1000,95,4,45,2000,32,3000,24,1003,21,3002,15,3001,14,4001,11,5001,10,6000,7,6001,6,4000,6,5000,5,2002,5,5,2""",141,62.28,62.28
Problem_5Sat3Gs_1_8.json,1.5,1,5,-5.723323,"[-0.11320995559937114, 0.514686243917636]","""2,456,1002,319,3,309,1001,302,1,229,2001,140,1000,105,4,34,2000,32,3000,23,1003,22,3002,19,3001,14,5001,9,4001,9,4000,8,5000,7,6000,4,6001,4,2002,2,5,1""",141,75.57,75.57
Problem_5Sat3Gs_1_8.json,1.5,1,6,-5.723323,"[-0.11320995559937114, 0.514686243917636]","""2,432,1002,365,1001,315,3,288,1,198,2001,148,1000,93,4,49,2000,41,3000,26,3002,25,1003,20,3001,14,4000,8,5001,8,6000,5,5000,4,2002,3,6001,2,4001,2,5,1,8000,1""",141,88.87,88.87
Problem_5Sat3Gs_1_8.json,1.5,1,7,-5.723323,"[-0.11320995559937114, 0.514686243917636]","""2,445,1002,344,3,306,1001,274,1,230,2001,164,1000,88,2000,41,4,34,1003,19,3000,18,3002,16,3001,14,5000,12,4001,12,5001,11,6000,6,4000,6,5,3,6001,3,2002,1,8000,1""",141,102.14,102.14
Problem_5Sat3Gs_1_8.json,1.5,1,8,-5.723323,"[-0.11320995559937114, 0.514686243917636]","""2,448,1001,323,1002,320,3,307,1,219,2001,156,1000,98,4,40,2000,28,1003,24,3000,18,3002,17,3001,11,5001,9,4001,9,5000,9,6000,4,6001,4,5,2,4000,2""",141,115.45,115.46
Problem_5Sat3Gs_1_8.json,1.5,1,9,-5.723323,"[-0.11320995559937114, 0.514686243917636]","""2,456,1002,342,1001,326,3,282,1,214,2001,152,1000,75,2000,39,4,33,3000,27,1003,24,3002,15,4000,13,5001,11,3001,11,5000,8,6000,7,4001,7,6001,4,5,2""",141,128.85,128.85
Problem_5Sat3Gs_1_8.json,1.5,1,10,-5.723323,"[-0.11320995559937114, 0.514686243917636]","""2,472,1002,339,3,297,1001,286,1,229,2001,141,1000,97,4,34,2000,33,3000,29,3001,16,1003,14,3002,14,5001,9,5000,9,6000,9,4000,7,6001,4,4001,4,2002,3,8000,2""",141,142.33,142.33
Problem_5Sat3Gs_1_8.json,1.5,2,1,-6.303950,"[-0.12816344072331246, -0.09707092636803642, 0.43641197683298694, 1.0534148893557207]","""2,678,1,575,3,225,1001,193,1002,129,1000,107,2001,33,1003,29,3000,18,3001,11,4000,8,2000,8,4,8,3002,8,6000,6,2002,3,4001,3,5000,3,6001,1,5001,1,8000,1""",718,113.23,255.57
Problem_5Sat3Gs_1_8.json,1.5,2,2,-6.303950,"[-0.12816344072331246, -0.09707092636803642, 0.43641197683298694, 1.0534148893557207]","""2,629,1,605,3,241,1001,191,1002,137,1000,98,2001,34,3000,20,4000,13,3001,12,4,12,1003,12,2002,8,6000,7,3002,7,2000,7,6001,5,4001,4,5001,3,5000,3""",718,212.26,354.59
Problem_5Sat3Gs_1_8.json,1.5,2,3,-6.303950,"[-0.12816344072331246, -0.09707092636803642, 0.43641197683298694, 1.0534148893557207]","""2,648,1,611,3,233,1001,160,1002,131,1000,103,2001,24,3000,22,4,19,1003,19,3001,15,2000,14,4000,9,6000,8,3002,7,5001,6,4001,5,2002,5,5000,4,6001,3,8000,2""",718,312.37,454.71
Problem_5Sat3Gs_1_8.json,1.5,2,4,-6.303950,"[-0.12816344072331246, -0.09707092636803642, 0.43641197683298694, 1.0534148893557207]","""2,620,1,613,3,200,1001,188,1002,146,1000,114,2001,26,1003,23,3000,21,3001,17,2000,14,4000,14,4,10,6001,7,3002,7,6000,7,5000,6,2002,4,5001,4,4001,4,8000,3""",718,412.44,554.77
Problem_5Sat3Gs_1_8.json,1.5,2,5,-6.303950,"[-0.12816344072331246, -0.09707092636803642, 0.43641197683298694, 1.0534148893557207]","""2,658,1,586,3,242,1001,176,1002,136,1000,93,2001,22,1003,22,4,19,3000,17,3001,13,4000,13,2000,11,5001,10,3002,10,6001,7,2002,6,5000,3,4001,2,8000,1,6000,1""",718,511.92,654.26
Problem_5Sat3Gs_1_8.json,1.5,2,6,-6.303950,"[-0.12816344072331246, -0.09707092636803642, 0.43641197683298694, 1.0534148893557207]","""2,642,1,594,3,231,1001,193,1002,123,1000,94,3000,22,1003,22,2001,20,4000,17,3001,17,2000,16,4,16,2002,8,5001,6,6001,5,6000,5,3002,5,8000,4,5000,4,4001,4""",718,610.80,753.14
Problem_5Sat3Gs_1_8.json,1.5,2,7,-6.303950,"[-0.12816344072331246, -0.09707092636803642, 0.43641197683298694, 1.0534148893557207]","""2,631,1,597,3,226,1001,168,1002,138,1000,128,2001,24,3000,19,3001,16,4000,13,1003,13,4,13,2000,12,5001,12,3002,12,6000,7,2002,6,5000,5,6001,3,4001,3,5,1,8000,1""",718,709.77,852.10
Problem_5Sat3Gs_1_8.json,1.5,2,8,-6.303950,"[-0.12816344072331246, -0.09707092636803642, 0.43641197683298694, 1.0534148893557207]","""2,666,1,558,3,237,1001,195,1002,155,1000,87,2001,28,4000,20,3000,18,1003,16,3001,13,2000,9,3002,9,4,8,2002,7,6000,6,4001,5,5001,4,5000,4,6001,3""",718,808.56,950.89
Problem_5Sat3Gs_1_8.json,1.5,2,9,-6.303950,"[-0.12816344072331246, -0.09707092636803642, 0.43641197683298694, 1.0534148893557207]","""2,651,1,598,3,218,1001,175,1002,149,1000,121,2001,26,3000,14,4000,14,4,13,2000,11,1003,11,3001,9,4001,8,2002,7,5001,6,5000,5,3002,5,6001,4,6000,2,5,1""",718,908.17,1050.50
Problem_5Sat3Gs_1_8.json,1.5,2,10,-6.303950,"[-0.12816344072331246, -0.09707092636803642, 0.43641197683298694, 1.0534148893557207]","""2,640,1,583,3,229,1001,190,1002,133,1000,116,2001,27,1003,21,3000,20,4,14,2000,13,3001,13,4000,9,6000,7,4001,6,3002,6,6001,6,2002,5,5000,3,8000,3,5,2,5001,2""",718,1007.20,1149.53
Problem_5Sat3Gs_1_8.json,1.5,3,1,-6.631904,"[-0.15640892015475422, -0.10847442231881489, -0.0838958657317723, 0.329729041092008, 0.7746909669478451, 1.1267436599989602]","""1,900,2,552,3,163,1000,140,1001,119,1002,57,2001,21,4,16,4000,14,1003,12,3000,12,2000,9,4001,8,5000,6,6000,6,3001,6,2002,2,5001,2,8000,2,6001,1""",991,205.36,1354.89
Problem_5Sat3Gs_1_8.json,1.5,3,2,-6.631904,"[-0.15640892015475422, -0.10847442231881489, -0.0838958657317723, 0.329729041092008, 0.7746909669478451, 1.1267436599989602]","""1,895,2,569,3,156,1000,130,1001,123,1002,70,4000,18,2001,16,4,14,2000,13,3000,7,5000,6,1003,6,3001,5,4001,5,6000,5,5001,4,2002,3,8000,1,6001,1,3002,1""",991,393.70,1543.23
Problem_5Sat3Gs_1_8.json,1.5,3,3,-6.631904,"[-0.15640892015475422, -0.10847442231881489, -0.0838958657317723, 0.329729041092008, 0.7746909669478451, 1.1267436599989602]","""1,868,2,564,3,169,1000,153,1001,124,1002,60,2001,21,4,18,4000,13,6000,10,2000,9,3001,9,3000,6,1003,6,5000,5,4001,4,6001,3,5001,3,8000,2,2002,1""",991,579.98,1729.51
Problem_5Sat3Gs_1_8.json,1.5,3,4,-6.631904,"[-0.15640892015475422, -0.10847442231881489, -0.0838958657317723, 0.329729041092008, 0.7746909669478451, 1.1267436599989602]","""1,879,2,559,3,184,1001,129,1000,126,1002,60,2001,24,4000,18,2000,18,4,11,3001,8,5000,6,5001,5,4001,4,3000,4,6000,4,2002,3,6001,3,1003,3""",991,765.78,1915.32
Problem_5Sat3Gs_1_8.json,1.5,3,5,-6.631904,"[-0.15640892015475422, -0.10847442231881489, -0.0838958657317723, 0.329729041092008, 0.7746909669478451, 1.1267436599989602]","""1,894,2,556,3,165,1001,135,1000,130,1002,62,2001,22,4000,17,4,17,2000,10,1003,8,5001,7,3001,6,4001,5,2002,3,3000,3,5000,3,6000,2,6001,2,3002,1""",991,951.62,2101.15
Problem_5Sat3Gs_1_8.json,1.5,3,6,-6.631904,"[-0.15640892015475422, -0.10847442231881489, -0.0838958657317723, 0.329729041092008, 0.7746909669478451, 1.1267436599989602]","""1,874,2,590,3,150,1000,149,1001,127,1002,55,2001,21,4000,13,4,12,2000,10,1003,9,3001,8,3000,7,6000,6,5000,4,4001,4,6001,3,5001,3,2002,3""",991,1137.25,2286.78
Problem_5Sat3Gs_1_8.json,1.5,3,7,-6.631904,"[-0.15640892015475422, -0.10847442231881489, -0.0838958657317723, 0.329729041092008, 0.7746909669478451, 1.1267436599989602]","""1,911,2,559,1000,148,3,144,1001,124,1002,66,4,18,2001,16,2000,11,4000,8,5000,7,6000,6,1003,6,3000,6,6001,4,2002,4,5001,3,3001,3,4001,3,8000,1""",991,1321.35,2470.88
Problem_5Sat3Gs_1_8.json,1.5,3,8,-6.631904,"[-0.15640892015475422, -0.10847442231881489, -0.0838958657317723, 0.329729041092008, 0.7746909669478451, 1.1267436599989602]","""1,898,2,569,3,146,1000,132,1001,127,1002,64,2001,23,4,17,4000,15,3000,10,2000,9,3001,8,4001,7,5000,5,1003,5,2002,4,6000,3,5001,3,3002,2,8000,1""",991,1508.71,2658.24
Problem_5Sat3Gs_1_8.json,1.5,3,9,-6.631904,"[-0.15640892015475422, -0.10847442231881489, -0.0838958657317723, 0.329729041092008, 0.7746909669478451, 1.1267436599989602]","""1,882,2,588,3,169,1000,128,1001,112,1002,50,2001,23,4,15,4000,14,1003,14,2000,11,6000,8,3001,7,3000,7,4001,6,6001,5,5001,3,2002,3,5000,2,3002,1""",991,1693.42,2842.96
Problem_5Sat3Gs_1_8.json,1.5,3,10,-6.631904,"[-0.15640892015475422, -0.10847442231881489, -0.0838958657317723, 0.329729041092008, 0.7746909669478451, 1.1267436599989602]","""1,836,2,575,3,181,1001,141,1000,134,1002,72,2001,18,4000,17,4,17,2000,16,3000,7,6000,6,5000,6,2002,5,1003,5,5001,3,4001,3,3001,3,8000,1,3002,1,6001,1""",991,1879.18,3028.71
Problem_5Sat3Gs_1_8.json,1.5,4,1,-6.856351,"[-0.1674778952007272, -0.12636514366497217, -0.09280477894859573, -0.0717626405477906, 0.2675630838784164, 0.5813172224302421, 0.8379704966238655, 1.1086929959180616]","""1,1094,2,464,1000,180,3,110,1001,92,1002,39,4000,13,2000,12,2001,10,6000,8,4001,6,5000,5,3000,4,1003,4,5001,3,4,2,3001,1,2002,1""",1651,418.08,3446.79
Problem_5Sat3Gs_1_8.json,1.5,4,2,-6.856351,"[-0.1674778952007272, -0.12636514366497217, -0.09280477894859573, -0.0717626405477906, 0.2675630838784164, 0.5813172224302421, 0.8379704966238655, 1.1086929959180616]","""1,1069,2,491,1000,176,1001,117,3,85,1002,42,4000,15,2001,12,3000,9,2000,6,4,5,6000,4,2002,4,1003,3,4001,3,5000,2,5001,2,3001,2,6001,1""",1651,811.39,3840.10
Problem_5Sat3Gs_1_8.json,1.5,4,3,-6.856351,"[-0.1674778952007272, -0.12636514366497217, -0.09280477894859573, -0.0717626405477906, 0.2675630838784164, 0.5813172224302421, 0.8379704966238655, 1.1086929959180616]","""1,1090,2,462,1000,178,1001,108,3,103,1002,41,4000,19,2001,13,2000,9,6000,5,5000,3,4,3,3000,3,3001,2,1003,2,4001,2,6001,2,3002,1,8000,1,5001,1""",1651,1203.46,4232.16
Problem_5Sat3Gs_1_8.json,1.5,4,4,-6.856351,"[-0.1674778952007272, -0.12636514366497217, -0.09280477894859573, -0.0717626405477906, 0.2675630838784164, 0.5813172224302421, 0.8379704966238655, 1.1086929959180616]","""1,1099,2,460,1000,191,1001,105,3,102,1002,34,2000,10,4000,9,2001,7,1003,6,3000,6,4,6,6000,5,5001,4,2002,2,8000,1,5000,1""",1651,1596.73,4625.43
Problem_5Sat3Gs_1_8.json,1.5,4,5,-6.856351,"[-0.1674778952007272, -0.12636514366497217, -0.09280477894859573, -0.0717626405477906, 0.2675630838784164, 0.5813172224302421, 0.8379704966238655, 1.1086929959180616]","""1,1067,2,484,1000,179,3,102,1001,95,1002,40,4000,20,6000,10,2001,9,3000,6,2000,5,5000,5,3001,4,4,4,5001,4,4001,4,6001,3,2002,3,1003,3,8000,1""",1651,1990.55,5019.26
Problem_5Sat3Gs_1_8.json,1.5,4,6,-6.856351,"[-0.1674778952007272, -0.12636514366497217, -0.09280477894859573, -0.0717626405477906, 0.2675630838784164, 0.5813172224302421, 0.8379704966238655, 1.1086929959180616]","""1,1088,2,496,1000,193,3,86,1001,81,1002,42,4000,15,2000,12,3000,7,1003,5,5001,5,2001,4,5000,3,2002,3,6000,2,4001,2,4,2,3001,1,3002,1""",1651,2384.30,5413.01
Problem_5Sat3Gs_1_8.json,1.5,4,7,-6.856351,"[-0.1674778952007272, -0.12636514366497217, -0.09280477894859573, -0.0717626405477906, 0.2675630838784164, 0.5813172224302421, 0.8379704966238655, 1.1086929959180616]","""1,1092,2,476,1000,191,1001,96,3,85,1002,38,4000,18,2000,12,2001,12,4,7,3000,4,1003,4,6000,4,3001,3,5001,2,4001,1,3002,1,5,1,5000,1""",1651,2775.29,5804.00
Problem_5Sat3Gs_1_8.json,1.5,4,8,-6.856351,"[-0.1674778952007272, -0.12636514366497217, -0.09280477894859573, -0.0717626405477906, 0.2675630838784164, 0.5813172224302421, 0.8379704966238655, 1.1086929959180616]","""1,1052,2,505,1000,171,3,115,1001,101,1002,45,2000,12,2001,12,4000,11,6000,6,5000,3,6001,3,4,3,5001,2,4001,2,3002,1,3000,1,8000,1,2002,1,3001,1""",1651,3166.68,6195.39
Problem_5Sat3Gs_1_8.json,1.5,4,9,-6.856351,"[-0.1674778952007272, -0.12636514366497217, -0.09280477894859573, -0.0717626405477906, 0.2675630838784164, 0.5813172224302421, 0.8379704966238655, 1.1086929959180616]","""1,1065,2,442,1000,210,3,108,1001,96,1002,46,4000,19,2000,14,4,8,6000,8,3000,6,2001,6,5001,6,1003,4,5000,3,8000,3,2002,1,3002,1,4001,1,6001,1""",1651,3558.30,6587.01
Problem_5Sat3Gs_1_8.json,1.5,4,10,-6.856351,"[-0.1674778952007272, -0.12636514366497217, -0.09280477894859573, -0.0717626405477906, 0.2675630838784164, 0.5813172224302421, 0.8379704966238655, 1.1086929959180616]","""1,1071,2,487,1000,183,1001,115,3,96,1002,27,2000,12,4000,11,4,8,2001,8,6000,7,3000,6,5000,5,1003,2,5001,2,3001,2,2002,2,6001,2,4001,1,8000,1""",1651,3950.72,6979.42
Problem_5Sat3Gs_1_8.json,1.5,5,1,-7.078230,"[-0.21021289366627813, -0.21088063492498582, -0.1493372161605939, -0.09278656991787707, -0.0682897292124416, 0.2830853039084943, 0.45134960322338535, 0.5584897849860317, 0.8803086678848773, 1.0528223370655152]","""1,1416,2,233,1000,222,1001,94,4000,16,1002,14,3,11,2001,8,6000,7,2000,7,5000,5,3000,4,4001,4,1003,3,5001,2,3001,2""",1598,490.25,7469.68
Problem_5Sat3Gs_1_8.json,1.5,5,2,-7.078230,"[-0.21021289366627813, -0.21088063492498582, -0.1493372161605939, -0.09278656991787707, -0.0682897292124416, 0.2830853039084943, 0.45134960322338535, 0.5584897849860317, 0.8803086678848773, 1.0528223370655152]","""1,1390,1000,233,2,227,1001,91,1002,23,4000,23,2001,13,2000,10,3,9,5000,8,3000,4,8000,4,4001,4,6000,3,1003,2,3001,2,4,1,5001,1""",1598,953.25,7932.68
Problem_5Sat3Gs_1_8.json,1.5,5,3,-7.078230,"[-0.21021289366627813, -0.21088063492498582, -0.1493372161605939, -0.09278656991787707, -0.0682897292124416, 0.2830853039084943, 0.45134960322338535, 0.5584897849860317, 0.8803086678848773, 1.0528223370655152]","""1,1386,1000,238,2,228,1001,88,3,23,4000,19,1002,16,2000,13,3000,8,5000,7,2001,6,8000,3,6000,3,2002,2,5001,2,1003,2,4001,2,3002,2""",1598,1412.11,8391.54
Problem_5Sat3Gs_1_8.json,1.5,5,4,-7.078230,"[-0.21021289366627813, -0.21088063492498582, -0.1493372161605939, -0.09278656991787707, -0.0682897292124416, 0.2830853039084943, 0.45134960322338535, 0.5584897849860317, 0.8803086678848773, 1.0528223370655152]","""1,1447,2,222,1000,214,1001,77,1002,22,3,12,2000,11,4000,11,6000,9,5000,8,2001,7,1003,2,5001,2,2002,1,4001,1,6001,1,3001,1""",1598,1872.83,8852.25
Problem_5Sat3Gs_1_8.json,1.5,5,5,-7.078230,"[-0.21021289366627813, -0.21088063492498582, -0.1493372161605939, -0.09278656991787707, -0.0682897292124416, 0.2830853039084943, 0.45134960322338535, 0.5584897849860317, 0.8803086678848773, 1.0528223370655152]","""1,1368,1000,255,2,226,1001,82,1002,22,3,21,4000,19,5000,13,2000,13,2001,9,3001,6,6000,4,3000,4,4001,2,1003,2,4,1,3002,1""",1598,2333.42,9312.84
Problem_5Sat3Gs_1_8.json,1.5,5,6,-7.078230,"[-0.21021289366627813, -0.21088063492498582, -0.1493372161605939, -0.09278656991787707, -0.0682897292124416, 0.2830853039084943, 0.45134960322338535, 0.5584897849860317, 0.8803086678848773, 1.0528223370655152]","""1,1407,2,256,1000,201,1001,80,2000,17,4000,15,1002,14,3,13,5000,12,2001,8,4001,5,2002,4,3000,4,1003,3,6000,3,3001,2,4,2,6001,1,8000,1""",1598,2791.81,9771.24
Problem_5Sat3Gs_1_8.json,1.5,5,7,-7.078230,"[-0.21021289366627813, -0.21088063492498582, -0.1493372161605939, -0.09278656991787707, -0.0682897292124416, 0.2830853039084943, 0.45134960322338535, 0.5584897849860317, 0.8803086678848773, 1.0528223370655152]","""1,1375,2,254,1000,221,1001,84,1002,27,4000,18,2000,15,5000,12,2001,11,3,8,6000,6,3001,4,2002,3,8000,3,3000,3,1003,2,4,2""",1598,3249.55,10228.97
Problem_5Sat3Gs_1_8.json,1.5,5,8,-7.078230,"[-0.21021289366627813, -0.21088063492498582, -0.1493372161605939, -0.09278656991787707, -0.0682897292124416, 0.2830853039084943, 0.45134960322338535, 0.5584897849860317, 0.8803086678848773, 1.0528223370655152]","""1,1402,2,252,1000,215,1001,84,1002,22,4000,17,3,13,2001,10,2000,9,5000,5,6000,4,4001,3,2002,3,3000,3,5001,2,8000,1,3002,1,3001,1,4,1""",1598,3710.25,10689.68
Problem_5Sat3Gs_1_8.json,1.5,5,9,-7.078230,"[-0.21021289366627813, -0.21088063492498582, -0.1493372161605939, -0.09278656991787707, -0.0682897292124416, 0.2830853039084943, 0.45134960322338535, 0.5584897849860317, 0.8803086678848773, 1.0528223370655152]","""1,1423,2,246,1000,219,1001,85,1002,18,2000,10,3,10,5000,9,2001,8,4000,7,8000,3,6000,3,3000,3,1003,2,3001,1,5001,1""",1598,4171.62,11151.04
Problem_5Sat3Gs_1_8.json,1.5,5,10,-7.078230,"[-0.21021289366627813, -0.21088063492498582, -0.1493372161605939, -0.09278656991787707, -0.0682897292124416, 0.2830853039084943, 0.45134960322338535, 0.5584897849860317, 0.8803086678848773, 1.0528223370655152]","""1,1449,2,220,1000,207,1001,74,1002,18,4000,16,2000,11,3,11,5000,10,3001,9,3000,6,2001,6,6000,3,2002,2,1003,2,4001,2,8000,1,5001,1""",1598,4634.58,11614.00
Problem_5Sat3Gs_1_8.json,1.5,6,1,-7.207387,"[-0.18075378669829806, -0.16986599023899612, -0.1514897994716292, -0.11218167144708731, -0.08147746676804533, -0.05892878679048008, 0.21435579558639997, 0.37007586079900634, 0.4383700663097131, 0.6148563483404301, 0.8751344330992983, 1.046332704120031]","""1,1493,1000,247,2,189,1001,72,1002,12,2000,10,4000,6,2001,5,6000,5,3,5,4001,1,5001,1,3001,1,5000,1""",2389,845.95,12459.95
Problem_5Sat3Gs_1_8.json,1.5,6,2,-7.207387,"[-0.18075378669829806, -0.16986599023899612, -0.1514897994716292, -0.11218167144708731, -0.08147746676804533, -0.05892878679048008, 0.21435579558639997, 0.37007586079900634, 0.4383700663097131, 0.6148563483404301, 0.8751344330992983, 1.046332704120031]","""1,1504,1000,253,2,193,1001,54,3,13,1002,9,2000,6,4000,4,5000,4,6000,2,2001,2,4,1,3001,1,6001,1,2002,1""",2389,1656.95,13270.95
Problem_5Sat3Gs_1_8.json,1.5,6,3,-7.207387,"[-0.18075378669829806, -0.16986599023899612, -0.1514897994716292, -0.11218167144708731, -0.08147746676804533, -0.05892878679048008, 0.21435579558639997, 0.37007586079900634, 0.4383700663097131, 0.6148563483404301, 0.8751344330992983, 1.046332704120031]","""1,1502,1000,242,2,181,1001,68,1002,15,3,13,4000,11,2000,5,2001,5,5001,2,4001,2,8000,1,1003,1""",2389,2462.93,14076.93
Problem_5Sat3Gs_1_8.json,1.5,6,4,-7.207387,"[-0.18075378669829806, -0.16986599023899612, -0.1514897994716292, -0.11218167144708731, -0.08147746676804533, -0.05892878679048008, 0.21435579558639997, 0.37007586079900634, 0.4383700663097131, 0.6148563483404301, 0.8751344330992983, 1.046332704120031]","""1,1490,1000,230,2,204,1001,70,2001,13,1002,10,2000,9,4000,5,3,5,6000,4,3001,3,3000,2,4,2,2002,1""",2389,3275.36,14889.36
Problem_5Sat3Gs_1_8.json,1.5,6,5,-7.207387,"[-0.18075378669829806, -0.16986599023899612, -0.1514897994716292, -0.11218167144708731, -0.08147746676804533, -0.05892878679048008, 0.21435579558639997, 0.37007586079900634, 0.4383700663097131, 0.6148563483404301, 0.8751344330992983, 1.046332704120031]","""1,1494,1000,236,2,206,1001,58,1002,14,2000,8,2001,8,3,7,6000,6,4000,5,3000,2,4,1,1003,1,5001,1,5000,1""",2389,4089.99,15703.99
Problem_5Sat3Gs_1_8.json,1.5,6,6,-7.207387,"[-0.18075378669829806, -0.16986599023899612, -0.1514897994716292, -0.11218167144708731, -0.08147746676804533, -0.05892878679048008, 0.21435579558639997, 0.37007586079900634, 0.4383700663097131, 0.6148563483404301, 0.8751344330992983, 1.046332704120031]","""1,1537,1000,215,2,176,1001,69,2000,13,1002,10,3,8,4000,6,6000,4,2001,3,8000,2,1003,2,2002,1,4001,1,3000,1""",2389,4903.95,16517.95
Problem_5Sat3Gs_1_8.json,1.5,6,7,-7.207387,"[-0.18075378669829806, -0.16986599023899612, -0.1514897994716292, -0.11218167144708731, -0.08147746676804533, -0.05892878679048008, 0.21435579558639997, 0.37007586079900634, 0.4383700663097131, 0.6148563483404301, 0.8751344330992983, 1.046332704120031]","""1,1507,1000,256,2,194,1001,51,3,13,4000,8,2000,5,1002,4,3000,3,8000,2,4,1,3001,1,2001,1,6000,1,3002,1""",2389,5721.03,17335.03
Problem_5Sat3Gs_1_8.json,1.5,6,8,-7.207387,"[-0.18075378669829806, -0.16986599023899612, -0.1514897994716292, -0.11218167144708731, -0.08147746676804533, -0.05892878679048008, 0.21435579558639997, 0.37007586079900634, 0.4383700663097131, 0.6148563483404301, 0.8751344330992983, 1.046332704120031]","""1,1486,1000,253,2,186,1001,71,3,12,1002,12,4000,8,2001,8,2000,4,5000,3,3002,1,2002,1,6000,1,6001,1,3000,1""",2389,6535.21,18149.21
Problem_5Sat3Gs_1_8.json,1.5,6,9,-7.207387,"[-0.18075378669829806, -0.16986599023899612, -0.1514897994716292, -0.11218167144708731, -0.08147746676804533, -0.05892878679048008, 0.21435579558639997, 0.37007586079900634, 0.4383700663097131, 0.6148563483404301, 0.8751344330992983, 1.046332704120031]","""1,1493,1000,241,2,192,1001,72,2001,9,2000,8,3,7,1002,7,4000,6,6000,4,3000,3,8000,2,1003,2,5,1,5000,1""",2389,7345.49,18959.49
Problem_5Sat3Gs_1_8.json,1.5,6,10,-7.207387,"[-0.18075378669829806, -0.16986599023899612, -0.1514897994716292, -0.11218167144708731, -0.08147746676804533, -0.05892878679048008, 0.21435579558639997, 0.37007586079900634, 0.4383700663097131, 0.6148563483404301, 0.8751344330992983, 1.046332704120031]","""1,1510,1000,245,2,181,1001,62,1002,11,3,9,2000,7,4000,6,2001,5,6000,4,3000,3,5000,2,3002,1,4,1,2002,1""",2389,8155.02,19769.02
Problem_5Sat3Gs_1_8.json,1.5,7,1,-7.208200,"[-0.1811838414941633, -0.1703610976943244, -0.15139326734241398, -0.1120412967331472, -0.08133223975148599, -0.045979867262380014, -0.013794198698571207, 0.21508944172368627, 0.37056234258680515, 0.4352729784785501, 0.6100604551951601, 0.868959508170019, 1.07272686181168, -0.13431543000829324]","""1,1491,1000,242,2,191,1001,62,1002,16,3,16,2000,9,4000,8,2001,7,3001,2,5000,2,2002,1,6000,1""",335,161.84,19930.86
Problem_5Sat3Gs_1_8.json,1.5,7,2,-7.208200,"[-0.1811838414941633, -0.1703610976943244, -0.15139326734241398, -0.1120412967331472, -0.08133223975148599, -0.045979867262380014, -0.013794198698571207, 0.21508944172368627, 0.37056234258680515, 0.4352729784785501, 0.6100604551951601, 0.868959508170019, 1.07272686181168, -0.13431543000829324]","""1,1515,1000,250,2,181,1001,52,3,14,1002,14,2001,7,2000,4,4000,3,5000,3,4001,1,6000,1,3000,1,6001,1,5001,1""",335,287.33,20056.36
Problem_5Sat3Gs_1_8.json,1.5,7,3,-7.208200,"[-0.1811838414941633, -0.1703610976943244, -0.15139326734241398, -0.1120412967331472, -0.08133223975148599, -0.045979867262380014, -0.013794198698571207, 0.21508944172368627, 0.37056234258680515, 0.4352729784785501, 0.6100604551951601, 0.868959508170019, 1.07272686181168, -0.13431543000829324]","""1,1484,1000,230,2,196,1001,74,1002,17,2001,11,3,10,4000,8,2000,8,5000,2,1003,2,6000,2,3001,1,6001,1,3000,1,4001,1""",335,412.70,20181.73
Problem_5Sat3Gs_1_8.json,1.5,7,4,-7.208200,"[-0.1811838414941633, -0.1703610976943244, -0.15139326734241398, -0.1120412967331472, -0.08133223975148599, -0.045979867262380014, -0.013794198698571207, 0.21508944172368627, 0.37056234258680515, 0.4352729784785501, 0.6100604551951601, 0.868959508170019, 1.07272686181168, -0.13431543000829324]","""1,1513,1000,248,2,191,1001,47,3,10,4000,9,2001,9,1002,6,2000,5,3000,3,5000,3,8000,1,6000,1,5001,1,1003,1""",335,537.43,20306.46
Problem_5Sat3Gs_1_8.json,1.5,7,5,-7.208200,"[-0.1811838414941633, -0.1703610976943244, -0.15139326734241398, -0.1120412967331472, -0.08133223975148599, -0.045979867262380014, -0.013794198698571207, 0.21508944172368627, 0.37056234258680515, 0.4352729784785501, 0.6100604551951601, 0.868959508170019, 1.07272686181168, -0.13431543000829324]","""1,1516,1000,234,2,198,1001,44,3,16,2000,9,1002,9,4000,6,2001,5,5001,3,6000,3,3000,2,6001,1,5000,1,3001,1""",335,666.43,20435.45
Problem_5Sat3Gs_1_8.json,1.5,7,6,-7.208200,"[-0.1811838414941633, -0.1703610976943244, -0.15139326734241398, -0.1120412967331472, -0.08133223975148599, -0.045979867262380014, -0.013794198698571207, 0.21508944172368627, 0.37056234258680515, 0.4352729784785501, 0.6100604551951601, 0.868959508170019, 1.07272686181168, -0.13431543000829324]","""1,1545,1000,217,2,168,1001,60,3,16,2001,8,2000,7,4000,6,6000,6,1002,6,5000,2,5001,2,3000,1,3001,1,3002,1,1003,1,4,1""",335,789.65,20558.67
Problem_5Sat3Gs_1_8.json,1.5,7,7,-7.208200,"[-0.1811838414941633, -0.1703610976943244, -0.15139326734241398, -0.1120412967331472, -0.08133223975148599, -0.045979867262380014, -0.013794198698571207, 0.21508944172368627, 0.37056234258680515, 0.4352729784785501, 0.6100604551951601, 0.868959508170019, 1.07272686181168, -0.13431543000829324]","""1,1488,1000,236,2,193,1001,73,3,14,1002,13,2000,9,2001,6,4000,5,5000,4,6000,4,8000,3""",335,912.48,20681.50
Problem_5Sat3Gs_1_8.json,1.5,7,8,-7.208200,"[-0.1811838414941633, -0.1703610976943244, -0.15139326734241398, -0.1120412967331472, -0.08133223975148599, -0.045979867262380014, -0.013794198698571207, 0.21508944172368627, 0.37056234258680515, 0.4352729784785501, 0.6100604551951601, 0.868959508170019, 1.07272686181168, -0.13431543000829324]","""1,1534,1000,237,2,171,1001,55,3,9,1002,9,4000,7,2000,6,2001,6,6000,3,5001,3,3001,2,5000,2,4001,1,3002,1,3000,1,1003,1""",335,1034.76,20803.79
Problem_5Sat3Gs_1_8.json,1.5,7,9,-7.208200,"[-0.1811838414941633, -0.1703610976943244, -0.15139326734241398, -0.1120412967331472, -0.08133223975148599, -0.045979867262380014, -0.013794198698571207, 0.21508944172368627, 0.37056234258680515, 0.4352729784785501, 0.6100604551951601, 0.868959508170019, 1.07272686181168, -0.13431543000829324]","""1,1508,1000,250,2,173,1001,59,3,15,1002,13,4000,9,2000,5,6000,4,2001,3,5001,2,4,2,3001,2,3000,1,6001,1,2002,1""",335,1161.02,20930.04
Problem_5Sat3Gs_1_8.json,1.5,7,10,-7.208200,"[-0.1811838414941633, -0.1703610976943244, -0.15139326734241398, -0.1120412967331472, -0.08133223975148599, -0.045979867262380014, -0.013794198698571207, 0.21508944172368627, 0.37056234258680515, 0.4352729784785501, 0.6100604551951601, 0.868959508170019, 1.07272686181168, -0.13431543000829324]","""1,1506,1000,231,2,186,1001,71,1002,15,3,14,2001,6,6000,5,4000,5,3000,2,5000,2,2000,2,5001,1,6001,1,4001,1""",335,1292.49,21061.51
Problem_5Sat3Gs_1_8.json,1.5,8,1,-7.326238,"[-0.17438766967256578, -0.1533415618186688, -0.16801664528350477, -0.1425646548215743, -0.10760518059725473, -0.07529921547695918, -0.0530696149964601, -0.032819305733200216, 0.18098722033342265, 0.3118769584739911, 0.3432668715599713, 0.4483027564592302, 0.6687314080144651, 0.8056428289934964, 0.9153668816742231, 1.0716203390886825]","""1,1636,1000,275,2,91,1001,21,3,11,1002,3,6000,2,2001,2,5000,1,1003,1,3000,1,4001,1,2000,1,5001,1,8000,1""",2998,1356.18,22417.69
Problem_5Sat3Gs_1_8.json,1.5,8,2,-7.326238,"[-0.17438766967256578, -0.1533415618186688, -0.16801664528350477, -0.1425646548215743, -0.10760518059725473, -0.07529921547695918, -0.0530696149964601, -0.032819305733200216, 0.18098722033342265, 0.3118769584739911, 0.3432668715599713, 0.4483027564592302, 0.6687314080144651, 0.8056428289934964, 0.9153668816742231, 1.0716203390886825]","""1,1589,1000,302,2,102,1001,35,3,6,2000,3,1002,3,3000,2,4001,2,2001,1,5000,1,6000,1,4000,1""",2998,2672.41,23733.92
Problem_5Sat3Gs_1_8.json,1.5,8,3,-7.326238,"[-0.17438766967256578, -0.1533415618186688, -0.16801664528350477, -0.1425646548215743, -0.10760518059725473, -0.07529921547695918, -0.0530696149964601, -0.032819305733200216, 0.18098722033342265, 0.3118769584739911, 0.3432668715599713, 0.4483027564592302, 0.6687314080144651, 0.8056428289934964, 0.9153668816742231, 1.0716203390886825]","""1,1624,1000,290,2,90,1001,26,4,3,5000,3,3,3,1002,2,4000,1,4001,1,2000,1,2001,1,6000,1,8000,1,2002,1""",2998,3939.36,25000.87
Problem_5Sat3Gs_1_8.json,1.5,8,4,-7.326238,"[-0.17438766967256578, -0.1533415618186688, -0.16801664528350477, -0.1425646548215743, -0.10760518059725473, -0.07529921547695918, -0.0530696149964601, -0.032819305733200216, 0.18098722033342265, 0.3118769584739911, 0.3432668715599713, 0.4483027564592302, 0.6687314080144651, 0.8056428289934964, 0.9153668816742231, 1.0716203390886825]","""1,1630,1000,279,2,99,1001,24,3,7,5001,2,2000,2,4000,1,5000,1,1002,1,4001,1,2001,1""",2998,5190.41,26251.92
Problem_5Sat3Gs_1_8.json,1.5,8,5,-7.326238,"[-0.17438766967256578, -0.1533415618186688, -0.16801664528350477, -0.1425646548215743, -0.10760518059725473, -0.07529921547695918, -0.0530696149964601, -0.032819305733200216, 0.18098722033342265, 0.3118769584739911, 0.3432668715599713, 0.4483027564592302, 0.6687314080144651, 0.8056428289934964, 0.9153668816742231, 1.0716203390886825]","""1,1626,1000,280,2,96,1001,23,3,6,1002,4,5000,3,6000,3,4001,2,3000,1,3001,1,4,1,2000,1,4000,1""",2998,6434.03,27495.54
Problem_5Sat3Gs_1_8.json,1.5,8,6,-7.326238,"[-0.17438766967256578, -0.1533415618186688, -0.16801664528350477, -0.1425646548215743, -0.10760518059725473, -0.07529921547695918, -0.0530696149964601, -0.032819305733200216, 0.18098722033342265, 0.3118769584739911, 0.3432668715599713, 0.4483027564592302, 0.6687314080144651, 0.8056428289934964, 0.9153668816742231, 1.0716203390886825]","""1,1624,1000,291,2,89,1001,18,3,8,1002,5,2000,4,5000,2,8000,1,6000,1,4,1,3000,1,4000,1,3001,1,2001,1""",2998,7680.35,28741.85
Problem_5Sat3Gs_1_8.json,1.5,8,7,-7.326238,"[-0.17438766967256578, -0.1533415618186688, -0.16801664528350477, -0.1425646548215743, -0.10760518059725473, -0.07529921547695918, -0.0530696149964601, -0.032819305733200216, 0.18098722033342265, 0.3118769584739911, 0.3432668715599713, 0.4483027564592302, 0.6687314080144651, 0.8056428289934964, 0.9153668816742231, 1.0716203390886825]","""1,1642,1000,268,2,97,1001,27,3,3,1002,2,2000,2,1003,2,3000,2,2001,2,8000,1""",2998,8992.83,30054.34
Problem_5Sat3Gs_1_8.json,1.5,8,8,-7.326238,"[-0.17438766967256578, -0.1533415618186688, -0.16801664528350477, -0.1425646548215743, -0.10760518059725473, -0.07529921547695918, -0.0530696149964601, -0.032819305733200216, 0.18098722033342265, 0.3118769584739911, 0.3432668715599713, 0.4483027564592302, 0.6687314080144651, 0.8056428289934964, 0.9153668816742231, 1.0716203390886825]","""1,1609,1000,287,2,111,1001,22,1002,4,2000,3,4001,3,3,3,5000,2,2001,2,5001,1,1003,1""",2998,10312.76,31374.26
Problem_5Sat3Gs_1_8.json,1.5,8,9,-7.326238,"[-0.17438766967256578, -0.1533415618186688, -0.16801664528350477, -0.1425646548215743, -0.10760518059725473, -0.07529921547695918, -0.0530696149964601, -0.032819305733200216, 0.18098722033342265, 0.3118769584739911, 0.3432668715599713, 0.4483027564592302, 0.6687314080144651, 0.8056428289934964, 0.9153668816742231, 1.0716203390886825]","""1,1645,1000,255,2,101,1001,31,3,5,2000,3,1002,3,6000,2,1003,1,5001,1,3000,1""",2998,11633.58,32695.09
Problem_5Sat3Gs_1_8.json,1.5,8,10,-7.326238,"[-0.17438766967256578, -0.1533415618186688, -0.16801664528350477, -0.1425646548215743, -0.10760518059725473, -0.07529921547695918, -0.0530696149964601, -0.032819305733200216, 0.18098722033342265, 0.3118769584739911, 0.3432668715599713, 0.4483027564592302, 0.6687314080144651, 0.8056428289934964, 0.9153668816742231, 1.0716203390886825]","""1,1555,1000,320,2,112,1001,30,1002,7,3,7,5000,4,2001,3,3000,3,4000,2,4,2,2000,1,8000,1,1003,1""",2998,12950.07,34011.58
