Filename,Penalty,P,Iter,Function_Value,Optimal_X,Distribution,Num_Evaluations,Phase_Time,Total_Time
Problem_5Sat3Gs_0_4.json,1.5,1,1,-3.122094,"[-0.49136856129304063, -0.7567145604331338]","""1000,484,1,431,0,352,1001,316,2000,171,2,127,2001,70,1002,48,3,32,3000,14,1003,2,4,1""",1000,326.09,326.09
Problem_5Sat3Gs_0_4.json,1.5,1,2,-3.122153,"[-0.4914045324885739, -0.7575797955555077]","""1,440,1000,428,0,384,1001,324,2000,166,2,147,2001,61,1002,50,3,23,3000,20,4,3,1003,2""",1000,622.11,622.11
Problem_5Sat3Gs_0_4.json,1.5,1,3,-3.381177,"[-1.0431166647410717, 2.7196754592710843]","""1,850,1000,343,0,268,1001,204,2,195,3,94,1002,34,2000,32,1003,10,2001,6,4,5,2002,4,3000,3""",1000,923.93,923.93
Problem_5Sat3Gs_0_4.json,1.5,1,4,-3.122051,"[-0.4914063801488665, -0.7565665260540074]","""1000,450,1,420,0,376,1001,351,2000,182,2,117,2001,62,1002,44,3,23,3000,17,1003,4,4,2""",1000,1225.34,1225.34
Problem_5Sat3Gs_0_4.json,1.5,1,5,-3.381203,"[-1.0429717641508052, 2.7242711400418895]","""1,881,1000,322,0,286,2,188,1001,165,3,100,2000,49,1002,29,4,11,2001,6,5,5,1003,4,3000,2""",1000,1525.38,1525.38
Problem_5Sat3Gs_0_4.json,1.5,1,6,-3.121982,"[-0.49151681748846243, -0.756706624863921]","""1000,457,1,436,0,371,1001,314,2000,185,2,114,2001,57,1002,56,3,31,3000,18,1003,9""",1000,1822.54,1822.54
Problem_5Sat3Gs_0_4.json,1.5,1,7,-3.381210,"[-1.0430159741458525, 2.7236195190160455]","""1,821,1000,381,0,304,2,173,1001,172,3,94,2000,47,1002,31,1003,9,4,7,2001,5,5,3,3000,1""",1000,2126.42,2126.42
Problem_5Sat3Gs_0_4.json,1.5,1,8,-3.381137,"[-1.0429160341573938, 2.7213010034560554]","""1,876,0,320,1000,312,2,187,1001,163,3,80,2000,56,1002,27,2001,10,4,10,1003,4,3000,1,2002,1,5,1""",1000,2424.63,2424.63
Problem_5Sat3Gs_0_4.json,1.5,1,9,-3.381200,"[-1.0430118081604487, 2.723047658507623]","""1,819,1000,362,0,293,2,203,1001,160,3,93,2000,49,1002,39,1003,10,2001,8,4,7,5,3,3000,2""",1000,2726.16,2726.16
Problem_5Sat3Gs_0_4.json,1.5,1,10,-3.122060,"[-0.4914365137436994, -0.7568831271032754]","""1000,477,1,421,0,353,1001,346,2000,181,2,121,1002,59,2001,49,3,23,3000,15,1003,2,2002,1""",1000,3027.17,3027.17
Problem_5Sat3Gs_0_4.json,1.5,2,1,-3.573548,"[-9.315674741618974, -7.302234034619023, -0.4149522027295258, 2.9602260582707784]","""1,865,0,402,1000,370,2,145,1001,128,3,64,2000,32,1002,23,4,7,1003,6,3000,3,2001,2,5,1""",1000,452.74,3479.91
Problem_5Sat3Gs_0_4.json,1.5,2,2,-2.779303,"[-0.8472936724063069, -4.882088882865119, -2.329078906175992, -0.5600120064480121]","""2,496,1,471,1001,337,1000,179,3,179,0,137,1002,131,2001,54,2000,50,4,6,3000,5,1003,2,2002,1""",1000,883.01,3910.18
Problem_5Sat3Gs_0_4.json,1.5,2,3,-3.570110,"[-7.976847246898128, -2.616245981681821, 11.269963007851294, -4.733283702433974]","""1,797,0,542,2,315,1000,151,1001,127,3,56,2000,25,1002,18,2001,9,4,7,1003,1""",1000,1313.22,4340.39
Problem_5Sat3Gs_0_4.json,1.5,2,4,-3.324175,"[-2.5447782149594143, -0.5709111888415755, 7.3290261335681715, 1.4187843431961742]","""1,530,0,439,1000,421,2,212,1001,191,2000,111,3,45,1002,44,2001,29,3000,13,2002,6,4,4,1003,3""",1000,1745.80,4772.97
Problem_5Sat3Gs_0_4.json,1.5,2,5,-3.820418,"[-3.024518336956051, -1.401679964417888, 3.1666117678867547, 2.1691528929967294]","""0,837,1000,619,1,351,2,91,1001,88,2000,23,1002,18,3,17,4,2,2002,1,2001,1""",1000,2178.88,5206.05
Problem_5Sat3Gs_0_4.json,1.5,2,6,-3.539815,"[-4.200137332818349, 0.9120092457523499, 2.4213647973812127, 5.331498575592892]","""0,552,1000,550,1,497,2,181,1001,107,3,52,2000,47,1002,39,4,12,1003,5,5,3,2001,2,3000,1""",1000,2610.05,5637.22
Problem_5Sat3Gs_0_4.json,1.5,2,7,-3.674754,"[-0.46265276555128765, 2.5129863400671493, -0.9064534143461973, -1.2862090699975486]","""0,791,1000,501,1,369,1001,118,2000,107,2,89,3,28,1002,23,2001,10,3000,7,1003,5""",1000,3041.08,6068.25
Problem_5Sat3Gs_0_4.json,1.5,2,8,-3.464433,"[-4.198004368335246, -4.003357507780754, 2.456332969004684, -2.266693452359161]","""0,554,1000,516,1,458,2,190,1001,138,1002,63,3,60,2000,40,1003,13,4,7,2001,5,5,4""",1000,3473.02,6500.19
Problem_5Sat3Gs_0_4.json,1.5,2,9,-3.824399,"[1.770432721440254, 1.663144634141877, 5.121832247961662, -6.785324837681663]","""0,900,1000,787,1,140,2,75,2000,64,1001,40,1002,32,3,6,4,2,2001,2""",1000,3906.51,6933.68
Problem_5Sat3Gs_0_4.json,1.5,2,10,-3.838260,"[0.42514053306692584, 2.5417027891362474, 1.1310147977919165, 0.41075050986000083]","""0,953,1000,471,1,283,2,119,2000,102,1001,69,1002,19,3,14,2001,11,3000,4,4,2,2002,1""",1000,4339.16,7366.33
Problem_5Sat3Gs_0_4.json,1.5,3,1,-3.572054,"[2.723549495334682, 0.7364180030915692, -2.177293766085417, -1.0274348354575866, -0.49626261081114725, 0.7444324991314895]","""0,616,1,593,1000,341,1001,236,2,108,2000,49,3,45,1002,22,2001,21,1003,6,4,5,3000,3,2002,2,5,1""",1000,589.81,7956.14
Problem_5Sat3Gs_0_4.json,1.5,3,2,-3.423794,"[0.2872586297453094, 0.03985119928805541, -5.195926073815475, -2.435266159294536, 0.19674251911780533, -0.044606304738665566]","""1,960,1000,385,0,272,3,138,2,112,1001,71,2000,50,1002,38,4,11,5,5,2002,3,1003,2,3000,1""",1000,1150.35,8516.68
Problem_5Sat3Gs_0_4.json,1.5,3,3,-3.674866,"[-1.53372728113873, 1.7571640462437803, 2.493015520675219, 4.229938985179179, 1.4015180061239931, -0.10878662931518003]","""1,920,0,554,2,176,1000,170,3,93,1001,85,1002,16,4,14,2000,12,1003,6,2002,1,5,1""",1000,1716.46,9082.79
Problem_5Sat3Gs_0_4.json,1.5,3,4,-4.190120,"[0.19460119908905218, 2.5595392616022603, 2.2663140056785696, 3.425488145914947, 2.6508380625359815, 0.9287211478464595]","""0,1173,1,561,1000,173,2,69,1001,41,2000,23,3,5,2001,2,1002,1""",1000,2287.01,9653.34
Problem_5Sat3Gs_0_4.json,1.5,3,5,-3.814234,"[3.1275470479473175, -0.16209288320473678, -0.5535086522565037, 2.5571608216888655, -5.952224582437176, 2.3208531459499935]","""0,824,1,527,1000,304,2,212,1001,100,2000,38,3,23,1002,12,2001,5,4,2,5,1""",1000,2857.79,10224.13
Problem_5Sat3Gs_0_4.json,1.5,3,6,-3.806454,"[1.4597016881454885, 5.374295942805835, 2.473161007281735, 7.525925351531789, -5.61490399142537, 0.7771029415933008]","""0,804,1,548,1000,387,2,106,1001,84,2000,58,3,32,1002,19,2002,5,4,4,2001,1""",1000,3430.45,10796.78
Problem_5Sat3Gs_0_4.json,1.5,3,7,-3.691263,"[1.6561204756468428, 4.127208260694444, 0.663652725092208, 5.802575856280574, -8.016679301137092, -0.6095681085208047]","""0,682,1,583,1000,348,2,198,1001,84,3,60,1002,48,2000,22,4,13,5,3,1003,3,2002,2,2001,2""",1000,3997.94,11364.27
Problem_5Sat3Gs_0_4.json,1.5,3,8,-3.333793,"[1.5313054187280113, -0.07913739209984468, 2.1232209933752895, 6.777929358296696, -4.37453363750863, -0.004060340199761351]","""1,920,1000,321,0,255,2,195,3,138,1001,118,1002,37,2000,25,1003,15,4,11,5,8,2001,3,2002,2""",1000,4564.37,11930.70
Problem_5Sat3Gs_0_4.json,1.5,3,9,-3.713326,"[-1.5937005508253594, 4.576483612450475, -3.269570413360272, 1.6388561025201704, -7.324763327380208, 2.324059286195613]","""1,679,0,674,1000,266,2,233,1001,152,3,19,2000,12,1002,11,2001,2""",1000,5133.88,12500.22
Problem_5Sat3Gs_0_4.json,1.5,3,10,-3.498982,"[2.177344860892408, 3.1189289622574496, -0.6986180848351723, 2.5374880252578076, -10.275515593334699, 3.5829367693260026]","""0,558,1,516,1000,478,2,153,1001,145,2000,80,3,47,1002,45,2001,8,4,7,1003,6,3000,3,2002,2""",1000,5698.93,13065.26
Problem_5Sat3Gs_0_4.json,1.5,4,1,-3.663999,"[1.2274804708645641, 3.5520874607908612, 3.7679128347570896, 2.150869347878055, 5.444942752862598, 3.9883663456653506, 1.8010454939851503, 1.8472633643334198]","""0,605,1,540,1000,524,2,185,1001,115,2000,46,3,17,1002,13,3000,2,1003,1""",1000,729.69,13794.95
Problem_5Sat3Gs_0_4.json,1.5,4,2,-3.815756,"[2.151512295267649, 3.9868404058359825, 2.313195325410452, 0.9493198306367766, 2.4971315466665187, 5.03123641757438, 2.0928468715290625, -0.46284829749047013]","""0,889,1000,431,1,358,2,197,1001,46,3,43,1002,32,2000,29,4,13,1003,5,5,4,2002,1""",1000,1428.35,14493.61
Problem_5Sat3Gs_0_4.json,1.5,4,3,-4.057256,"[-0.16967167626573937, 2.433026613054215, 2.488941932958759, 0.10478665459134992, 0.6036903180063885, 6.1572407267929306, 2.419855792231185, -1.0882058362271814]","""0,1073,1,510,1000,239,2,119,1001,54,2000,34,3,11,1002,3,4,2,2001,2,1003,1""",1000,2125.73,15190.99
Problem_5Sat3Gs_0_4.json,1.5,4,4,-4.201403,"[3.3572258232120307, 1.595097665491298, 2.5573478721646374, -0.871427696235312, 3.4055974640269726, 3.217532069079221, -0.42897271087123146, -0.09819201031530836]","""0,1220,1,527,1000,166,2,63,1001,53,2000,8,3,7,1002,2,2001,1,1003,1""",1000,2826.19,15891.45
Problem_5Sat3Gs_0_4.json,1.5,4,5,-3.471664,"[-0.191134683818569, 3.4224813287948184, 3.2664307002892654, -2.023936040052654, 2.7007009592165145, 1.4091989244865117, 0.29996770336556233, 1.0744427599810802]","""1,1058,2,331,1000,274,0,213,1001,104,3,45,1002,16,4,4,2000,3""",1000,3526.16,16591.42
Problem_5Sat3Gs_0_4.json,1.5,4,6,-3.890373,"[1.4685863845576235, 0.38425151937246926, -2.5761362433067627, 0.6203057742983146, 4.2458214690850244, -4.283522779254033, 1.0181017071451572, 0.21366459660301412]","""0,879,1000,552,1,404,1001,74,2000,64,2,58,1002,7,3,6,3000,2,1003,1,2001,1""",1000,4220.50,17285.76
Problem_5Sat3Gs_0_4.json,1.5,4,7,-3.346534,"[1.6249646714694956, 1.363357675933466, 1.5404173047573926, -2.8936432652246773, 0.6611332110881541, -11.851477089803655, 5.631620812867999, -3.5268622618223824]","""1,555,0,533,2,383,3,169,1000,134,1001,113,2000,84,4,25,1002,24,2001,17,1003,5,5,4,3000,1,2002,1""",1000,4919.33,17984.59
Problem_5Sat3Gs_0_4.json,1.5,4,8,-3.546740,"[4.995959991025362, -5.242450353988479, -0.20351715611268503, 2.0574991495466355, 0.6798071773699772, -4.035089656871932, 2.7097703565053806, -0.19401819907846254]","""0,598,1,560,1000,284,2,204,1001,200,2000,79,3,63,1002,31,2001,12,4,9,1003,4,3000,3,2002,1""",1000,5616.31,18681.57
Problem_5Sat3Gs_0_4.json,1.5,4,9,-3.409569,"[3.6486629281451295, 4.968192504957692, 1.7989869213512812, 1.1042184980034193, 4.989412786874093, -5.199239004194856, 0.6603433043524455, -1.1913370391004157]","""1,561,0,516,1000,412,1001,198,2,140,2000,124,3,33,1002,33,2001,14,3000,11,1003,4,2002,2""",1000,6316.11,19381.37
Problem_5Sat3Gs_0_4.json,1.5,4,10,-3.779794,"[0.8892205327255687, 6.797716176185823, 3.299880398809412, -0.44435376969149337, 14.75945444899484, -12.054089209354133, 0.22309945643953158, -0.9706270019162648]","""0,805,1,437,1000,380,2,254,1001,105,3,25,1002,20,2000,12,4,4,1003,4,2001,2""",1000,7008.26,20073.52
Problem_5Sat3Gs_0_4.json,1.5,5,1,-3.350948,"[3.0347286918726653, 2.373133862246486, 3.511094724110551, -1.4257139699800512, -1.3666051802595065, 3.029351459859935, 3.8932290700806313, -1.6798269382740527, 1.1758274059992246, 0.9930828120999607]","""0,553,1,530,2,274,1001,248,1000,222,1002,70,3,48,2000,44,2001,28,1003,11,3000,8,4,8,2002,4""",1000,876.07,20949.59
Problem_5Sat3Gs_0_4.json,1.5,5,2,-3.335524,"[2.8032754031413645, 1.843972751846209, 1.6663963685256833, -0.3975112025650355, 0.5946104653139727, 2.6456880315148887, 3.7954994230517456, -1.4448267903885765, -2.744374317940076, -2.131977418038501]","""1,769,0,305,1000,302,2,293,1001,162,2000,100,1002,43,3,38,2001,16,3000,9,4,7,1003,2,2002,2""",1000,1712.74,21786.26
Problem_5Sat3Gs_0_4.json,1.5,5,3,-3.597040,"[1.867886143137947, -1.9725707064291544, 1.6074084712524137, 0.4747068387333423, 0.508293495920989, 0.05593065639122944, 2.9079848749502415, -1.5286657206673067, 0.602748972523844, 2.3859502650423674]","""0,597,1,587,1000,340,2,270,1001,105,3,56,2000,47,1002,27,4,9,2001,5,2002,3,1003,1,5,1""",1000,2549.36,22622.88
Problem_5Sat3Gs_0_4.json,1.5,5,4,-3.521078,"[3.5847124536989363, 1.911543222580674, 2.5438274452461367, -0.36239346560097085, -2.1154162641618757, 5.874946410627538, 0.9531766206733726, -0.15552210698243138, 0.17394915782696826, 1.4282403026005637]","""0,587,1,567,1000,361,2,236,1001,133,2000,65,3,54,1002,26,2001,8,3000,5,1003,3,4,2,5,1""",1000,3379.96,23453.47
Problem_5Sat3Gs_0_4.json,1.5,5,5,-3.795066,"[3.9639433613482074, -1.5011207258340873, 3.804107451525727, -1.5903754535809558, -0.5427829976834321, 6.346842164893369, 3.876866875609558, 0.36692658125046235, -3.0892149723513587, 0.0014369017627404949]","""0,809,1,479,1000,366,2,164,1001,132,3,41,1002,27,2000,17,1003,7,2001,4,4,2""",1000,4210.90,24284.42
Problem_5Sat3Gs_0_4.json,1.5,5,6,-3.317966,"[-2.7785904285742546, 3.921693709181813, 4.191796753982864, 3.08292955287839, -1.7914087353375878, 0.5511371262285217, 9.840879234392634, 3.491582020021665, 2.53340012975605, 0.23456949272881827]","""1,524,0,423,1000,418,1001,266,2,221,1002,61,3,56,2000,46,2001,17,4,9,1003,6,5,1""",1000,5043.88,25117.39
Problem_5Sat3Gs_0_4.json,1.5,5,7,-3.376177,"[1.4896015672870713, 2.5950072942240285, 3.1169114927285144, 3.0930839513757173, -0.15006696750769305, -0.7250831316369875, 7.7514264067238265, 5.135458993088683, -3.174056869635795, 2.4781665788317047]","""0,553,1,450,1000,360,2,223,1001,215,2000,85,3,68,1002,46,2001,21,1003,11,4,9,3000,5,2002,2""",1000,5879.84,25953.35
Problem_5Sat3Gs_0_4.json,1.5,5,8,-3.683533,"[2.423974109126453, 0.09183491999996364, -0.9734513341437787, -1.3291519246929817, 3.0048556557030626, 6.221736643759276, -6.410047521029452, 4.615633704254344, 0.40314532976306194, 1.392799252878031]","""1,793,0,571,1000,247,2,196,1001,173,2000,20,3,18,1002,17,1003,4,4,3,3000,3,2001,2,2002,1""",1000,6715.96,26789.48
Problem_5Sat3Gs_0_4.json,1.5,5,9,-4.250319,"[1.717280190350147, -0.620435303634072, -0.605988389225415, 0.4447265065104109, -0.6935377622823746, 5.019935039766501, -5.473938371880499, -1.9456196352588226, -0.01679191957401919, 0.45978879616601165]","""0,1364,1,314,1000,231,2,63,1001,46,2000,21,3,4,1002,3,3000,1,5,1""",1000,7545.88,27619.40
Problem_5Sat3Gs_0_4.json,1.5,5,10,-3.718492,"[-0.700401886688527, 1.7087553239978315, -0.5407502286759374, -2.43339435584751, -0.8907727561801096, 5.7275972378917865, -5.908741035109634, 3.0210421120125326, 0.3739489497907665, 2.244492150723763]","""0,733,1,610,2,224,1000,224,1001,133,3,48,2000,38,1002,19,2001,9,4,6,3000,2,2002,1,1003,1""",1000,8389.82,28463.33
Problem_5Sat3Gs_0_4.json,1.5,6,1,-3.392547,"[-0.09649391713822034, 3.522127713696735, -3.479239883687968, -0.559043539829905, -2.043360066286777, 2.7754543421051387, 8.640316059184102, -3.8354793774861955, -1.1588115870094766, 1.3643597818827753, -2.139895241882718, -2.7757465386856026]","""1,614,0,496,2,292,1000,266,1001,109,3,98,2000,75,1002,44,4,25,2001,11,1003,9,2002,5,5,2,3000,2""",1000,1019.59,29482.92
Problem_5Sat3Gs_0_4.json,1.5,6,2,-3.569814,"[3.504994085785301, -0.12614835954945994, 0.7557757483657752, 2.4083877121522224, -2.9078062347154465, -2.665409922756313, 6.695899683655286, -5.794152124266558, -4.318342901059884, -0.894607845211689, 3.0707424176712848, 3.1278732507078035]","""0,645,1,616,1000,271,2,158,1001,141,3,133,2000,24,1002,21,1003,14,4,14,2001,6,5,5""",1000,1990.64,30453.98
Problem_5Sat3Gs_0_4.json,1.5,6,3,-2.438468,"[-1.9233533627138726, 1.057680433196285, 0.059998107290819995, 3.5971228728204636, 0.5099150196893316, -3.8366442254454034, 2.4145663459296127, -4.195531366771618, 0.8688840215464985, 0.5093057045778906, -3.606399389608333, 3.7566412886489156]","""2,598,3,458,1,344,1001,156,4,121,1002,119,1000,80,0,67,2001,37,1003,30,2000,20,2002,11,5,7""",1000,2956.09,31419.42
Problem_5Sat3Gs_0_4.json,1.5,6,4,-3.698109,"[1.7025672521197373, -1.1112846513581722, -2.476853661389454, -0.8141933607786922, 0.7848218366918414, 0.7022841537930178, 6.1924896278781425, -3.814229634234622, -3.8441284867821595, 0.755197682875288, 5.572518749898592, 1.3326931881743893]","""0,796,1,488,2,300,1000,183,3,86,1001,84,2000,53,1002,25,4,15,1003,6,5,5,2001,4,2002,3""",1000,3925.31,32388.64
Problem_5Sat3Gs_0_4.json,1.5,6,5,-3.285522,"[2.8638834815847662, -3.7066943368481944, -3.735439604081459, 0.1060284917958795, -3.4247146205805272, 3.55634648310075, 9.967012992564362, -3.0141435716021263, -0.16256170390506394, 0.47038709052959266, -0.2160569711452078, -0.9804252142563304]","""1,528,0,461,1000,274,2,251,1001,227,2000,142,1002,51,3,49,2001,32,3000,11,4,10,2002,7,1003,5""",1000,4897.72,33361.06
Problem_5Sat3Gs_0_4.json,1.5,6,6,-3.342308,"[3.6229946131540736, 0.7919412926058124, 0.6963528478290323, 0.9028808874059052, -0.6928584106967736, 1.420609683168101, 5.920115664632494, 3.369611986535088, -0.20625493787957822, -5.865349017829162, -1.7582622125268776, -2.217381054400065]","""1,493,0,464,1000,343,1001,268,2,237,1002,76,2000,64,3,49,2001,34,4,9,3000,5,1003,5,5,1""",1000,5866.83,34330.16
Problem_5Sat3Gs_0_4.json,1.5,6,7,-3.685553,"[5.62799932683565, -2.296023494024216, 4.065946248328647, -3.89464981421362, 0.054416086751301496, -1.0782484022285628, 6.505754797010462, 2.3092182159256947, -2.4794162313710153, 0.24926001510762413, -2.389732128489058, -1.638979915448389]","""1,676,0,632,1000,269,2,222,1001,106,3,75,2000,30,1002,25,4,6,1003,4,2001,2,5,1""",1000,6834.80,35298.13
Problem_5Sat3Gs_0_4.json,1.5,6,8,-2.863159,"[1.5322525817367678, 6.141773556763743, 7.132586101568158, -5.6198668694017595, -0.09398420569488489, -5.194950963957654, 5.581753376207638, 8.202259766885247, 3.2980793847610714, -1.765750427563611, -1.489716854236561, -2.0117451200726006]","""1000,529,0,304,2000,264,1001,252,1,251,2,167,1002,122,3,58,2001,44,3000,20,4,17,1003,13,2002,7""",1000,7795.53,36258.86
Problem_5Sat3Gs_0_4.json,1.5,6,9,-3.690460,"[1.887808127806553, -0.9429765813581816, 4.805020333973138, 0.8112979247328496, -2.4142495583800705, -0.6666100869197749, 5.63638915224197, 1.8270349190635433, 4.51004729764044, -3.006856517714667, -1.3125085434028962, 2.4287471663951172]","""0,647,1000,592,1,511,2,93,1001,83,2000,58,3,36,1002,21,4,2,5,2,3000,1,2001,1,2002,1""",1000,8762.63,37225.96
Problem_5Sat3Gs_0_4.json,1.5,6,10,-3.675000,"[-0.7262877242281172, -0.7836619978637276, 0.002558942643789093, -0.9619756239655701, -2.408991279095711, -0.07721513639364097, 6.551408342492715, -5.591561054007601, 6.215789361223976, 0.6265774449944701, 1.01902231873891, 2.6234663440488277]","""0,722,1,551,1000,332,2,206,1001,107,2000,51,1002,30,3,27,4,10,3000,5,2001,4,1003,3""",1000,9710.82,38174.16
Problem_5Sat3Gs_0_4.json,1.5,7,1,-3.565670,"[0.5211789824687121, -2.1922589059280386, -2.355697783186549, -0.8579123170973546, 4.316200739739349, 0.3001710441309259, 0.43424360317554933, 6.436285789190579, -5.770417703552667, -2.8002365534536655, -1.655750255702526, 4.880983851936589, 3.796713692309242, -0.5592935087629571]","""1,617,0,588,2,293,1000,232,1001,179,3,40,1002,39,2000,25,2001,17,4,9,1003,7,2002,1,3000,1""",1000,1157.12,39331.27
Problem_5Sat3Gs_0_4.json,1.5,7,2,-3.244815,"[-0.9164296013340313, 0.7184927519220324, -4.403469846455197, 0.2445499294040787, -0.994009621607464, 0.08690028010485674, -0.05193304805979013, 7.371587178358299, -7.323764112536374, -4.482420653613483, 1.1634393493102633, 6.831980167626535, -0.0013188295621345053, 1.833106387941021]","""1000,469,0,455,1,349,1001,230,2,222,2000,155,1002,63,2001,45,3,37,3000,16,1003,4,4,2,2002,1""",1000,2267.55,40441.71
Problem_5Sat3Gs_0_4.json,1.5,7,3,-3.462583,"[1.0395437260793337, 1.3160789736899443, -5.4939541730846, -2.086739610636345, 2.274194348048473, -0.7002434303271152, -2.590521315699233, 5.49686591606076, -3.8826674443453824, -0.9872971937599867, 1.0118662740681088, 2.659788187954587, 2.1168691363518226, -0.9659157811624987]","""1,651,0,561,1000,241,2,195,1001,182,2000,80,3,59,1002,32,2001,15,3000,12,2002,10,4,5,1003,5""",1000,3375.59,41549.75
Problem_5Sat3Gs_0_4.json,1.5,7,4,-3.161292,"[2.470610785159371, -4.031992818116297, 4.722530356845564, 1.1505999029918377, -2.2204483565940754, -0.0808034908694817, 0.9698770724584529, 6.727304636444613, 0.9024254361206612, 4.625895688061248, -2.8698927717020863, 2.123941142098092, 1.460771007729366, 2.0627407784887586]","""0,447,1,430,1000,315,1001,294,2,201,3,126,2000,78,1002,54,1003,38,2001,37,4,17,5,6,3000,5""",1000,4475.19,42649.35
Problem_5Sat3Gs_0_4.json,1.5,7,5,-3.198258,"[0.2012734798762462, 0.7948972494340197, 3.6351963064892168, 0.7480317691619417, -4.458316173827615, -0.3468550766347984, 0.7701966199640765, 7.659947365585232, -1.4988711718276393, 4.84314160130071, -2.7842865041905993, -1.5789342258457177, 3.856597485058834, -1.3064749099803319]","""1000,528,0,422,1,416,1001,243,2000,171,2,132,1002,54,3,37,2001,22,1003,9,3000,7,4,4,5,2,2002,1""",1000,5581.95,43756.11
Problem_5Sat3Gs_0_4.json,1.5,7,6,-3.330991,"[4.9266510539368245, 0.7021492828130516, 3.0100334070001864, 1.5944400722037302, -0.07603368747316286, -2.187590785191661, -0.7743780187382314, 6.138496404455747, 0.00603149488896107, 1.6406958933088256, -2.911930649832966, 1.6506534151685135, 0.3894808169058844, 3.6664174798925337]","""0,532,1,404,1000,342,2,328,3,127,1001,115,1002,72,4,44,2000,35,1003,18,5,13,2001,11,2002,4,3000,3""",1000,6689.35,44863.51
Problem_5Sat3Gs_0_4.json,1.5,7,7,-3.163655,"[0.5377629853460147, 3.15051925502408, 0.6989090499782361, -0.7140904638829778, 1.1553094432070647, 0.5809544276807008, -3.144682681508897, 5.932819575040398, -0.005741660810196383, 6.368828890721318, -5.855050053171164, -4.127732843756232, 3.9181678616638576, 5.9281716577201795]","""0,424,1000,388,2,386,1,344,1001,162,2000,109,1002,85,3,77,4,35,2001,12,1003,11,3000,9,2002,5,5,1""",1000,7785.93,45960.09
Problem_5Sat3Gs_0_4.json,1.5,7,8,-2.875085,"[2.1615340290945486, -0.9444685041032875, 5.209823040093676, -0.9070379973355208, -4.271647453470113, 0.7408052714874663, -0.8796307338516832, 6.769251133988281, 3.029514284413322, 4.658603480976824, -6.2839282821857125, -1.9111641428646797, 2.4353679692113737, -0.832853608319215]","""1,535,2,533,1001,258,3,184,0,176,1000,113,1002,93,2000,53,4,44,2001,33,1003,12,3000,8,2002,5,5,1""",1000,8880.83,47054.99
Problem_5Sat3Gs_0_4.json,1.5,7,9,-3.312890,"[9.183417958272289, 2.7867645726112227, 9.46774939029054, 0.0376722245807737, -3.911324493049159, -1.1133667581966935, 2.622868556068164, 11.956136178373844, 9.357203996987115, -4.52350998282083, -4.658079222067624, -5.969157765847136, -6.376281175957601, -1.4045470918986935]","""1,526,0,428,1000,348,2,340,1001,232,3,53,1002,51,2000,48,2001,18,4,4""",1000,9987.35,48161.51
Problem_5Sat3Gs_0_4.json,1.5,7,10,-3.352077,"[3.798724831349726, -4.016856634999572, 2.3596458557634428, -5.356660993838711, 2.581924499334277, -0.9729157799086787, 1.5388672852769465, 7.01450736155239, 2.296285309837197, -4.334268846658906, 4.502490978438798, -4.444926699428632, 0.8763156703396779, -0.5684786279215517]","""1,550,0,409,1000,391,2,306,1001,199,2000,67,3,59,1002,44,2001,18,3000,3,4,1,1003,1""",1000,11096.10,49270.26
Problem_5Sat3Gs_0_4.json,1.5,8,1,-2.847616,"[4.262346181948397, -2.703203504359017, -1.6467805206364359, -2.621100532868285, 7.572018846635762, -1.1839611602584532, 0.3632193959867391, 3.2057505716030548, 9.671311304333173, -8.393244801545604, -4.4664121899134415, -2.072123960557061, 4.083727490313227, -0.6484089815019386, 1.5487288697699544, 3.651416543355528]","""1,452,1001,342,1000,336,2,276,0,201,2000,132,1002,105,3,99,2001,45,4,24,3000,20,1003,15,5,1""",1000,1297.75,50568.01
Problem_5Sat3Gs_0_4.json,1.5,8,2,-3.349234,"[-1.1027424709348306, -0.9284065799942266, -5.640357494311011, -3.176557968543457, 1.0942237364479903, 0.17219828318965824, 2.562323159653932, 2.3200896123271164, 0.9606858257880565, -5.569025889372411, -3.0958330969267256, -6.462983658751162, 9.055371096806436, 2.3815415356482212, 2.6118908531663934, 4.2727361620467805]","""1,625,0,414,2,383,1000,243,1001,175,2000,73,3,62,1002,54,2001,10,3000,5,4,4""",1000,2535.85,51806.11
Problem_5Sat3Gs_0_4.json,1.5,8,3,-3.438095,"[4.426501495064698, -6.053381681186091, -4.490261762241141, -3.729401029946036, 5.049667943050001, -3.581222465233994, 0.23528593465056596, 2.3425481291014623, 7.583371465745198, -7.062678308130679, -4.455902425532623, 1.858897710574936, 3.9446799427192656, 1.2358239475887618, -0.7338190402328436, -2.782676151692137]","""1,622,0,487,2,312,1000,259,1001,209,3,56,1002,51,2000,32,2001,11,1003,5,4,3,3000,1""",1000,3776.40,53046.66
Problem_5Sat3Gs_0_4.json,1.5,8,4,-2.988061,"[0.9778923683715242, -0.1404775316076568, 5.131976748921879, -3.4771771414651447, 0.3386398762933527, -0.10982097984605826, -1.0361533700594334, 0.020523284550519705, 4.470394095832538, -4.135990941974714, -4.4631067405403435, -1.2428448831608156, -0.27683654255500134, -1.1300016640076287, -2.110503822787376, 6.506044450748165]","""1,418,1000,378,0,366,1001,248,2,192,2000,172,1002,88,3,62,2001,57,3000,32,2002,15,1003,12,4,6,5,2""",1000,5015.20,54285.46
Problem_5Sat3Gs_0_4.json,1.5,8,5,-3.251553,"[2.1878314968483634, -0.2646987457785248, -1.941005759696147, -0.9713415443353912, 3.1316165281530166, 0.044616144572814785, -0.9633028045143917, 2.8878651816913132, 7.818419471430819, -6.215939681733643, -0.8813150040661475, -2.5324620025152695, 1.9776393121389793, 2.6837435986016613, -2.744364219044261, 0.49996866061534667]","""1,751,0,329,2,275,1000,235,1001,204,3,87,1002,48,2000,45,4,33,2001,18,1003,16,3000,5,5,1,2002,1""",1000,6251.18,55521.44
Problem_5Sat3Gs_0_4.json,1.5,8,6,-2.791205,"[-1.2790010879601168, -0.47418484116865, -6.84344712896252, -1.195503693388581, 2.37534771368913, 1.9434450127482465, -3.466618755058231, 1.0795960735349899, 4.723513712653245, -6.353364583782348, -0.47792575248813096, -3.5392054302263944, -0.581385524215337, 0.4873310616865384, -3.594631474137286, 0.044804946404652865]","""1000,508,1001,320,0,295,1,256,2000,253,2,111,3000,108,2001,87,1002,72,3,19,2002,7,4,7,1003,5""",1000,7483.15,56753.41
Problem_5Sat3Gs_0_4.json,1.5,8,7,-3.252896,"[0.7240206924183108, -0.6394500202053908, -6.616501961740147, -1.4532029125879924, 0.6068386207812508, -1.7712657131736314, -1.7290996301829291, -0.954737845698433, 6.814612242897203, -6.293567821716593, -4.139659286829017, 3.5307226268629535, 0.47262238407290147, 4.224876424601181, 1.0053589722064988, 4.118706427743508]","""1,666,0,365,2,318,1001,235,1000,170,3,109,1002,63,2000,47,4,27,2001,24,1003,17,3000,6,2002,1""",1000,8726.32,57996.58
Problem_5Sat3Gs_0_4.json,1.5,8,8,-3.080087,"[4.691848860711794, 4.099073862894552, -4.228896799653568, -2.1744319644848464, 0.39755814142025225, -0.5363037789476262, -3.0985866359046192, -2.591862889829148, 5.4434929637275715, -2.402652152477191, -1.5628977782770779, -1.211211122093815, 2.6671762782358712, 5.725050693453738, 0.02917899255519628, 0.5081001141035904]","""1,564,1000,343,2,332,1001,229,0,228,2000,114,3,109,1002,73,2001,27,4,16,3000,7,2002,4,1003,2""",1000,9965.31,59235.57
Problem_5Sat3Gs_0_4.json,1.5,8,9,-3.133106,"[-1.3362287251633473, -0.2073767237503289, -3.7194223056026234, -4.913729412255742, 1.6756574610651978, -2.776349598638548, -2.094676149633759, -0.05462374954349748, 3.900646692065895, -2.244969022630326, -3.1579787281902747, -1.0593099471061032, 2.2828105939793866, 2.0057980387618, -0.45672489740986555, 1.7914883945868536]","""1,741,2,373,1000,243,1001,215,0,201,2000,87,3,84,1002,51,2001,34,4,9,3000,4,2002,3,1003,3""",1000,11204.23,60474.49
Problem_5Sat3Gs_0_4.json,1.5,8,10,-3.193927,"[3.7595357154563747, 3.6400495492169433, -2.5960813639424885, -1.9797645577855312, 2.7865962432294635, 1.315966677002328, -7.234043096468138, 1.4473733087264375, 1.176181379674734, -2.2712336185378854, -3.1908830885374426, 7.662891862068975, 5.197617103235993, -0.9627988677243748, 2.4585251959227232, 2.768267159491579]","""1,623,1000,519,0,236,1001,198,2,183,2000,133,1002,77,3,43,4,13,2001,13,3000,6,1003,3,2002,1""",1000,12447.42,61717.68
Problem_5Sat3Gs_0_6.json,1.5,1,1,-3.528206,"[-1.7489376897917488, 1.6884242402045542]","""1,493,1001,405,1000,260,2,245,0,191,2001,124,1002,122,2000,79,3,72,3000,30,3001,13,2002,6,4000,4,1003,4""",1000,340.74,340.74
Problem_5Sat3Gs_0_6.json,1.5,1,2,-3.583020,"[2.1167428011406986, 2.991706346861816]","""1,478,1000,324,2,300,1001,274,2000,220,0,174,3,84,2001,79,1002,55,3000,42,4,8,2002,7,4000,1,5,1,1003,1""",1000,663.34,663.34
Problem_5Sat3Gs_0_6.json,1.5,1,3,-3.491254,"[-0.4928631159121306, -0.7358221640111297]","""1000,471,1001,330,2000,324,1,296,0,277,2,90,2001,81,3000,76,1002,63,3,16,4000,6,3001,6,2002,5,1003,4,4,3""",1000,985.00,985.00
Problem_5Sat3Gs_0_6.json,1.5,1,4,-3.579689,"[-1.0232914214730473, 2.9110787639353974]","""1,490,2,311,1000,285,1001,267,2000,217,0,171,2001,89,3,82,1002,61,3000,52,2002,7,4,6,1003,6,3001,2,4000,2""",1000,1304.22,1304.22
Problem_5Sat3Gs_0_6.json,1.5,1,5,-3.572147,"[-1.021709903538411, 2.8446734183425795]","""1,507,2,319,1000,296,1001,274,2000,201,0,170,3,90,2001,80,1002,52,3000,35,2002,10,4,6,3001,3,1003,3,4000,2""",1000,1620.15,1620.15
Problem_5Sat3Gs_0_6.json,1.5,1,6,-3.575829,"[-1.0221885948672524, 2.8730775130292527]","""1,502,2,326,1000,299,1001,242,2000,210,0,167,3,85,1002,76,2001,67,3000,42,4,13,2002,11,4000,4,3001,3,1003,1""",1000,1938.67,1938.67
Problem_5Sat3Gs_0_6.json,1.5,1,7,-3.574067,"[-1.0221770110941468, 2.858430871112026]","""1,495,2,295,1001,283,1000,274,0,196,2000,187,3,96,2001,94,1002,65,3000,38,2002,9,4000,6,1003,6,3001,2,4,2""",1000,2262.10,2262.10
Problem_5Sat3Gs_0_6.json,1.5,1,8,-3.491241,"[-0.49285414806934624, -0.7356275101579234]","""1000,459,1001,346,2000,341,1,275,0,245,2001,130,3000,89,2,84,1002,45,3,15,3001,8,2002,4,4000,3,4,3,1003,1""",1000,2581.46,2581.46
Problem_5Sat3Gs_0_6.json,1.5,1,9,-3.491179,"[-0.49283083439610786, -0.7348698839128428]","""1000,460,1001,362,2000,352,1,269,0,244,2001,102,3000,84,2,82,1002,47,3,20,4000,8,2002,8,3001,7,1003,3""",1000,2902.58,2902.58
Problem_5Sat3Gs_0_6.json,1.5,1,10,-3.491306,"[-0.4928007140952338, -0.7358469342796679]","""1000,508,1001,341,2000,317,0,271,1,261,2001,94,3000,86,2,84,1002,49,3,18,3001,7,4000,6,2002,4,4,1,1003,1""",1000,3220.77,3220.78
Problem_5Sat3Gs_0_6.json,1.5,2,1,-3.582597,"[1.5661331829156606, -4.176102946288779, 2.1618806929284897, 0.7908275224383731]","""1,504,1000,324,1001,291,2,278,2000,180,0,178,3,82,2001,76,1002,61,3000,53,4000,6,4,6,2002,5,1003,3,3001,1""",1000,499.17,3719.95
Problem_5Sat3Gs_0_6.json,1.5,2,2,-3.484746,"[-6.3590189993253405, -8.479246497060998, 2.127183967037037, 7.948182094520358]","""1,436,2,355,1001,313,1000,237,0,161,2000,142,2001,112,3,100,1002,97,3000,40,4,24,4000,15,1003,7,2002,5,3001,3,5,1""",1000,974.46,4195.23
Problem_5Sat3Gs_0_6.json,1.5,2,3,-3.855093,"[-4.158522368742284, 0.7475483190155553, 2.7328722250034976, 4.394150208932347]","""1,482,0,342,1001,303,2,294,1000,273,2000,117,1002,69,3,66,2001,42,3000,35,4,13,1003,5,2002,4,3001,2,5,1""",1000,1446.99,4667.77
Problem_5Sat3Gs_0_6.json,1.5,2,4,-3.674405,"[8.842811638757853, -5.481675474412568, -6.580383066602455, 1.0472980189359324]","""1,494,2,324,1001,315,0,268,1000,216,1002,114,2000,90,3,83,2001,76,3000,31,2002,12,4,11,1003,10,3001,4""",1000,1926.36,5147.14
Problem_5Sat3Gs_0_6.json,1.5,2,5,-3.753019,"[6.1602909884255, -0.9847394397496756, 0.48552587264344826, 2.5875058603759764]","""1,548,1000,352,0,275,2,264,1001,189,2000,179,2001,73,3,71,1002,46,3000,33,2002,7,4,4,4000,4,3001,2,1003,1""",1000,2404.58,5625.36
Problem_5Sat3Gs_0_6.json,1.5,2,6,-3.354356,"[4.173540554319143, -1.7775212305058599, 2.062123942581958, 3.604565113164779]","""1,385,1001,330,2,282,0,227,1000,171,2000,144,2001,135,3,132,1002,100,3000,83,4000,20,3001,17,4,11,1003,7,2002,3,5,1""",1000,2881.05,6101.83
Problem_5Sat3Gs_0_6.json,1.5,2,7,-3.352453,"[1.0253547538715622, -1.7721571264949239, 2.101191652171207, 3.607263979864659]","""1,399,1001,300,2,296,0,229,1000,162,2001,144,2000,135,1002,128,3,118,3000,74,4000,19,4,17,1003,11,3001,8,2002,7,5,1""",1000,3357.51,6578.29
Problem_5Sat3Gs_0_6.json,1.5,2,8,-3.866256,"[-2.130682207005583, -0.833517457520857, 10.00187999033148, 7.316122519887479]","""1,550,0,356,1001,301,1000,294,2,261,2000,87,2001,52,3,50,1002,47,3000,30,1003,7,2002,7,4,4,3001,2""",1000,3830.56,7051.34
Problem_5Sat3Gs_0_6.json,1.5,2,9,-3.826842,"[-8.399960214801165, 5.506399758688078, 9.936951190279881, -1.0880981527992273]","""1,469,0,348,1001,304,1000,304,2,259,2000,113,3,92,1002,59,3000,41,2001,32,2002,10,1003,8,4,4,4000,3,3001,2""",1000,4306.65,7527.42
Problem_5Sat3Gs_0_6.json,1.5,2,10,-3.723352,"[0.5782458033331083, -0.7064197310745303, 6.774533854185919, -5.1289086504453705]","""1,475,1001,348,0,286,1000,279,2,274,2000,108,1002,73,2001,71,3,64,3000,36,1003,12,2002,9,4000,5,3001,4,4,3,5,1""",1000,4779.86,8000.64
Problem_5Sat3Gs_0_6.json,1.5,3,1,-3.729359,"[5.812250936154184, -2.203998473067944, 0.7754289227356311, -0.9262977420648378, 2.292394224759683, 0.6611735003247535]","""1,456,1000,453,1001,298,0,280,2000,225,2,135,3,63,1002,52,2001,46,3000,24,2002,5,4000,3,3001,3,1003,2,4,2,5,1""",1000,665.74,8666.38
Problem_5Sat3Gs_0_6.json,1.5,3,2,-4.070205,"[5.77869667217853, 0.058074364010315634, -0.6561881172495638, -0.8737693942821285, 2.326658824178849, -3.7374557895303173]","""0,524,1000,497,1,423,1001,213,2000,146,2,119,2001,37,3000,34,3,22,1002,18,2002,6,4000,5,1003,2,4,1,3001,1""",1000,1299.93,9300.57
Problem_5Sat3Gs_0_6.json,1.5,3,3,-3.521716,"[1.5986165069396032, 2.968783515668285, 1.8293020782147884, 12.021234757726686, 9.22630299516596, 1.2480086970826363]","""2000,499,0,371,1,317,1000,259,1001,233,2,120,2001,91,3000,65,4000,37,1002,31,3,16,3001,4,2002,4,1003,1""",1000,1931.24,9931.88
Problem_5Sat3Gs_0_6.json,1.5,3,4,-3.401959,"[-3.767676721385393, 1.4662151447114784, 14.336628106262019, 13.227966317453525, 1.9457492761092454, 16.66160254876403]","""1,354,1001,322,2000,270,2,256,1000,241,0,222,1002,111,2001,99,3,70,3000,59,2002,12,1003,11,4,8,3001,7,4000,5,5,1""",1000,2562.66,10563.30
Problem_5Sat3Gs_0_6.json,1.5,3,5,-4.238552,"[-2.3026453424497437, -0.24998041620948658, 1.2371838486875504, 11.428525152860804, 4.28754906079485, -4.257268998041733]","""0,670,1000,419,1,374,2,179,1001,163,2000,105,3,37,2001,32,3000,30,1002,29,4,4,1003,3,2002,1,4000,1,3001,1""",1000,3195.70,11196.34
Problem_5Sat3Gs_0_6.json,1.5,3,6,-3.879343,"[-1.8213612486403195, -1.3492829495576326, 0.408267721298968, 11.259024210383805, 7.7578256876970295, 0.327257765669213]","""1,549,0,380,2,298,1000,248,1001,204,3,135,2000,91,2001,50,1002,47,3000,16,4,14,1003,8,2002,5,5,3""",1000,3828.34,11828.98
Problem_5Sat3Gs_0_6.json,1.5,3,7,-3.862428,"[-0.20537947748542817, -2.1575012091866443, -0.005221197619051561, 9.118816751662978, 6.104414806032307, -1.3994373856153215]","""1,546,0,359,1000,312,2,251,1001,210,2000,153,3,66,1002,62,2001,51,3000,17,4,12,1003,3,2002,3,5,1,4000,1,3001,1""",1000,4451.38,12452.02
Problem_5Sat3Gs_0_6.json,1.5,3,8,-3.875920,"[-4.0851291709260416, -1.4691372102764602, -3.753587000461429, 3.188114326343412, 6.250139330867326, -7.279210962982316]","""1,636,2,504,0,273,1001,180,1000,127,3,120,2000,85,2001,52,1002,40,4,14,3000,6,1003,5,2002,4,3001,1,5,1""",1000,5082.02,13082.66
Problem_5Sat3Gs_0_6.json,1.5,3,9,-3.904140,"[-4.11779516154749, -0.6794928916915111, 0.028462160918260624, 2.6974514267388026, 5.623297805976374, 1.932595321869236]","""1,540,0,364,1000,337,2,260,1001,242,2000,112,1002,60,3,54,2001,40,3000,22,4,7,2002,4,1003,4,4000,1,3001,1""",1000,5713.27,13713.91
Problem_5Sat3Gs_0_6.json,1.5,3,10,-3.904666,"[-3.739088021779494, 0.5859240756454986, -0.6068949417304426, 5.503940039119484, 4.788703810433778, -0.2784898375834292]","""1,516,0,398,2,306,1000,269,1001,254,3,86,1002,71,2000,61,2001,47,4,15,3000,12,1003,4,3001,3,4000,2,2002,2,5,2""",1000,6343.39,14344.03
Problem_5Sat3Gs_0_6.json,1.5,4,1,-4.041958,"[-2.1309759392902867, 0.5724778811559242, -1.6821436585984992, 1.5818708703025828, 10.453019106495029, 5.603337927877005, -3.936146821111209, 1.5974779700551212]","""1,591,0,433,2,287,1000,282,1001,187,3,72,1002,71,2000,67,2001,34,3000,7,4,7,2002,5,1003,2,3001,2,4000,1""",1000,824.35,15168.38
Problem_5Sat3Gs_0_6.json,1.5,4,2,-4.165032,"[-2.769649194869549, 1.0750915005134682, 0.9931318520668325, 2.1280343238238038, 9.331047139008867, 3.9994859056318006, -3.7246988601134747, 3.9239725965995893]","""0,630,1000,500,1,266,2,202,1001,158,2000,147,2001,41,3,33,1002,32,3000,23,4000,5,3001,3,4,3,1003,3,2002,2""",1000,1611.49,15955.52
Problem_5Sat3Gs_0_6.json,1.5,4,3,-4.136249,"[3.3474965033114543, -1.1139006678170857, 0.975343306471899, 3.242461115115181, -0.6369956100955462, 2.8786332619601485, -0.21549464592941683, 1.4763985467989489]","""0,674,1,482,1000,211,2,194,2000,179,1001,124,2001,69,1002,42,3000,28,3,19,2002,9,4000,9,1003,6,4,2""",1000,2398.96,16743.00
Problem_5Sat3Gs_0_6.json,1.5,4,4,-4.030793,"[6.800240869774848, -0.08738796963341604, 0.8252086999150837, 3.609481802077824, -3.378146295849104, 8.175430576744688, -3.9877007827260726, 0.4320655967592248]","""0,576,1000,485,1,354,2000,230,1001,184,2,85,2001,52,3000,51,1002,15,3,6,3001,4,4000,3,1003,2,2002,1""",1000,3179.30,17523.33
Problem_5Sat3Gs_0_6.json,1.5,4,5,-3.804242,"[5.686961323295753, -0.09499886378715147, -3.2044426726763326, -0.8390693572198217, -0.9674306823659617, 0.9366349230174758, -6.504401827273137, 5.401178466834585]","""1000,471,1,408,1001,325,0,316,2000,203,2,160,2001,53,1002,48,3000,35,3,23,4,2,4000,1,3001,1,1003,1,2002,1""",1000,3969.11,18313.14
Problem_5Sat3Gs_0_6.json,1.5,4,6,-4.009845,"[6.8068470332903495, -1.8776249571330785, 2.176602921732302, 0.8525677960728477, -1.375646488980974, 0.10840863650685383, -1.558945006261148, 1.2717176023284944]","""0,511,1,461,2,324,1000,254,1001,206,3,86,1002,77,2001,51,2000,40,3000,12,4,11,1003,7,5,5,3001,2,4000,1""",1000,4753.99,19098.02
Problem_5Sat3Gs_0_6.json,1.5,4,7,-4.093375,"[1.7526973626542364, -1.0757246896842143, -3.054789980467055, -1.4147840433826349, -0.5917036054908813, 4.160431070106819, -2.944056587473417, 0.38961842687594717]","""1,698,0,440,2,329,1001,189,1000,141,2000,84,2001,57,3,49,1002,37,3000,11,1003,4,4,3,2002,2,5,2,3001,1,4000,1""",1000,5532.74,19876.77
Problem_5Sat3Gs_0_6.json,1.5,4,8,-3.607158,"[3.658817870116551, 0.8800447937477572, -2.3344277810627303, 1.6720022529342389, 0.7511751544811931, 5.487340099608578, -0.6991242115856019, -3.2980847794136263]","""1000,495,2000,334,1,308,0,306,1001,286,2,94,3000,86,2001,55,1002,46,3,22,4000,7,1003,3,3001,2,2002,2,4,2""",1000,6331.06,20675.09
Problem_5Sat3Gs_0_6.json,1.5,4,9,-4.045745,"[-4.776865474610256, 1.0550673929262238, -1.4852494140047172, 2.257924698763497, 2.5304559710055416, 7.792143905697482, -3.1766079332759993, 4.006902492557085]","""1,568,0,514,2,283,1001,215,2000,153,1000,115,3,54,2001,48,1002,41,3000,32,2002,9,4000,6,4,4,3001,3,1003,3""",1000,7121.15,21465.18
Problem_5Sat3Gs_0_6.json,1.5,4,10,-3.685414,"[-4.232760945501003, 0.8535013529559836, -2.3380804298658897, 1.7051172910094756, 2.9588626776638356, 6.766487005420505, -0.3541787896816912, -0.17295617415872352]","""1,421,0,356,1001,332,2,278,1000,237,2001,98,1002,83,3,80,2000,80,3000,26,4,26,2002,13,1003,7,4000,6,3001,3,5,2""",1000,7906.50,22250.53
Problem_5Sat3Gs_0_6.json,1.5,5,1,-4.046163,"[-2.1496583340406072, -0.7587836140725859, 2.5414469883577446, 0.9679535193421607, 2.2092975741505194, 9.701388586550497, 3.810911244064542, -3.5571212087783968, 3.6913888566326607, 1.185628550258823]","""1,577,0,406,2,314,1000,311,1001,188,2000,104,1002,54,3,46,2001,30,3000,6,4,4,3001,3,1003,2,4000,2,2002,1""",1000,980.21,23230.74
Problem_5Sat3Gs_0_6.json,1.5,5,2,-4.752494,"[-1.8887926522136, 0.0023824493990106488, 0.2328568350640431, 3.2802091366725743, 0.05783465866124235, 8.206304160651676, 2.9317879769337813, -3.546463448419304, 2.916614451398457, -0.6193254074653212]","""0,1193,1,317,1000,221,2000,93,1001,90,2,81,3000,19,2001,18,3,9,1002,3,4000,1,1003,1,3001,1,2002,1""",1000,1918.87,24169.41
Problem_5Sat3Gs_0_6.json,1.5,5,3,-4.193376,"[2.661954227087267, -1.6116583956994144, -0.8011502528623069, 2.2964526099796316, 0.6507545263986729, -0.9186018508857383, 2.9547310225916767, -0.18496113087104488, 0.8386727757012933, 0.8536088603949723]","""0,676,1000,546,1,265,1001,183,2000,168,2,92,1002,33,3000,32,2001,30,3,19,2002,3,4,1""",1000,2865.15,25115.68
Problem_5Sat3Gs_0_6.json,1.5,5,4,-4.004351,"[4.689848008531564, -3.616804965499456, 1.5970494678075502, 2.449411062560476, 1.5655896078876865, -0.6036648980924971, -0.1570473768218224, -2.158764975601675, 0.5828210058562775, 2.2729447152062856]","""1000,508,0,454,1,391,1001,213,2000,191,2,135,3000,44,1002,40,2001,36,3,22,3001,4,4000,4,2002,4,4,2""",1000,3810.40,26060.94
Problem_5Sat3Gs_0_6.json,1.5,5,5,-3.974843,"[4.588578836988618, 0.6424152275874903, -0.07981895697390393, 6.411482651382454, -2.4700544047909627, -5.749668745957519, 6.922475466719564, -3.534915621560108, 0.40701628544134877, 0.4010637034058339]","""1,538,0,473,1000,284,2,204,1001,176,2000,162,2001,77,1002,48,3,36,3000,18,4000,9,4,7,1003,6,2002,6,3001,4""",1000,4760.50,27011.04
Problem_5Sat3Gs_0_6.json,1.5,5,6,-4.124814,"[4.882203559399042, -1.6215010864689365, 3.8493901091983878, 4.253833101859683, -2.1083408127999688, 0.5599482075024466, 0.7408215476187966, -0.28908509524240233, -0.04341452226217858, 1.1670480658423645]","""0,578,1,498,1000,311,1001,242,2,139,2000,96,1002,59,2001,39,3,37,3000,36,4,3,4000,3,1003,3,2002,2,3001,2""",1000,5704.71,27955.24
Problem_5Sat3Gs_0_6.json,1.5,5,7,-3.484060,"[2.2089856233663103, -3.151421347178809, -0.05023628471363306, 1.724810221368857, 1.6263974951704674, -2.383408707620998, 5.505573640945326, 1.468107187963361, 2.0209182938280428, 1.4747137947987847]","""1,368,1001,315,2,301,1000,258,0,243,2000,142,3,126,1002,106,2001,61,3000,54,4,20,1003,16,2002,16,4000,14,3001,7,5,1""",1000,6654.29,28904.83
Problem_5Sat3Gs_0_6.json,1.5,5,8,-3.848399,"[0.05320702700086604, -2.274947569742112, -1.4565961544103152, -0.46678114498142137, 0.5283033815667187, -0.15987518819135205, 4.876594940251718, -2.733395743870455, 1.0219292196817562, -0.014901075755319886]","""1,511,1000,374,0,334,2,254,1001,211,2000,116,1002,64,2001,62,3,52,3000,39,4,9,1003,7,3001,6,4000,6,2002,3""",1000,7592.18,29842.72
Problem_5Sat3Gs_0_6.json,1.5,5,9,-4.161761,"[3.5967240204900146, -1.446162216423125, -4.583161407414295, -1.7741578387069508, -2.311613255358852, 0.7345955237804433, 5.302736690622892, -3.126305332264369, 0.23808705972009023, 0.883746628923544]","""0,674,1000,437,1,327,1001,212,2000,159,2,91,3000,46,2001,41,3,20,1002,18,4000,12,4,4,3001,3,2002,3,1003,1""",1000,8542.00,30792.53
Problem_5Sat3Gs_0_6.json,1.5,5,10,-3.897933,"[-5.799518908617818, 1.686296690710206, -3.0920199031951436, 4.0230553277906065, 1.5726605496362795, 0.4500326460214835, 7.134333656950959, -3.2257065990734026, 6.630851310820935, 2.458245760665213]","""0,456,1000,411,1,341,1001,258,2000,204,2,165,2001,60,1002,55,3000,42,3,31,4000,7,3001,7,2002,5,4,4,1003,2""",1000,9488.11,31738.65
Problem_5Sat3Gs_0_6.json,1.5,6,1,-3.729706,"[-2.424314781322899, 0.5670219005141812, 0.5488801773788743, 3.6639991577006144, 0.04887772634607178, 0.8675769996046034, 7.144323624494498, 4.58006503799503, -3.6528929156209275, 2.652725412165102, -0.6488969822850914, -0.18408201864587348]","""1,597,2,370,0,246,1001,241,1000,169,3,127,1002,101,2000,73,2001,61,4,28,1003,11,3001,7,2002,7,5,4,4000,4,3000,2""",1000,1153.61,32892.26
Problem_5Sat3Gs_0_6.json,1.5,6,2,-3.677293,"[-2.6446639471730804, -1.6372812711235032, 0.7494062638391769, 2.6860549451409486, 1.6260098981508782, -0.21367737306941015, 7.042771991642431, 4.180224353535022, -3.2492285005887225, 3.747841469545922, -2.8177472771829035, -1.3436363910815123]","""1,525,2,503,0,246,1001,191,3,183,1000,150,1002,65,2001,57,2000,51,4,31,3000,18,1003,11,2002,9,4000,5,3001,2,5,1""",1000,2249.22,33987.87
Problem_5Sat3Gs_0_6.json,1.5,6,3,-4.020430,"[-1.7799301101798644, 0.9802264326297088, 0.12197063199652337, 3.09375211078106, -0.06708249705384149, 0.8687740030020856, 7.725638808471574, 2.164353737123068, -5.46976693350557, -0.1729671713683149, -1.3913810517432321, 1.1077299600265522]","""0,463,1,435,1000,432,1001,300,2,157,2000,130,2001,46,1002,30,3000,24,3,22,3001,4,4,2,4000,1,1003,1,2002,1""",1000,3351.38,35090.03
Problem_5Sat3Gs_0_6.json,1.5,6,4,-3.749499,"[0.0015257814672110341, 4.1049663024774175, -3.7698717448947496, 1.674933421082917, -0.6558153149592749, 2.3760576421929205, 6.875921687826069, 3.0564410928999957, -8.150173309328089, -2.331896778260564, -3.0080374307680406, 0.2327305231403713]","""1000,432,1,396,1001,313,0,274,2,261,2000,102,1002,82,2001,73,3,69,3000,24,4,5,1003,5,2002,4,4000,4,3001,3,5,1""",1000,4450.41,36189.06
Problem_5Sat3Gs_0_6.json,1.5,6,5,-3.803138,"[3.6269103171842696, -1.519593332132658, -3.2915873271857112, -0.8540182863083924, 1.6595427683711057, 1.4741283573549653, 0.7577679401252307, 1.4238519365266729, 1.283142227361648, 6.630767534996534, 2.2217918369084213, -5.5627096494064725]","""1000,480,0,379,1,355,1001,305,2000,158,2,146,1002,65,3000,56,2001,43,3,37,3001,7,4000,6,1003,4,2002,4,4,3""",1000,5552.70,37291.35
Problem_5Sat3Gs_0_6.json,1.5,6,6,-3.488261,"[0.9687824611776676, -3.8722559520508093, 2.5959816620011975, -0.13680548769120582, 3.0249220032534168, 4.7181739201970245, 3.6705333016944457, 3.9482644097050605, -2.3066750492696717, 7.258662397246168, 1.664640751833816, 4.179670130746705]","""1,483,1001,313,1000,303,2000,251,2,201,0,175,2001,137,3000,62,1002,57,3,45,4000,7,2002,6,3001,3,1003,3,4,2""",1000,6649.40,38388.05
Problem_5Sat3Gs_0_6.json,1.5,6,7,-3.393363,"[3.1449096697413754, -4.63265132800356, -0.005499880212846472, 3.0892131939966223, -4.229785189189573, 0.8169878315362659, -2.482170159354042, 1.5745909434053633, -1.426153738950935, 2.470310139065657, 3.016329019069327, -4.703276811949064]","""1,435,1001,257,1000,246,2,236,0,201,2000,182,3,143,1002,123,2001,87,3000,69,2002,26,4000,22,4,8,3001,7,1003,6""",1000,7744.92,39483.57
Problem_5Sat3Gs_0_6.json,1.5,6,8,-4.080398,"[3.3670289878732187, 1.5229037414241484, -0.6597703717098339, 0.8514648145410638, 0.8720792290086247, 0.8171674924504769, 3.2929740329417787, 4.8968053371973435, -2.110018543686235, -3.2299828149878986, 1.425338702030402, -0.32649797577574485]","""0,548,1000,444,1,377,1001,194,2000,191,2,138,2001,45,1002,39,3000,34,3,27,1003,5,4,3,2002,2,3001,1""",1000,8845.82,40584.47
Problem_5Sat3Gs_0_6.json,1.5,6,9,-4.311501,"[0.15195000242868398, 0.9255758168440754, -0.033832502821876685, 3.1895096856180127, 0.8469827936162481, 1.5810152789003247, -0.7558127762190808, -1.9228633262556911, 1.728111646287904, 2.9086655039291167, 2.8346717705107722, 1.9414323426890905]","""0,736,1,607,2,262,2000,124,1001,77,2001,68,1000,64,3,52,1002,17,3000,13,2002,11,4000,5,3001,5,4,5,1003,2""",1000,9946.75,41685.40
Problem_5Sat3Gs_0_6.json,1.5,6,10,-3.811883,"[4.194848712284863, 0.6207156797050114, -3.2521946720913584, -1.43065931065745, 0.5099735960618974, -0.8078135006659665, -1.3142259625820665, 6.531970354122725, -2.221929357982255, -1.968971849839977, 0.15939964397142878, -0.8324942843659243]","""1000,395,0,375,1,358,2,302,1001,220,2000,112,1002,90,3,79,2001,57,4,24,3000,10,2002,9,1003,8,3001,6,4000,3""",1000,11038.29,42776.93
Problem_5Sat3Gs_0_6.json,1.5,7,1,-3.368608,"[3.7421577671462884, 0.6311740148133175, -1.3615802400064372, 2.3442360027475493, -5.43726790157818, 0.8751575167723095, -1.0412087458261103, 0.5833232856497014, -0.2423427081843042, 4.18528336064684, 2.399157902639149, 4.473876431898668, 1.912023898429381, 0.8192948716006051]","""1,382,1001,353,2,331,1000,210,3,171,0,154,1002,149,2000,130,2001,73,3000,46,4,28,1003,8,5,6,2002,5,4000,1,3001,1""",1000,1321.27,44098.21
Problem_5Sat3Gs_0_6.json,1.5,7,2,-3.137131,"[2.4848936865396722, 5.919177398982669, 2.2208728767058017, 2.332702984605677, -6.148819827609854, -2.026863082104788, 2.6216597889996955, 1.7275494112566898, -2.924620357783713, 10.66319628663599, -0.007084482797950246, 1.2453101226161567, 5.928737830842428, -2.692472763533015]","""1,400,2,355,1001,312,3,176,1002,149,2000,141,2001,131,1000,114,0,103,4,45,3000,42,3001,24,1003,24,2002,20,5,7,4000,5""",1000,2573.71,45350.65
Problem_5Sat3Gs_0_6.json,1.5,7,3,-2.900598,"[-3.0527844300158664, 2.6256016111940923, 0.47437949955143716, 11.44711484386898, -7.467769873924075, -0.27735549291249234, 3.632720255137029, 0.7630587732773946, 3.030497314386176, -1.6907982575858698, 7.21525187238862, 4.59702734621454, 12.985050280554317, -1.200917848307842]","""2,289,1,258,1001,252,1000,243,2000,194,2001,179,3,177,1002,127,3000,99,0,70,1003,59,4,55,4000,23,2002,12,3001,11""",1000,3841.68,46618.61
Problem_5Sat3Gs_0_6.json,1.5,7,4,-3.015259,"[-0.7532528070176857, -1.0058230630663942, 7.170985015294101, -2.5794069076991732, 0.23810651138380887, 0.04654914056280726, -6.753558906577742, -2.336588102483793, -3.6886843566392944, 2.640253953538986, 3.8239533862396913, 6.610359430649031, 2.305876093575267, 3.8849149394625924]","""1001,407,2,344,1,296,1000,230,3,177,2001,151,1002,136,2000,93,3000,75,0,33,4,26,1003,25,3001,23,4000,20,2002,9,5,3""",1000,5092.41,47869.34
Problem_5Sat3Gs_0_6.json,1.5,7,5,-3.314636,"[1.8303901570250016, 2.2672900557054763, 1.841011392213755, 0.11298131442342585, 2.080442058578746, 1.9091837107322542, -1.3801130861455768, 4.717789954219394, 3.4844326623587665, 1.2678054514331945, -4.727206608061834, 0.1382942491340391, 0.014255050057208455, 0.9364682536185385]","""2,445,1,397,1001,368,1000,217,2001,152,2000,128,0,91,3,90,1002,83,3000,51,4000,14,2002,5,4,4,3001,2,1003,1""",1000,6350.05,49126.99
Problem_5Sat3Gs_0_6.json,1.5,7,6,-4.150608,"[3.197280897788984, 1.1383973541407486, 0.16273985772538202, 2.3473729935966126, -0.8531453961311476, 1.4940778047485654, -0.14849579043316655, 3.1565409647753753, 5.510470298763597, -0.8062357711007943, -3.215750053828669, 0.6619299806546758, 0.977228661926651, -0.5222930804661875]","""1,608,0,552,2,245,1001,215,1000,202,2000,73,1002,45,2001,41,3,38,3000,17,4,5,4000,3,1003,2,3001,2""",1000,7607.91,50384.85
Problem_5Sat3Gs_0_6.json,1.5,7,7,-3.723151,"[2.9563609130383326, 2.8912353457229325, 0.2904689442636552, -0.23784345608097693, 1.3674194479741144, 1.786136031220263, 0.5679025474643647, 2.9418001459412078, 4.572720702144046, -3.64236098905598, -3.2017929242451655, 2.083086168686115, -0.8088878075358857, 0.46518509338272385]","""1000,429,0,382,2,276,1,255,2000,229,1001,201,1002,79,3,63,3000,61,2001,46,4,10,2002,7,3001,6,1003,4""",1000,8863.87,51640.80
Problem_5Sat3Gs_0_6.json,1.5,7,8,-3.431811,"[-4.593947179465022, -2.5334214008730274, -4.11879240908768, 5.396419538011315, 3.153848057385219, -1.9673974674802668, -1.6491729512646265, 9.995733513674962, 2.171975791565935, -4.216841988477041, -2.5978430880962264, -1.5804094293032616, 0.8871893256839903, -1.4366437092734556]","""1,402,2,310,1000,288,1001,272,0,203,2000,161,2001,102,3,96,1002,87,3000,70,4000,18,2002,12,4,10,3001,10,1003,6,5,1""",1000,10116.63,52893.56
Problem_5Sat3Gs_0_6.json,1.5,7,9,-3.434614,"[1.5382065122961734, 4.409561214141998, 0.8973668014988934, 3.8663778555641763, -5.060599104324876, 0.9999614906246941, 0.1289527951743135, 3.7825601207471196, 3.8911911291555623, -6.004584026485066, -0.5038941027444652, 1.1562722268971846, 3.964455075241512, 0.42456357474605316]","""1,499,2,469,1001,238,3,188,0,157,1002,157,2001,92,2000,88,1000,78,3000,31,4,14,2002,14,1003,8,3001,8,4000,7""",1000,11370.29,54147.22
Problem_5Sat3Gs_0_6.json,1.5,7,10,-3.625677,"[-2.015210732204029, 1.9200483778856883, 2.218797205820949, 1.4730220814581807, 3.508064142652948, 2.2099727436634584, 2.3461266402397376, 8.87105023693068, 0.5312984696799715, -5.884015861518449, -1.0257881132581816, -3.8100260975789233, 2.640345367188976, 2.5365774646479844]","""1,577,2,321,1000,268,1001,189,0,177,2000,142,3,124,1002,98,2001,66,3000,30,2002,14,4,14,1003,12,4000,11,5,3,3001,2""",1000,12627.70,55404.63
Problem_5Sat3Gs_0_6.json,1.5,8,1,-3.680453,"[3.3866867801391587, 2.46900350257513, -1.780947521832126, 4.8632657585452534, 0.9345283359694811, 1.6083449362573148, 0.04601781649135357, 0.11143816369974015, -0.47209372585341675, 5.4318192736358295, 0.5194546032046266, 0.3995620102456918, -1.1947577384728396, 2.3347017005944606, -1.9978024671826904, 1.4297453896292522]","""0,403,1000,322,1001,320,1,306,2,189,1002,127,2000,113,3,89,2001,80,3000,37,1003,23,4,23,2002,9,3001,6,5,1""",1000,1468.41,56873.05
Problem_5Sat3Gs_0_6.json,1.5,8,2,-3.264235,"[3.2074355824312972, -0.7828633297348062, -0.20938695843759975, 5.183946174194122, 1.7743346488691558, 2.861388314243147, -0.9680472663348993, 2.3384800501048115, 3.307354088488742, 7.403485910665858, -0.2373128024280717, -2.3251121894386575, 4.456227539801632, 0.5977792304244276, 1.5979391383695158, 1.257948237190728]","""1001,315,2,310,1,291,1000,265,0,178,2001,168,1002,156,2000,121,3,102,3000,57,3001,33,2002,16,4,15,1003,14,5,4,4000,3""",1000,2890.24,58294.87
Problem_5Sat3Gs_0_6.json,1.5,8,3,-3.562325,"[4.6473621276170975, 0.9264962171774166, 1.0295206330665108, 1.383593084108338, -1.5462115671997925, -2.968542814433753, -1.5002064821163565, 0.9028497044765976, 6.681590975844309, 7.497320035247431, -0.9074065777476704, -3.2717249070939167, 1.0426771337095135, -1.307550262667009, 0.3148454930570635, 0.3030567803842152]","""1,517,2,313,1001,248,0,233,1000,212,2000,138,1002,122,3,114,2001,73,3000,40,2002,10,1003,9,3001,8,4,7,4000,4""",1000,4304.17,59708.80
Problem_5Sat3Gs_0_6.json,1.5,8,4,-3.479891,"[0.8410581657471957, -0.9152930894517491, 1.4798724966071128, 2.3027051322101366, -2.178039200891665, -0.5864460359109879, 3.1349280873007537, 2.5429520622457806, 2.55059403022154, 7.901188494042787, -0.29762366171104077, -0.3484531158969754, -2.263275233224964, 3.4746329356057686, 1.1845898187479091, 2.629501374671986]","""1,413,1001,307,2,306,1000,287,0,197,3,130,1002,117,2000,116,2001,105,4,25,3000,17,3001,10,1003,8,2002,7,4000,3""",1000,5713.04,61117.67
Problem_5Sat3Gs_0_6.json,1.5,8,5,-3.546583,"[6.978477818667316, 5.307444834081029, 1.0450866464039568, -1.416420014487218, 3.377510641210209, 0.24361339732838688, 5.120385548585838, 1.657015211875879, 6.6190354404253595, 4.985101790648208, -7.773947653228425, -2.889537100315833, 7.491648204517872, 0.382059888151152, 0.1219708539163781, 0.676657903315747]","""1,399,2,337,1001,315,0,295,1000,160,1002,136,2000,115,3,101,3000,79,2001,78,2002,11,1003,9,3001,7,4,4,4000,2""",1000,7128.99,62533.62
Problem_5Sat3Gs_0_6.json,1.5,8,6,-3.716771,"[2.2486850077858995, 2.173107405293209, 1.550349859981801, -1.8550269214815596, 1.7902583287150646, 0.5878330605817158, -0.8264591591573799, -1.5614287526345616, 7.832564219081024, 2.359027288935937, -4.200774807271935, -5.715253756651566, 3.6096943160232695, -2.3086064020652555, 4.7024276873814435, 0.523379490759232]","""1,530,2,399,0,265,1000,247,1001,177,3,123,2001,87,1002,71,2000,62,3000,31,4,14,2002,12,1003,11,3001,10,4000,7,5,2""",1000,8538.51,63943.14
Problem_5Sat3Gs_0_6.json,1.5,8,7,-4.027388,"[3.241517521077589, 2.661129877921619, -0.5724164716393344, 3.2392786299848577, 0.9498245809764816, 0.8123804507767096, 0.019188958358308698, -1.5039468796118347, 3.484376090280308, 5.782611231292942, -4.033836782670044, -6.059944477798326, 0.09178830382479457, -2.2796379842977874, 0.4469824924595965, 2.7667409863890065]","""0,511,1,467,1000,318,1001,209,2,209,2000,95,2001,65,1002,55,3,51,3000,32,4,10,1003,9,2002,8,3001,4,4000,3,5,2""",1000,9928.58,65333.21
Problem_5Sat3Gs_0_6.json,1.5,8,8,-3.772554,"[0.6131863737600856, 1.4182980540625012, -2.1740005190043665, 0.13365481726293466, 1.6631950002660738, 0.5113650934346334, -1.4391516577695733, 0.7040842948872836, 0.9867397011130544, 10.094844147160421, -2.4116431843147796, -3.0792987598659836, 0.5443054255802664, 0.3697927622944107, 0.2902495572467013, 0.8611903259212801]","""1,651,0,273,1001,272,1000,239,2,220,1002,111,2000,109,2001,77,3000,34,3,32,3001,10,1003,9,4000,6,2002,3,4,2""",1000,11344.27,66748.90
Problem_5Sat3Gs_0_6.json,1.5,8,9,-3.814341,"[2.0311600169734523, 3.9904568315864455, 0.5113070564035106, -2.7274357493090258, 0.6212811748260918, 2.968576221788236, -1.6425553570943585, -0.781589051567902, -0.3994136166802781, 6.257147747958749, -2.1809567645403676, -3.737758337099805, 1.0181138645500096, -3.1028955577376034, -2.584377953631661, 2.769977677587003]","""1000,493,1,405,0,293,1001,292,2,252,2000,128,1002,75,2001,54,3,33,3001,6,3000,6,4,4,2002,3,1003,2,4000,2""",1000,12751.33,68155.96
Problem_5Sat3Gs_0_6.json,1.5,8,10,-4.086619,"[3.388500385889068, 2.6731966577490605, 0.10673214712893421, -1.6778478734161946, 0.6768152732907343, 3.0918485858463454, -0.7366248406182719, 0.03339910867682637, 3.259432102820341, 3.279101334232995, -2.912471612758626, -2.751228608443567, 0.8613927373927831, -2.427115490917388, 0.7162134764906808, -1.2899662281512068]","""0,559,1,444,1000,390,2,191,1001,150,2000,106,1002,71,3,59,2001,40,3000,24,4,6,3001,4,4000,2,1003,2""",1000,14167.88,69572.51
Problem_5Sat3Gs_0_12.json,1.5,1,1,-3.513681,"[-0.9982076994802966, 2.876165108022821]","""2,441,1,436,1001,369,1000,247,0,131,3,114,2000,111,1002,85,2001,67,4,18,3000,12,3001,7,2002,5,1003,3,5,2""",1000,337.61,337.61
Problem_5Sat3Gs_0_12.json,1.5,1,2,-3.478617,"[-0.4791477841040597, -0.792304870383214]","""1000,434,1001,372,1,310,2000,269,0,241,2001,158,2,92,1002,81,3000,38,3,28,3001,8,1003,7,2002,6,4,2,4000,2""",1000,657.96,657.97
Problem_5Sat3Gs_0_12.json,1.5,1,3,-3.516526,"[-0.998763111453913, 2.896795933416361]","""1,464,2,393,1001,363,1000,230,0,164,1002,126,3,121,2000,87,2001,46,4,15,3000,12,1003,11,3001,9,2002,5,4000,2""",1000,976.75,976.75
Problem_5Sat3Gs_0_12.json,1.5,1,4,-3.478619,"[-0.47914710741678096, -0.7923571436885816]","""1000,429,1001,385,1,280,0,264,2000,250,2001,152,2,103,1002,93,3000,39,3,29,3001,8,1003,7,4000,4,4,3,2002,2""",1000,1297.47,1297.47
Problem_5Sat3Gs_0_12.json,1.5,1,5,-3.515117,"[-0.9979007208995627, 2.8860410645728196]","""1,463,2,416,1001,362,1000,237,0,156,1002,115,3,111,2000,83,2001,56,3000,14,4,13,2002,7,3001,7,1003,5,4000,3""",1000,1617.62,1617.63
Problem_5Sat3Gs_0_12.json,1.5,1,6,-3.478612,"[-0.4791546619192028, -0.7923574893790082]","""1000,467,1001,349,1,303,2000,283,0,211,2001,128,2,111,1002,98,3000,30,3,25,3001,18,1003,10,2002,7,4,7,4000,1""",1000,1937.13,1937.14
Problem_5Sat3Gs_0_12.json,1.5,1,7,-3.514427,"[-0.9984891853116796, 2.881341375715619]","""2,437,1,437,1001,366,1000,252,0,138,3,122,1002,104,2000,84,2001,52,4,17,3000,13,2002,8,1003,7,3001,5,4000,5,5,1""",1000,2256.78,2256.78
Problem_5Sat3Gs_0_12.json,1.5,1,8,-3.478619,"[-0.4791420481569363, -0.7922229920655017]","""1000,472,1001,389,2000,277,0,269,1,259,2001,134,2,92,1002,63,3000,50,3,20,1003,8,3001,7,2002,4,4000,2,5,1,4,1""",1000,2576.39,2576.39
Problem_5Sat3Gs_0_12.json,1.5,1,9,-3.478618,"[-0.479150054472661, -0.7923874268543123]","""1000,419,1001,387,1,295,0,271,2000,255,2001,141,2,97,1002,77,3000,55,3,23,3001,14,1003,6,2002,5,4000,2,4,1""",1000,2896.19,2896.20
Problem_5Sat3Gs_0_12.json,1.5,1,10,-3.478626,"[-0.4791244100288827, -0.7919951147386132]","""1000,458,1001,365,1,274,2000,266,0,242,2001,129,2,106,1002,94,3000,44,3,27,2002,13,1003,12,3001,11,4000,4,4,3""",1000,3216.95,3216.96
Problem_5Sat3Gs_0_12.json,1.5,2,1,-3.983864,"[0.4865152855749091, -0.9247338720753578, 0.9683000055373442, -2.2526121648032102]","""1000,551,0,521,1,286,1001,207,2000,187,2,151,2001,45,1002,36,3,30,3000,21,1003,6,2002,3,5,2,3001,1,4,1""",1000,493.14,3710.10
Problem_5Sat3Gs_0_12.json,1.5,2,2,-3.886751,"[-2.9962458927956575, -1.727111172415302, -0.3383080965538518, 1.5800170242549114]","""1,603,1001,386,0,344,2,315,1000,175,2000,63,1002,63,2001,31,3000,29,3,27,3001,4,4000,4,4,2,1003,1,2002,1""",1000,967.45,4184.41
Problem_5Sat3Gs_0_12.json,1.5,2,3,-3.775060,"[1.4239896383192567, 0.6152584022851276, 6.993166757217483, -0.07674382495396356]","""1,573,2,403,0,278,1001,259,1000,186,3,148,1002,71,2000,41,2001,39,4,20,3001,10,3000,8,1003,5,2002,5,5,2""",1000,1445.16,4662.12
Problem_5Sat3Gs_0_12.json,1.5,2,4,-4.036435,"[-0.12901011572951024, 1.4364270057704778, 1.4722775315868624, -0.02151276878548374]","""1,612,0,421,2,272,1000,252,1001,218,3,88,2000,57,2001,50,1002,44,3000,20,4,5,2002,3,3001,3,1003,2,5,1""",1000,1920.98,5137.94
Problem_5Sat3Gs_0_12.json,1.5,2,5,-3.865646,"[-0.5048510859483625, 1.8021538585896713, 7.349883977416495, 0.15066904896857633]","""1000,511,0,387,1,334,1001,247,2,183,2000,167,1002,66,2001,56,3000,40,3,40,4,6,1003,5,4000,3,2002,2,3001,1""",1000,2396.46,5613.41
Problem_5Sat3Gs_0_12.json,1.5,2,6,-3.915498,"[0.1581165568493937, -0.13092393141042372, 3.5433859998049106, -1.5691448415661688]","""1,489,1000,406,0,379,1001,326,2,158,2000,143,1002,43,3000,38,2001,36,3,17,4000,6,3001,5,2002,1,1003,1""",1000,2873.56,6090.51
Problem_5Sat3Gs_0_12.json,1.5,2,7,-3.570754,"[-1.6340945678566325, 2.159287000560556, 1.4694229407025525, 1.6170364279471938]","""1,505,2,395,1001,349,1000,223,0,159,3,147,1002,89,2000,81,2001,39,4,28,3000,13,1003,10,2002,6,5,2,4000,2""",1000,3350.92,6567.88
Problem_5Sat3Gs_0_12.json,1.5,2,8,-3.853864,"[-4.083564728985744, -0.6267371029519068, 3.0869122156589572, -1.3347713254555322]","""1,560,2,537,0,337,3,213,1001,142,1000,87,1002,48,2001,45,2000,33,4,21,3000,10,1003,5,3001,4,2002,4,4000,2""",1000,3826.71,7043.67
Problem_5Sat3Gs_0_12.json,1.5,2,9,-3.486227,"[-1.0127260459046128, 0.026900847730174794, 2.7724254242823387, -1.300923806832188]","""1,470,2,391,1001,323,1000,226,0,144,1002,135,3,124,2000,97,2001,62,4,30,3000,21,3001,9,1003,7,2002,6,4000,2,5,1""",1000,4301.99,7518.95
Problem_5Sat3Gs_0_12.json,1.5,2,10,-3.355048,"[-5.511529340903372, 0.5551857513312601, 5.141732095608556, 5.6871004837958194]","""1,441,2,400,3,259,1001,240,0,160,1000,147,1002,127,2001,71,2000,62,4,60,2002,25,3000,25,1003,17,3001,8,4000,5,5,1""",1000,4776.88,7993.83
Problem_5Sat3Gs_0_12.json,1.5,3,1,-3.703287,"[-1.6964430835852602, 2.558915960005037, 0.7281779800500954, 6.958392016443718, -1.305599530484795, -1.495483287079691]","""1,498,0,341,2,289,1001,227,1000,224,2000,105,2001,96,1002,92,3,81,3000,52,4000,19,2002,13,3001,5,4,4,1003,2""",1000,665.64,8659.47
Problem_5Sat3Gs_0_12.json,1.5,3,2,-3.920086,"[-0.04718861830387664, 1.709227778724742, -3.6764141884609196, 2.91336804255239, 2.639842883241014, 6.175988932036586]","""0,426,1,426,1000,416,1001,244,2,199,2000,109,3,93,1002,56,2001,32,3000,15,4,14,1003,10,3001,6,4000,1,2002,1""",1000,1299.30,9293.13
Problem_5Sat3Gs_0_12.json,1.5,3,3,-4.025229,"[1.4564931014869629, -6.979667436858963, 5.627177314966835, 7.357442017628018, -1.9759665664792299, -2.6481705080322717]","""1,553,0,455,1000,320,1001,244,2,206,2000,90,1002,57,3,51,2001,46,2002,10,3000,7,4,3,4000,3,1003,1,3001,1,5,1""",1000,1931.92,9925.75
Problem_5Sat3Gs_0_12.json,1.5,3,4,-3.790647,"[1.3747500106473551, -0.9644380956468214, 1.7049033993623217, -0.47552224011067395, -2.3316449053222343, -7.802262607779789]","""1,418,0,363,1000,312,2,297,1001,289,3,97,1002,90,2000,84,4,41,2001,32,1003,9,3000,9,4000,2,3001,2,2002,2,5,1""",1000,2565.28,10559.11
Problem_5Sat3Gs_0_12.json,1.5,3,5,-3.605107,"[4.536779191142304, -0.7288690582768036, -2.4144175771903185, 1.374056660312295, -6.427699478078833, 1.8868879509861896]","""1,522,2,494,1001,386,0,161,1000,130,1002,120,3,119,2001,50,2000,39,3000,13,4,8,4000,2,3001,2,2002,1,1003,1""",1000,3202.50,11196.33
Problem_5Sat3Gs_0_12.json,1.5,3,6,-3.861675,"[-1.7686309114086929, -6.907898540767615, 5.3713796496273005, -0.286136912784269, -6.098539770177922, -0.49052392759096597]","""1,634,2,352,0,337,1001,208,1000,195,3,109,2000,60,2001,55,1002,53,3000,15,4,11,3001,9,1003,5,4000,3,5,1,2002,1""",1000,3833.56,11827.39
Problem_5Sat3Gs_0_12.json,1.5,3,7,-3.637698,"[-6.824770509143239, -2.3120144506087366, 2.3902667872210097, 5.777526788488618, 2.3420322930450155, -6.307224290740864]","""1,604,2,473,0,247,3,206,1001,165,1002,94,1000,75,4,50,2001,49,2000,40,2002,12,3000,11,1003,10,3001,7,5,3,4000,2""",1000,4452.61,12446.44
Problem_5Sat3Gs_0_12.json,1.5,3,8,-3.764196,"[0.7876921515226664, 0.9426685737975756, 1.4621586393260648, -2.7291844151373894, 4.007091985645328, 1.7883774607752894]","""1,593,2,325,0,280,1001,270,1000,176,1002,111,2000,107,3,102,2001,50,3000,15,1003,7,4,6,3001,3,4000,2,2002,1""",1000,5079.41,13073.24
Problem_5Sat3Gs_0_12.json,1.5,3,9,-3.823612,"[4.842481326254788, 2.2410983400088647, 5.641416396690989, -7.243338903597868, -2.089321665873259, -2.0430875059775517]","""1,471,1000,379,2,301,0,299,1001,296,1002,90,3,76,2000,75,2001,29,4,16,3000,10,1003,4,4000,1,2002,1""",1000,5711.93,13705.76
Problem_5Sat3Gs_0_12.json,1.5,3,10,-3.628204,"[8.671263836909485, -1.0206948874522643, -0.5949587926391702, -1.7269654189607273, 0.03801555584985503, 7.381627492759186]","""1,464,1001,355,2,300,0,255,1000,239,1002,127,3,93,2000,92,2001,65,4,21,1003,16,2002,12,3000,8,5,1""",1000,6340.39,14334.22
Problem_5Sat3Gs_0_12.json,1.5,4,1,-4.186332,"[0.07489568520894799, -5.810243077623219, 5.703699923675344, 2.5658167949676245, 11.16593599622876, 2.121368353574321, -0.8073615517508966, 4.718233603368577]","""0,547,1,472,1000,469,1001,194,2,153,2000,96,3,38,1002,33,2001,18,3000,16,1003,7,2002,3,4000,1,3001,1""",1000,825.26,15159.48
Problem_5Sat3Gs_0_12.json,1.5,4,2,-4.357662,"[2.858442790317148, -8.827542500614639, 6.261856247539569, 0.6897838899939379, 8.943618985006717, -2.5825679477735637, -2.6479708707517924, -0.9055212675888471]","""1,667,0,610,1000,256,2,244,1001,137,3,48,1002,30,2000,29,3000,12,2001,8,4000,2,4,2,1003,2,3001,1""",1000,1611.77,15945.99
Problem_5Sat3Gs_0_12.json,1.5,4,3,-3.937080,"[0.6513864004863493, -5.509571566070411, 5.72038903121466, -0.7122094246085334, 7.96691573238219, 0.29188651004819, -0.8012720292266701, 1.5254338448362537]","""1,641,2,372,0,338,1001,239,1000,179,3,97,2000,63,1002,59,2001,30,4,10,1003,8,3001,5,3000,5,4000,1,2002,1""",1000,2399.19,16733.40
Problem_5Sat3Gs_0_12.json,1.5,4,4,-3.437962,"[1.3767360811643539, -3.6264107637578684, 7.730144161878339, 3.293332111761499, 8.281770823046875, -8.6572200180902, -5.89737775771467, 4.083114906600941]","""1001,401,1000,372,1,266,2,259,0,208,2000,148,3,107,3000,95,2001,86,1002,72,4,12,4000,9,2002,6,3001,5,1003,2""",1000,3189.69,17523.90
Problem_5Sat3Gs_0_12.json,1.5,4,5,-3.617636,"[-0.030480144272410088, -7.554853217751921, 4.958971942810571, -1.0447494201725247, 6.538103585489223, -2.7134504523131344, -2.0687363241315433, 1.1880331603357877]","""1,486,2,451,0,230,1001,225,1000,194,3,160,1002,126,2000,66,2001,38,4,29,3000,15,3001,9,2002,9,1003,5,4000,3,5,2""",1000,3984.53,18318.75
Problem_5Sat3Gs_0_12.json,1.5,4,6,-4.182631,"[0.20192130123495575, -0.5840188838257901, -0.8940348165482032, -0.0722287905634437, 3.5667723532572513, 2.3306305139468755, 0.9689754813448345, 1.9290333468113756]","""0,552,1,493,1000,396,2,201,1001,187,2000,79,3,52,1002,43,2001,19,3000,14,4,5,1003,3,3001,2,2002,1,4000,1""",1000,4780.14,19114.35
Problem_5Sat3Gs_0_12.json,1.5,4,7,-4.058446,"[-1.705698159104734, 5.071329665684517, -1.0618729690733215, 2.7108672878476425, 7.127819510223822, 6.480690598868796, 3.9606381622404725, 0.2255511030168392]","""1,583,1000,474,0,347,1001,244,2,202,2000,80,3,47,1002,27,2001,21,3000,8,4,7,2002,5,1003,3""",1000,5570.16,19904.38
Problem_5Sat3Gs_0_12.json,1.5,4,8,-4.383462,"[-2.9840279937405003, -1.472385372389098, -2.5017596338300083, -0.8375010585139072, 3.239862298297862, 1.4868207987997848, 9.086050939057698, -2.2013732333802625]","""0,733,1,475,1000,340,2,188,1001,162,3,54,2000,46,1002,26,2001,18,3000,5,4,1""",1000,6358.97,20693.18
Problem_5Sat3Gs_0_12.json,1.5,4,9,-3.713996,"[-1.695077707343848, 2.508886498351088, -5.566135630664421, 0.06475165042518799, 1.5923631129224203, 4.051834866871604, 5.766941321633855, -1.9229443114413534]","""1,459,2,348,0,323,1000,282,1001,245,2000,111,3,103,3000,50,2001,49,1002,46,4,18,1003,6,4000,3,3001,3,2002,2""",1000,7147.93,21482.14
Problem_5Sat3Gs_0_12.json,1.5,4,10,-4.174398,"[1.6764560515515743, 1.4919787501100499, -3.075216410494397, -3.764812367376357, 6.0678685868997135, 1.8664029337207706, 7.746805241896576, 2.8459484502096366]","""1,631,0,524,2,323,1000,203,1001,123,3,76,2000,71,2001,36,1002,22,4,16,3000,11,2002,8,1003,3,3001,1""",1000,7939.96,22274.17
Problem_5Sat3Gs_0_12.json,1.5,5,1,-3.654375,"[0.1646534483717627, -0.5854318762861036, -1.322950316458891, -5.621706239555294, 2.3053925622473934, 3.3091000024460517, -1.630496946534805, 13.049021560364977, -0.2647515956602834, 1.944047248574051]","""1,513,2,409,1001,298,0,230,1000,182,3,137,1002,124,2001,59,2000,58,4,13,3000,11,1003,8,2002,2,3001,2,4000,1,5,1""",1000,992.77,23266.94
Problem_5Sat3Gs_0_12.json,1.5,5,2,-4.052660,"[-3.23516967848971, -1.6255351207531454, -2.694867383138933, -0.10969214107839087, -0.9621875532997335, 4.797280179792752, 0.3258587659125229, 8.2728422025222, -1.8469573447366452, 0.05926037101145806]","""1,544,0,431,2,306,1000,291,1001,237,1002,70,3,61,2000,54,2001,29,3000,11,1003,7,4,5,3001,1,2002,1""",1000,1928.94,24203.12
Problem_5Sat3Gs_0_12.json,1.5,5,3,-3.923847,"[-3.0254395789320174, -2.4999453515304237, -2.470653175010181, -4.496205033614713, 1.339959693208206, 3.0947905997238063, -1.9499504411296917, 10.628864391005338, -3.979728870732278, 0.14293100060701222]","""1,609,1000,341,2,295,0,266,1001,256,2000,93,3,67,1002,54,2001,43,3000,17,3001,3,2002,2,1003,1,4,1""",1000,2865.75,25139.92
Problem_5Sat3Gs_0_12.json,1.5,5,4,-3.848480,"[-2.3187207559611234, -2.7833451178451853, -3.3201705854857413, -2.383290177279435, 0.9707252665951172, 2.9162778387665775, 1.5508511140722085, 9.3030886492906, -1.9565390511217153, -0.15342285110171466]","""1,599,0,298,2,284,1001,273,1000,266,2000,139,2001,56,1002,47,3,45,3000,29,4000,4,2002,4,1003,3,4,1""",1000,3807.83,26082.01
Problem_5Sat3Gs_0_12.json,1.5,5,5,-3.672866,"[-1.7746441048327088, -0.5645716174384663, -0.6980073261926745, -3.9513651053580356, 0.7645196741102911, 7.119349789864594, -1.3172493489523445, 10.365322025071398, 0.9824200859004172, 5.137251651267705]","""0,390,1000,342,1,334,1001,278,2,197,2000,158,1002,108,3,76,2001,74,3000,37,4000,17,1003,13,4,10,3001,8,2002,6""",1000,4757.12,27031.29
Problem_5Sat3Gs_0_12.json,1.5,5,6,-3.816059,"[-2.032361184123774, -0.7165318283787933, -3.3739197239003125, -0.7113295510401104, 1.3911933195583466, 2.7180600069638996, 4.265855747288248, 8.215011748891916, -0.5560615621984203, 0.5797070890050152]","""0,484,2,393,1000,347,1,258,1001,212,3,124,2000,87,1002,49,3000,31,2001,29,4,20,2002,8,1003,4,4000,1,3001,1""",1000,5696.02,27970.19
Problem_5Sat3Gs_0_12.json,1.5,5,7,-3.889246,"[-3.6230221565569742, -3.8302566215689042, -1.6640984271667436, -3.6569642984962503, -2.47592926870319, 5.063201855728202, 3.3702431491821194, 10.055787463912333, -0.5285087566796454, -1.830640916368319]","""1,521,0,386,2,358,1000,240,1001,153,2000,132,3,83,1002,54,3000,50,2001,46,4,12,2002,4,3001,3,1003,3,4000,2,5,1""",1000,6644.71,28918.89
Problem_5Sat3Gs_0_12.json,1.5,5,8,-4.289240,"[2.885447759734064, -9.288881033161339, 6.894167056915201, 0.018259830708051043, 0.718871236650514, 8.911479816858389, -1.1728210264207468, -1.4114714383995088, 0.9992502318804427, 1.465698950645843]","""0,613,1,599,1000,288,2,216,1001,145,2000,65,1002,47,3,28,2001,27,3000,8,4,5,2002,3,5,2,1003,1,3001,1""",1000,7587.45,29861.62
Problem_5Sat3Gs_0_12.json,1.5,5,9,-3.846445,"[4.584983170361471, -13.330670423031869, 8.72922376815087, 0.14992778699363538, 0.5624641856634875, 7.5917223924423505, -1.8131788099416417, -2.397346804100727, 3.297014457877413, 4.595724695589365]","""1,475,1000,354,0,353,1001,306,2,245,2000,131,2001,50,1002,49,3,41,3000,27,1003,6,4,4,2002,3,4000,2,3001,2""",1000,8530.42,30804.59
Problem_5Sat3Gs_0_12.json,1.5,5,10,-3.933718,"[7.270325834213858, -7.825506239082512, 10.364814142884237, 0.015627753370868552, -0.7405020431801415, 9.158398112061617, -2.594802536837706, -4.8767931532071165, -2.7622397917458374, 1.7919995988847761]","""1,471,1000,416,0,361,1001,293,2,231,2000,91,1002,65,3,58,2001,33,3000,18,4,4,3001,3,2002,2,1003,2""",1000,9461.30,31735.47
Problem_5Sat3Gs_0_12.json,1.5,6,1,-3.651316,"[1.7343379620301873, -12.764620538892713, 7.9065099482828805, -0.8716693907219316, 1.6356361151921337, 0.853739626193221, 10.284159891927084, -1.269039851558489, -3.8934729396649552, 3.5427238717454035, -2.2905562481397976, 1.7944478329174796]","""1,431,0,414,1001,265,1000,252,2,165,2000,149,2001,122,1002,85,3,75,3000,43,4,13,2002,12,3001,10,1003,9,4000,3""",1000,1149.15,32884.63
Problem_5Sat3Gs_0_12.json,1.5,6,2,-3.772461,"[3.817713820727571, -11.149576158118657, 6.925647845236269, 2.3423036294581077, 1.513896119931043, -0.857355386447105, 6.690087218915978, -2.7331072973999997, -4.590134740973608, 1.2966153152801942, 3.343662288385047, 3.0482309958087552]","""1,628,2,393,0,272,1001,235,1000,153,1002,108,3,98,2001,65,2000,51,3000,21,4,11,3001,5,1003,5,4000,3""",1000,2248.92,33984.40
Problem_5Sat3Gs_0_12.json,1.5,6,3,-3.630801,"[4.1020301116069815, -8.593372086840239, 8.498133416302958, 0.8129684884680006, 1.5711333757809498, -0.025771687662083348, 9.796576765917058, -3.2016913081424585, -2.345069708536238, 1.4337708518541408, -0.021778896191786194, 1.3310512987157532]","""0,357,2,325,1000,323,1,278,1001,231,2000,161,1002,127,3,107,2001,44,3000,38,4,24,1003,14,2002,7,3001,5,5,4,4000,3""",1000,3343.28,35078.75
Problem_5Sat3Gs_0_12.json,1.5,6,4,-3.497549,"[2.2708630659112408, -9.614858113613181, 4.80101386287146, 0.27321288911709457, 3.044962664115402, 4.6061365045636355, 7.469582850548329, -2.878706194130445, -3.297443223139949, 3.400693786904873, 0.4822425930759813, 4.817257751208991]","""1,389,1001,331,1000,313,0,278,2,216,2000,165,1002,126,2001,111,3000,50,3,42,3001,13,4000,6,2002,5,4,3""",1000,4450.48,36185.96
Problem_5Sat3Gs_0_12.json,1.5,6,5,-3.610825,"[-2.061177907789765, -5.494437633435871, 4.351940819155451, 4.235682297250574, -1.898508806991972, 1.4016638531529972, 11.359185580452243, 5.574416165664126, -5.143121053081907, -3.1656269621039312, 2.0048026410675175, -0.31525346646996427]","""1,548,2,359,1001,260,0,248,3,140,1000,138,1002,111,2000,100,2001,49,4,41,3000,22,1003,14,3001,8,2002,5,4000,4,5,1""",1000,5555.50,37290.98
Problem_5Sat3Gs_0_12.json,1.5,6,6,-3.820862,"[-3.1081107808720425, 0.6255062355650027, -5.602952742361084, 3.9282020491780014, 0.9437515971310697, 0.614320400726428, 2.3772483771960857, -1.2884968882223857, 9.299800265322546, -1.8362161124239944, 1.2339255347627565, 3.9910807296366926]","""1,557,0,350,1001,305,2,260,1000,242,2000,85,1002,74,3,66,2001,60,3000,25,3001,9,1003,4,4,4,4000,3,2002,3,5,1""",1000,6660.40,38395.87
Problem_5Sat3Gs_0_12.json,1.5,6,7,-3.386080,"[-3.237320782798423, -0.7062297681301288, -3.0189923132105676, -3.7328113836963617, -1.7836902926561193, 1.3839123221972094, 4.586305691837061, 2.0844424499651066, 9.311402486890866, -2.5368176900008645, -0.28083412282409326, -0.9486478727816003]","""1,344,1001,340,2,264,1000,262,0,232,1002,157,2000,132,3,107,2001,94,3000,62,4,18,1003,10,3001,10,2002,8,4000,7,5,1""",1000,7763.12,39498.59
Problem_5Sat3Gs_0_12.json,1.5,6,8,-3.665821,"[-4.264318609724235, 0.7957562673831862, -0.9411895865450898, -1.687155833432082, -3.7459711635068103, -0.08142740883456975, 3.1313239924376037, 1.7264184624032095, 7.011256362460809, 0.03003498691961503, 1.461261330107947, 1.7500796469506923]","""1,461,1000,329,0,297,1001,214,2,210,2000,150,3,136,1002,105,3000,41,2001,40,4,25,2002,12,4000,10,5,8,1003,8,3001,2""",1000,8861.45,40596.92
Problem_5Sat3Gs_0_12.json,1.5,6,9,-4.021834,"[-1.448591736989972, -1.06126389216795, -3.7869311476852623, -0.18976695253220172, 1.5466542796743254, 1.3690291189953518, 5.48545947177581, 2.126076197027168, 8.343311334003987, -1.719925075275269, 0.4615757783987946, 3.2738560618214807]","""0,558,1000,436,1,385,1001,245,2,116,2000,109,3000,59,1002,55,2001,47,3,26,3001,7,4,2,2002,2,4000,1""",1000,9959.81,41695.28
Problem_5Sat3Gs_0_12.json,1.5,6,10,-3.437535,"[-4.477478203746269, 0.4868514901492764, -3.952145478611342, -0.9823874136798998, 0.2768529247199981, 0.10313962259236382, 6.187412756624418, 0.5468301576777874, 8.017900725985907, -3.471032641270534, 0.2603585367172867, 0.9000042681282057]","""1,346,2,335,1000,293,1001,285,0,207,2000,168,1002,116,3,91,2001,76,3000,51,4,34,1003,20,2002,17,3001,5,4000,3,5,1""",1000,11058.71,42794.19
Problem_5Sat3Gs_0_12.json,1.5,7,1,-3.574411,"[-2.228967429403482, 0.15164429982881622, -3.1212157550483526, -0.8553597286830145, 2.3410806202858008, -1.4743275105422844, 2.5494698824960156, 2.5948137561694904, -0.5584950444686653, 6.558755953081924, 1.7030918043430352, 2.6834266424520847, 5.469012418571879, 3.582912672525531]","""1,497,1001,440,2,272,1000,240,0,209,1002,106,3,80,2000,77,2001,57,3000,38,4,9,2002,7,3001,7,1003,6,4000,3""",1000,1322.42,44116.61
Problem_5Sat3Gs_0_12.json,1.5,7,2,-3.719101,"[0.2789608565158348, 0.5878415510706195, -3.9901595496710054, 0.02721585027759572, 0.7477182981225213, 1.5739784421570753, 1.631655844013904, 3.1026935534365916, 3.919270708416265, 6.70199150907224, 0.46786070563531895, 1.8122651381240056, 1.3827197635787574, 0.7049839710081746]","""1000,637,0,394,2000,256,1,205,1001,189,2,120,3000,74,2001,71,1002,57,3,22,1003,9,4000,6,3001,3,4,3,2002,2""",1000,2566.83,45361.02
Problem_5Sat3Gs_0_12.json,1.5,7,3,-3.827864,"[-0.688610030599035, -1.3441430202575513, -4.658921890970277, -0.8399294901016965, 3.2147360772508136, 1.5140998577996638, 0.6060035200554963, 5.502370502224482, 2.9333873287462047, 5.789603504841341, -1.3871998775379872, 1.740233128619402, 2.1191611241210615, 0.8308281648209823]","""1,448,1000,361,0,351,1001,265,2,240,2000,126,1002,76,2001,64,3,60,3000,29,4,13,1003,7,3001,5,2002,3""",1000,3829.27,46623.45
Problem_5Sat3Gs_0_12.json,1.5,7,4,-3.761360,"[0.04671390027724403, -2.1295677518056375, -1.5753760970985384, 0.9727206251004453, -0.25059924091342417, 3.409797418646939, 0.9859487378569814, 6.934706004366687, 1.5653366564082245, 5.959391807334486, -1.3347458556808847, 2.211538494970284, 4.719754422323685, 1.8152582292538795]","""1,534,1000,448,2,276,1001,247,0,231,1002,98,3,76,2000,58,2001,34,3000,21,4,14,3001,4,4000,3,1003,3,2002,1""",1000,5087.77,47881.96
Problem_5Sat3Gs_0_12.json,1.5,7,5,-3.814075,"[-2.3472315531354377, -2.5677923226294963, -3.2582753615890674, -1.2504705232324362, -0.787953578922736, -0.9394148867367323, 1.479349389491628, 2.299855878968555, 2.0951141297178553, 5.272979442086825, 1.1478367812048116, -0.132942553709548, -2.480440879137271, -0.6366898862411231]","""1,585,2,389,1001,336,0,272,1000,158,2000,97,3,89,2001,48,1002,39,3000,15,4,8,4000,5,3001,5,2002,1,1003,1""",1000,6340.10,49134.29
Problem_5Sat3Gs_0_12.json,1.5,7,6,-3.259782,"[-4.15016309200317, -2.2633261513667473, -4.633351063052712, 5.657305596699347, -1.0901739436529014, 2.311231622233475, -1.3899882812114805, 2.2671188082864777, -2.3598458165166196, 7.822923828634665, -0.3669043974464064, 1.995212699815104, 4.751631953827749, -0.38622960848594007]","""1,372,1001,315,2,300,1000,268,3,148,1002,146,2000,131,0,116,2001,116,4,39,2002,32,3000,23,1003,20,3001,9,4000,7,5,6""",1000,7599.34,50393.53
Problem_5Sat3Gs_0_12.json,1.5,7,7,-3.330106,"[-2.7668179434534323, 3.095472409536506, -5.792447199745376, 9.597623606987517, -3.096999288853686, -2.120094968701064, 2.4872762099472876, 3.6114021990291763, -0.31452491867870036, 5.467612223999395, -2.159249420232146, 4.153350366190664, 9.887366718961774, -1.5578150019410515]","""1001,331,1,284,2,274,1000,272,0,212,1002,174,3,126,2000,119,2001,86,3000,58,4,40,2002,26,1003,21,3001,15,4000,9,5,1""",1000,8854.01,51648.20
Problem_5Sat3Gs_0_12.json,1.5,7,8,-3.388651,"[-3.2392731665319046, 1.0746330915564404, -3.657605611252108, 3.060358391395603, 4.3286650154807, -2.2503932366414405, 0.6009703710825286, 0.358567537382348, -1.462930090181693, 6.5584990590505505, -0.11092019263549642, 3.8886694052668123, 9.72397256068759, 1.2994264994977798]","""2,439,1,435,1001,278,0,187,3,166,1000,157,1002,147,2001,74,2000,51,4,37,2002,26,3000,23,1003,18,4000,4,5,4,3001,2""",1000,10106.03,52900.22
Problem_5Sat3Gs_0_12.json,1.5,7,9,-4.053849,"[4.88242527713757, -10.053199288249264, 7.0234152080731915, 3.2292401003764133, 0.05886481299535317, 0.01900217986892256, 0.02231841950232711, 5.1823662432457445, -6.052115468919927, -5.93169185543963, 0.6809707715467384, 4.883786995251948, 1.6907051699963596, 2.359645722173146]","""0,563,1000,557,1,286,2000,203,1001,167,2,126,1002,61,3000,37,2001,26,3,17,1003,2,4,1,2002,1,4000,1""",1000,11365.01,54159.19
Problem_5Sat3Gs_0_12.json,1.5,7,10,-3.599677,"[3.124058654292991, -9.902535983934879, 10.372196054741195, 1.672479374282289, 3.6418118774697943, -3.7048069036410123, -2.4098746755936604, 10.877891359359563, -4.911285872665441, -9.123864276067518, -1.3771766604301194, 0.5579837073140297, 0.7457177332994627, -0.9779758257021871]","""1,418,1000,345,0,289,1001,277,2,267,2000,102,2001,93,1002,78,3000,73,3,72,3001,10,1003,8,2002,8,4,5,4000,2,5,1""",1000,12632.99,55427.18
Problem_5Sat3Gs_0_12.json,1.5,8,1,-3.333587,"[6.945389256795196, -10.370324480981756, 8.585425766093989, 6.336743592491062, 1.373710255530175, -1.163714665130361, -0.7955092664518225, -0.5516406994408639, 1.960527173163804, -2.398710242356004, -3.6385094940429297, 1.1356278939100883, 6.075066800567522, 2.4863233437587904, 2.7645323215289, 2.290513456875359]","""1,476,1001,373,2,229,1000,213,3,167,0,145,1002,132,2001,124,2000,75,3001,31,2002,27,4,25,3000,14,1003,12,4000,4,5,1""",1000,1486.15,56913.32
Problem_5Sat3Gs_0_12.json,1.5,8,2,-3.140447,"[7.275633439524941, -8.566103015044868, 6.890393188297193, 2.7219137886403795, -2.470381398925248, 0.7133606709008663, -0.723844217589113, -2.1642832367995406, 5.945997269800567, -7.979636501163354, -7.781535937883311, -1.0573292649191701, 2.7037925707501156, 1.9453534501938121, 0.9333821469835689, -2.2072322854922044]","""2,464,1,328,3,206,1001,204,1000,152,2000,141,1002,134,2001,132,0,118,3000,60,4,47,2002,32,1003,17,4000,8,3001,3,5,2""",1000,2889.42,58316.59
Problem_5Sat3Gs_0_12.json,1.5,8,3,-2.926936,"[4.692736408452907, -6.243675450194328, 7.603606457825726, 2.0211088028394957, 0.08190580327428972, -0.37111855321723963, -0.05336298601147535, -0.34283440777107144, 6.4993471824450495, -5.693109988857904, -6.097989204440545, 1.9362773473982113, 4.263277458129654, 2.118472434796292, 3.284164782674835, -5.306409972756706]","""2,369,1001,316,1,307,1002,289,3,211,2001,144,2000,112,3000,72,1000,59,1003,46,4000,38,0,35,4,30,2002,17,3001,3""",1000,4293.41,59720.58
Problem_5Sat3Gs_0_12.json,1.5,8,4,-3.204502,"[4.022345993149534, -10.028361600750523, 6.105039083009091, 1.0307059380963184, 1.1431692969483171, 4.177291935764231, -1.0338494272763137, -3.005732463671343, 6.748129065293298, -4.493676936662212, -3.8084639704667933, 1.476004835626411, 4.85300904347271, 1.016337547122535, 7.130170291577532, 3.0375760188311993]","""1,450,2,401,1001,365,3,202,2000,144,1002,138,1000,118,2001,87,0,38,3000,35,4,34,1003,21,2002,10,3001,4,5,1""",1000,5716.35,61143.53
Problem_5Sat3Gs_0_12.json,1.5,8,5,-3.680418,"[4.964647519565408, -7.164813710989422, 6.140490413505137, 5.9695991768691075, 1.9136591098606415, -0.5015400958025428, -2.405329878169795, 0.8822089326823219, 4.011958615693504, -6.587852887987068, -6.864793412922494, 0.4023187374102019, 0.2258817177785162, 5.357922204718753, -2.2613172881264694, -2.975244621141123]","""1,494,2,354,0,262,1000,250,1001,236,3,124,1002,108,2000,80,2001,55,3000,45,4,17,2002,9,1003,6,3001,6,4000,1,5,1""",1000,7125.39,62552.57
Problem_5Sat3Gs_0_12.json,1.5,8,6,-2.880446,"[1.7049781787373681, -8.061710685574383, 4.118048419306286, 3.0302529141642327, 0.5389731336075795, -1.7389142631957402, 0.8541738063174033, -2.473654116560056, 4.568537722229408, -9.641100549358788, -5.528386477207661, -1.2121526537362288, 1.9884280153935086, 5.031073542930395, 4.718888521599084, 0.2584959367930871]","""2,536,1001,301,3,286,1,230,1002,196,4,115,2001,113,2000,91,1000,71,1003,34,3000,23,5,17,2002,12,0,10,3001,9,4000,4""",1000,8552.51,63979.69
Problem_5Sat3Gs_0_12.json,1.5,8,7,-3.091894,"[5.840589132795189, 2.1430609923796586, -3.825611007465275, 1.7353114479773457, 2.084705630405108, 2.4407862202895636, 2.2666441463536247, -1.625087787492358, 5.361769623852948, 3.8374272475810707, 6.830973842463625, 3.055188823631112, 3.696510604177802, 6.221199355820189, -6.158483779583757, 3.1092869380716017]","""2,350,1001,297,1000,215,1002,211,1,195,2000,191,3,157,0,156,3000,112,2001,109,1003,17,2002,15,4,11,4000,7,3001,5""",1000,9975.08,65402.26
Problem_5Sat3Gs_0_12.json,1.5,8,8,-3.530552,"[-1.680119344240429, 0.06493401861860926, -3.987119664650939, -1.1864087248564652, 4.414647944496897, 1.6209407754009129, 0.973901472894329, 0.9334442757096751, 5.771019497432677, 2.960641451403942, 6.463405778568212, -1.3906605847414282, -0.09997790845820279, 3.2436930285970873, 1.9486482842182022, 2.5738898148217166]","""1,395,1001,388,1000,337,0,224,2,221,2000,138,2001,114,1002,92,3,76,3000,36,1003,10,4,8,3001,3,2002,2,5,2,4000,2""",1000,11396.73,66823.90
Problem_5Sat3Gs_0_12.json,1.5,8,9,-3.120196,"[0.032996673611568064, -1.6007487960165894, -1.7983472650590335, -0.41024676911042235, 2.738400398323343, 3.7857006707040033, 2.318661146142477, -2.3768545136705685, 10.407414447883857, 0.7774156561040444, 5.453218363261119, -3.7235421613428152, -0.204368925781164, 1.1500167760620328, 1.84582096789353, 0.30090357121190375]","""2,405,1,354,1001,293,1002,204,3,191,0,125,1000,117,2001,114,2000,70,2002,38,3000,36,3001,35,1003,32,4,23,4000,10,5,1""",1000,12801.56,68228.74
Problem_5Sat3Gs_0_12.json,1.5,8,10,-3.187680,"[-1.8647809798965065, 0.40974385040487143, -5.206877557224208, 0.5408572669025322, 3.1140045617554506, 2.300831029871542, 1.0689811436583854, -0.15340524940487205, 5.595784479027178, 3.782136695040797, 7.092518834811142, -0.4703222876577032, 1.024843909531073, 1.5057904607489252, -1.595799324973388, 5.526919588772965]","""1001,366,2,342,1,269,1000,216,1002,165,3,154,0,152,2001,130,2000,89,3000,76,1003,30,3001,25,2002,14,4,12,5,4,4000,4""",1000,14215.92,69643.10
Problem_5Sat3Gs_1_4.json,1.5,1,1,-5.501113,"[2.1227335516304926, -3.327548250621213]","""2001,323,1002,232,1001,222,2,217,3000,152,3001,148,3,142,4000,94,1,91,1003,82,2000,73,1000,70,5000,52,2002,43,4,34,3002,27,6000,16,5,15,5001,8,6001,5,9000,2""",1000,432.14,432.14
Problem_5Sat3Gs_1_4.json,1.5,1,2,-5.268711,"[6.1420063913125365, 2.006620275446406]","""2001,290,2,290,3001,269,1002,201,3,199,3000,196,1001,124,1003,83,1,79,2000,68,4,46,5000,43,9000,34,4000,30,2002,29,1000,26,6000,16,5001,10,6001,8,3002,4,5,3""",1000,838.08,838.09
Problem_5Sat3Gs_1_4.json,1.5,1,3,-5.918555,"[-1.776017970008313, 0.7247820727234189]","""3,566,1002,365,2,287,4,218,1001,147,2001,109,1003,61,3001,61,1,49,2002,29,3000,27,3002,26,2000,21,5000,17,6000,15,1000,13,5,11,4000,8,6001,8,5001,7,9000,3""",1000,1248.57,1248.57
Problem_5Sat3Gs_1_4.json,1.5,1,4,-5.131645,"[4.071494507903448, -2.2353610938210213]","""1002,458,3001,258,2001,227,3,223,1001,180,2,128,4,80,4000,70,3000,60,5000,58,2000,56,6000,54,3002,37,1,33,2002,32,1003,29,5001,23,6001,14,1000,10,5,10,9000,8""",1000,1656.10,1656.10
Problem_5Sat3Gs_1_4.json,1.5,1,5,-5.193634,"[8.811073016816904, 6.172951089034758]","""1002,415,1001,291,2001,289,3,175,3001,145,3000,114,1003,86,4,81,2,75,4000,66,6000,58,2000,47,5000,42,5001,34,3002,33,2002,32,1000,30,5,19,9000,8,6001,5,1,3""",1000,2073.33,2073.33
Problem_5Sat3Gs_1_4.json,1.5,1,6,-5.501113,"[1.0188591402690972, 3.327548903091563]","""2001,331,2,239,1002,213,1001,211,3,162,3001,143,3000,125,4000,101,1,93,1003,92,5000,75,2000,73,1000,52,4,48,2002,25,3002,21,5001,13,6000,13,5,12,9000,5,6001,1""",1000,2487.49,2487.49
Problem_5Sat3Gs_1_4.json,1.5,1,7,-5.131659,"[5.353279003488627, 2.235580794223767]","""1002,456,3001,249,2001,245,3,222,1001,190,2,111,4000,71,4,67,3000,65,5000,57,2000,49,6000,43,3002,42,2002,33,1003,31,1,30,5001,27,1000,21,5,16,6001,16,9000,7""",1000,2901.43,2901.44
Problem_5Sat3Gs_1_4.json,1.5,1,8,-5.410455,"[2.203044034332255, -0.15561320567777387]","""4,659,3,473,1003,234,1002,221,5,165,2,88,3002,51,1001,39,3001,38,2001,31,2002,12,5000,11,6001,6,3000,5,5001,4,1000,3,4000,3,6000,2,1,2,2000,1""",1000,3312.14,3312.14
Problem_5Sat3Gs_1_4.json,1.5,1,9,-5.131657,"[2.2117519815951336, 2.2355684726458174]","""1002,503,3001,236,2001,209,3,191,1001,184,2,141,4000,69,4,69,3000,64,2000,53,1,47,5000,43,3002,42,1003,39,6000,38,2002,36,5001,27,6001,16,5,16,1000,16,9000,9""",1000,3722.01,3722.01
Problem_5Sat3Gs_1_4.json,1.5,1,10,-5.131652,"[2.2117255415274912, 2.235479985780201]","""1002,475,3001,240,2001,226,3,219,1001,190,2,120,4,76,4000,64,3000,60,2000,58,5000,48,6000,45,1,38,1003,36,3002,36,2002,34,1000,28,5001,21,5,15,6001,13,9000,6""",1000,4132.48,4132.49
Problem_5Sat3Gs_1_4.json,1.5,2,1,-5.806890,"[-1.3260090129059956, -0.8730243680078081, 0.3374229539020168, 1.4242936045717893]","""1002,582,3,433,1001,245,4,234,2001,137,2,125,1003,69,3001,39,3000,37,1000,26,2000,22,3002,22,1,18,4000,18,5001,9,5,9,5000,7,6000,6,2002,4,6001,3,9000,3""",1000,673.95,4806.43
Problem_5Sat3Gs_1_4.json,1.5,2,2,-5.780641,"[-0.5715005162740003, 0.7484622380817662, 5.0148675695543465, -1.4012118633143082]","""3,485,2,310,1002,280,4,190,1001,147,2001,138,3001,126,1,82,1003,67,3000,67,4000,32,6000,26,2000,24,5,20,5000,15,1000,12,3002,11,2002,6,6001,5,5001,3,9000,2""",1000,1312.31,5444.79
Problem_5Sat3Gs_1_4.json,1.5,2,3,-6.048398,"[-0.7084445911214299, 2.189152620440922, 4.706258361332422, 0.4227478122721357]","""3,461,1002,433,1001,287,2,276,2001,190,4,129,3000,54,1,50,3001,43,1003,29,2000,28,4000,16,6000,10,1000,10,5000,9,3002,8,5,8,5001,3,2002,2,6001,1,9000,1""",1000,1947.49,6079.98
Problem_5Sat3Gs_1_4.json,1.5,2,4,-5.769870,"[1.0326964669587768, -0.8101667411680411, 3.43279850411093, 0.5486483495024532]","""1002,354,1001,349,2001,314,2,171,3,126,2000,124,3000,120,1,104,4000,80,1000,67,3001,64,4,50,1003,41,5000,27,2002,15,6000,13,5001,11,3002,7,9000,5,6001,4,5,2""",1000,2590.45,6722.94
Problem_5Sat3Gs_1_4.json,1.5,2,5,-5.489291,"[3.881724826431355, 0.16339565609968126, -1.6249879729238477, 2.862113717059431]","""1002,423,2001,271,2,219,1001,187,3001,161,3,120,1003,112,1,95,4,86,3002,74,3000,64,2000,50,5000,41,4000,36,2002,29,5001,20,5,19,1000,18,6000,17,9000,4,6001,2""",1000,3235.01,7367.50
Problem_5Sat3Gs_1_4.json,1.5,2,6,-5.445476,"[1.612381157826538, -0.9298430954921593, -1.35751146014223, -1.8452737898548917]","""2001,385,1001,236,1002,231,2,230,3000,181,3001,165,1,112,4000,107,1003,76,3,68,5000,46,2000,41,2002,41,1000,37,3002,31,4,24,5001,14,6001,10,6000,9,5,2,9000,2""",1000,3880.79,8013.27
Problem_5Sat3Gs_1_4.json,1.5,2,7,-5.399941,"[1.7229452593634675, 0.09391852194304937, -1.8081295802997144, 0.00668874239851156]","""2,261,3000,207,1002,205,3,203,1001,186,2001,180,3001,171,1,135,6000,94,2000,77,4,69,5000,65,4000,38,1003,33,3002,32,2002,31,1000,25,5,14,9000,10,5001,8,6001,4""",1000,4524.40,8656.89
Problem_5Sat3Gs_1_4.json,1.5,2,8,-5.864428,"[3.738034991685821, 3.0685990100697054, -4.590321221713109, 1.9996088763643327]","""3,644,1002,357,2,315,4,269,1003,104,1001,86,2001,64,3001,64,1,32,3002,28,2002,19,3000,17,4000,13,5001,11,5,9,6001,9,1000,2,9000,2,5000,2,6000,1""",1000,5163.68,9296.16
Problem_5Sat3Gs_1_4.json,1.5,2,9,-5.820154,"[2.110020667629852, -0.6996934237932896, -3.5875273596098, 0.8585664932900695]","""1002,432,1001,403,2001,268,2,163,3000,131,3,129,1,97,2000,90,3001,81,4000,77,1000,58,1003,31,4,25,5000,13,5001,12,2002,11,6000,10,3002,10,9000,4,5,2,6001,1""",1000,5808.41,9940.89
Problem_5Sat3Gs_1_4.json,1.5,2,10,-5.243787,"[0.9601224654669672, -1.6764438504071613, -2.141061864590734, -0.23396882755433893]","""1002,510,2001,301,1001,174,3,162,3001,155,2,114,3000,113,4,93,5000,65,3002,63,1,55,4000,50,2002,38,1003,32,2000,31,6000,30,5001,26,1000,24,5,8,6001,4""",1000,6450.48,10582.96
Problem_5Sat3Gs_1_4.json,1.5,3,1,-5.706274,"[-0.9419470704734783, 1.6317495916032898, -0.015669570858069633, 3.595381593504346, -2.21245187007943, 0.3045118943161206]","""1002,516,3,359,2,290,2001,257,1001,151,3001,110,4,79,3000,79,1003,73,4000,25,5000,21,5,17,1,17,2002,16,3002,16,6000,8,2000,7,1000,3,5001,2,6001,1,9000,1""",1000,914.71,11497.67
Problem_5Sat3Gs_1_4.json,1.5,3,2,-5.229074,"[-0.34414832116807215, 2.3634666437022247, 1.2848341322260188, 6.209553039177252, 0.9646334947008772, 3.246498737095971]","""1002,389,3,232,2001,219,2,185,1001,164,3001,118,3000,101,4,96,1003,76,5000,70,3002,65,5001,48,1000,44,4000,43,1,42,2000,40,6000,39,5,28,9000,18,6001,17,2002,14""",1000,1782.88,12365.85
Problem_5Sat3Gs_1_4.json,1.5,3,3,-5.268043,"[0.30155366233157127, 0.8926950529989641, -0.15872642185506103, 6.229471752197866, -1.2729730690652665, -0.7144422891500952]","""1002,426,2001,263,2,203,3,200,1001,194,3001,143,1003,125,3002,92,2002,70,3000,67,4,60,2000,57,5000,46,5001,38,1,16,4000,16,6000,14,9000,6,1000,6,6001,3,5,3""",1000,2647.54,13230.50
Problem_5Sat3Gs_1_4.json,1.5,3,4,-5.661980,"[-3.353725149055328, 3.2391770423513044, -2.049080231593373, 3.425758115992269, 0.04066948854826439, 0.08537597096072828]","""3,396,1002,328,2,253,2001,208,1001,144,1003,128,4,105,3001,102,3000,66,1,60,2000,54,4000,43,5000,31,1000,29,3002,26,5,26,6000,16,5001,16,2002,9,6001,6,9000,2""",1000,3520.75,14103.71
Problem_5Sat3Gs_1_4.json,1.5,3,5,-5.688191,"[10.810459140644474, 2.397451001726009, 0.7003066956587768, 1.0791863972903442, 11.934232244215247, -6.528027315233275]","""1002,438,1001,353,3,258,2,167,2001,139,3001,112,3000,110,1,88,4,69,2000,55,4000,55,5000,55,1000,55,6000,22,1003,20,3002,20,2002,18,5001,14""",1000,4390.54,14973.50
Problem_5Sat3Gs_1_4.json,1.5,3,6,-5.427862,"[1.455828255576095, -1.0658226273328164, -10.50124304878007, 2.2197699690083494, 12.344029916218593, -4.636257459160591]","""1002,316,3,247,2001,221,2,218,1001,192,4,182,3000,119,1003,97,3001,70,5000,65,2000,63,4000,44,5,39,1,36,2002,33,3002,27,1000,27,5001,23,9000,13,6001,9,6000,7""",1000,5266.43,15849.39
Problem_5Sat3Gs_1_4.json,1.5,3,7,-5.302399,"[2.140178455730903, 7.55480814310621, -1.5544711252246248, -2.013998081769688, -0.2770516937109704, -6.66642813988073]","""2001,323,1002,311,1001,252,2,157,4,144,1000,109,5000,107,2000,107,3,106,3000,78,5001,61,3001,55,1003,53,3002,45,6000,27,2002,27,4000,24,1,22,6001,18,9000,14,5,8""",1000,6137.38,16720.34
Problem_5Sat3Gs_1_4.json,1.5,3,8,-5.441807,"[-0.3075015405955694, 1.9789577784075703, -4.341106600200187, -6.301586256165282, 5.674061297631574, -0.35069365734463204]","""1002,253,3,251,1001,167,3000,166,2,166,2001,156,1003,142,3001,113,2000,107,2002,80,1000,78,4,72,1,69,3002,63,5000,61,6000,42,5001,24,5,15,9000,11,6001,7,4000,5""",1000,7020.37,17603.34
Problem_5Sat3Gs_1_4.json,1.5,3,9,-5.699628,"[4.646359812857011, 5.288439310613994, 1.6347880914741653, -6.1720854316252245, 2.8464585870338004, 1.2405171640025345]","""2001,332,1001,304,1002,259,2,206,3000,122,3001,120,3,118,2000,108,1000,98,4000,85,1,69,1003,57,4,48,2002,43,3002,25,6000,19,5001,14,5000,9,6001,9,9000,2,5,1""",1000,7897.95,18480.92
Problem_5Sat3Gs_1_4.json,1.5,3,10,-5.753788,"[7.213189713495053, -0.540081372134351, 1.8015547470224964, -3.8684127802024166, 1.4223855516085908, 4.191587570815825]","""1002,325,1001,258,3,239,2,228,2001,198,1003,156,1,145,3001,142,4,99,2002,54,3000,44,3002,42,2000,31,5000,19,5,16,1000,16,5001,12,6001,11,4000,10,6000,2,9000,1""",1000,8775.23,19358.19
Problem_5Sat3Gs_1_4.json,1.5,4,1,-6.339133,"[4.979413452609763, 0.9224189040983158, 4.033038940004227, -3.0438752505762556, -0.2784452726028299, 3.8500980664313227, 3.809918477361056, -2.960745966801328]","""1002,479,3,473,2,398,1001,245,1,145,2001,77,4,77,3001,34,1003,33,1000,24,3000,19,4000,12,3002,8,5,7,2002,7,2000,4,5000,3,6001,2,5001,1""",1000,1160.67,20518.86
Problem_5Sat3Gs_1_4.json,1.5,4,2,-5.314220,"[9.0959625240861, -0.9960609671973838, 2.4499726446721746, -0.30130759571001237, -6.300832698796552, 1.0213589990400493, 4.722648661692355, 0.2609504802048993]","""1002,268,2001,243,3,213,2,211,4,189,1,123,3002,123,1003,120,1001,102,5000,85,3001,78,3000,57,5001,57,1000,55,5,41,2002,28,4000,17,2000,17,9000,16,6001,5""",1000,2265.48,21623.67
Problem_5Sat3Gs_1_4.json,1.5,4,3,-5.961032,"[9.405631454191159, -1.0501438395261196, -0.6075060546710541, -1.547071092413148, -6.189131635500097, 2.4862141535424995, 3.7564333728635533, -2.054805911675062]","""3,869,4,417,2,322,1002,117,1003,101,1001,40,3001,37,2001,35,1,32,3000,17,3002,15,4000,8,5,8,1000,7,2002,6,2000,5,6000,4,9000,2,5001,2,5000,2,6001,2""",1000,3353.66,22711.85
Problem_5Sat3Gs_1_4.json,1.5,4,4,-5.423297,"[7.4829983698126625, 1.6983947185858654, -0.9828117044999922, 1.2644500611223215, -6.500594654821365, 4.8487896845000655, 4.390495248578345, -2.327667962672791]","""1002,418,2,293,3,221,2001,201,3001,137,1001,125,3000,94,3002,88,1000,73,1,64,4,64,2002,60,5000,46,1003,45,5001,43,6001,32,4000,17,2000,12,6000,7,9000,7,5,1""",1000,4460.57,23818.76
Problem_5Sat3Gs_1_4.json,1.5,4,5,-5.443251,"[0.6078298427234579, -5.713671028875641, 10.98783442301386, 6.217489169241231, 0.853942980260853, 10.424066908585045, 11.491432318488387, 0.620760026503741]","""1002,296,2001,240,1001,211,3001,171,1000,149,3000,147,2,133,2000,132,3,121,4000,89,3002,69,1003,63,2002,57,4,53,1,51,5000,31,5,12,6000,9,5001,6,6001,5,9000,3""",1000,5564.47,24922.66
Problem_5Sat3Gs_1_4.json,1.5,4,6,-5.546083,"[7.397169608741508, -0.6154891918195204, -3.708133303430784, -1.7659037200164585, -1.764038202522215, 0.4137252403320219, 4.444021161876708, -3.1948561594080647]","""1002,334,2,232,2001,227,1001,210,3,207,3001,154,1,103,1003,94,3000,83,4,81,2000,76,4000,47,2002,43,3002,41,5000,37,6000,28,1000,25,5001,12,6001,9,9000,3,5,2""",1000,6674.83,26033.02
Problem_5Sat3Gs_1_4.json,1.5,4,7,-5.311891,"[4.168283103890555, -0.6636664719020403, 1.5738362713175873, 2.1606417912684273, -2.1857550123964278, 0.5108656503160666, 1.605174507797247, 0.06409984740133623]","""1002,391,2001,231,3001,220,2,199,3,183,1001,147,1003,130,3000,89,4000,88,4,67,5000,54,1000,51,3002,47,1,37,2000,33,2002,25,5001,19,6001,16,5,10,6000,8,9000,3""",1000,7778.64,27136.83
Problem_5Sat3Gs_1_4.json,1.5,4,8,-6.090080,"[1.4179491188368616, -4.860972229814671, 6.222527089555145, 6.320927758673289, 0.3201164310996736, 0.6718705529906988, 0.8065272659718303, -3.6095871150519963]","""2,597,4,380,3,347,1002,175,1,153,3001,87,1003,81,1001,46,2001,38,3000,31,2000,30,5,17,4000,17,3002,16,5000,10,5001,8,2002,6,6001,5,1000,2,6000,2""",1000,8883.43,28241.62
Problem_5Sat3Gs_1_4.json,1.5,4,9,-5.576930,"[0.9777060443999787, -0.4215366820344323, -4.423788423462652, -1.5925240552650752, 4.5895609122493894, 1.7995156968115897, -4.044791685993637, 1.3040342244990475]","""1002,382,3,356,2,351,1001,153,4,119,3002,113,2001,103,1003,101,3001,94,1,54,3000,46,5000,39,2000,22,5,21,2002,19,6001,19,5001,18,9000,17,4000,13,1000,7,6000,1""",1000,9986.71,29344.90
Problem_5Sat3Gs_1_4.json,1.5,4,10,-5.815585,"[-0.14281010002414674, 1.0912042018471133, 0.00345500429598626, 0.7981370400944933, 3.2211615114074075, 0.3428897878796108, 1.1744230927380934, 0.27969240085630565]","""1002,488,3,235,2,233,1001,222,2001,206,1003,125,3000,109,4,95,1,75,2000,63,1000,35,3001,35,4000,35,5000,25,2002,23,3002,15,6000,10,6001,7,5001,6,9000,4,5,2""",1000,11103.31,30461.50
Problem_5Sat3Gs_1_4.json,1.5,5,1,-5.388653,"[3.509316796956787, 0.7864885407081423, 3.332036618364505, -5.5325405443210744, -1.587913876110543, -1.4498461027762108, 6.805967130445978, 2.284717203518823, -1.1106493370687678, -2.185566032825144]","""1002,283,1001,272,3,198,2,197,2001,158,3000,155,3001,130,1,112,1003,105,5000,95,3002,70,4,68,2000,54,5001,39,9000,23,4000,20,5,20,1000,18,2002,14,6000,11,6001,6""",1000,1407.57,31869.07
Problem_5Sat3Gs_1_4.json,1.5,5,2,-5.630623,"[6.8564418111871195, -0.04080650361864431, 5.410899053682861, -2.7199019752018776, 0.23976917991581928, -0.8297558708763568, 2.8390287969085763, 2.3012953540569443, -2.6307405855833554, 0.0740227567339736]","""1002,358,2,297,1001,262,3,212,2001,166,3001,161,4,111,1003,74,3000,73,5000,68,2000,53,1000,49,3002,43,2002,32,1,27,5001,26,4000,18,6000,10,6001,5,5,2,9000,1""",1000,2735.30,33196.80
Problem_5Sat3Gs_1_4.json,1.5,5,3,-5.821845,"[5.611742364457147, 0.5277343154255565, 5.729349258416274, 0.02280059608044275, -1.4893293638992344, 0.8982299899018866, 5.151604597089124, 4.832481333668454, -1.9495917856275489, 1.2777542667892257]","""1002,351,3,315,2,279,1001,243,4,122,1,108,3001,98,2001,98,1003,95,3000,78,2000,52,2002,45,5001,39,5000,30,4000,28,1000,23,3002,18,5,11,6001,9,9000,3,6000,3""",1000,4075.87,34537.38
Problem_5Sat3Gs_1_4.json,1.5,5,4,-5.613492,"[6.475142050184437, 1.3367255959531106, 3.3202800651480406, -0.7401819913777976, 0.035298819915442134, 1.5906484012331197, 4.581095001865788, 4.286736554460082, -3.6961110623623337, 1.233048578660869]","""1002,430,2,241,3,231,1001,196,1003,166,2001,139,4,125,1,105,3001,96,3002,63,3000,52,5000,41,6000,35,2002,25,2000,25,1000,24,4000,23,5001,14,5,8,6001,5,9000,4""",1000,5423.07,35884.58
Problem_5Sat3Gs_1_4.json,1.5,5,5,-5.983783,"[1.0053631772482559, -5.719701073002899, 4.764432383930758, 6.295550916640994, 2.352509239100369, 3.633183233500542, -0.9290215769637578, -0.4464007820730812, -5.133731727486938, 1.3838671169691474]","""1001,317,2001,313,2,306,1002,272,3,145,2000,101,1000,99,3000,98,1,95,3001,86,4,72,4000,41,1003,40,5000,17,2002,11,6001,10,3002,9,6000,7,5,5,5001,4""",1000,6750.89,37212.39
Problem_5Sat3Gs_1_4.json,1.5,5,6,-5.485246,"[-1.0350604789473405, -1.5079604128539623, 5.189037306620938, 4.918053412070061, -0.26757437971460446, 2.1335243764129603, 2.711124659174186, 1.2724289501221189, -2.3845546795504635, 0.4800528336801295]","""1002,350,1001,345,2,212,3,192,3001,184,2001,137,1003,118,3000,86,4,64,2000,63,4000,54,3002,51,1000,51,5000,42,2002,29,5001,21,1,21,6000,13,6001,9,9000,6""",1000,8089.81,38551.31
Problem_5Sat3Gs_1_4.json,1.5,5,7,-5.273633,"[1.858827376593343, -2.8393926611501077, 6.298898888362606, 6.571153341192314, -0.8933197975097974, 2.230846667381766, 3.174129870050629, 1.2971241759379537, -5.769177022300344, 0.07341312459944956]","""1002,337,3,300,2,242,3001,225,1001,153,2001,119,4,117,1003,106,3002,98,3000,85,4000,67,1,34,2002,26,5000,26,1000,23,5001,23,6001,21,6000,19,2000,13,9000,10,5,4""",1000,9433.03,39894.53
Problem_5Sat3Gs_1_4.json,1.5,5,8,-6.276375,"[2.5791984013015887, -4.6277164207489125, 6.614755546886974, 6.119550256302455, -0.9351088780971473, 0.04511157939634158, 2.137442034999514, -0.1467422832710349, -4.551225928273913, 0.2972307753303582]","""1001,518,1000,378,3000,337,2,177,1002,161,2001,140,3,108,1,91,3001,29,5000,25,4,21,2002,21,1003,15,4000,9,5,5,6000,4,5001,4,3002,3,2000,2""",1000,10757.65,41219.15
Problem_5Sat3Gs_1_4.json,1.5,5,9,-5.462098,"[3.2101067046220835, -4.0265696606250545, 5.702799809887352, 2.29333814708956, 0.6278425475708486, -2.029322957520108, -3.1377769020847706, -0.8798109730969732, -3.6948939231960316, -1.1971399362992232]","""1002,284,1001,252,2001,225,2000,206,1003,159,2,131,3,118,3000,101,1000,81,1,80,3001,77,3002,63,4,53,4000,48,5000,48,5001,36,5,30,2002,27,9000,13,6000,10,6001,6""",1000,12099.80,42561.30
Problem_5Sat3Gs_1_4.json,1.5,5,10,-5.325099,"[-0.3835562446311057, -4.293966836441108, 6.618398631790452, 6.244294744513887, -0.01964354769766, 1.9383188700119303, -0.6517062422976689, 2.7639903039337157, -1.9510592479206936, 3.8793059759264206]","""2001,324,2,265,1002,212,1001,172,3,164,1,119,3000,118,1003,91,3001,80,4000,74,5000,73,3002,61,2000,61,1000,60,6001,54,4,49,2002,40,9000,14,6000,12,5001,4,5,1""",1000,13430.96,43892.46
Problem_5Sat3Gs_1_4.json,1.5,6,1,-5.082877,"[2.6897339881027116, -3.4463156687171117, 8.258078221254452, 6.3393942933730845, -0.7708903206021814, 0.6967065557128388, 2.354642313579171, 3.664633303434394, -2.0889003690979906, -1.4849199133543542, 3.2349579590311515, 2.4655817618962312]","""1002,282,3,217,2001,207,2,196,1001,189,1003,163,3001,143,3000,137,2002,95,5000,66,4,66,2000,58,5001,51,6000,27,1,27,1000,24,5,24,4000,21,3002,21,9000,20,6001,14""",1000,1649.28,45541.74
Problem_5Sat3Gs_1_4.json,1.5,6,2,-5.790208,"[2.5342269590208484, -4.548938056714138, 8.103170451615638, 8.19991060217195, -1.6805986123726593, 5.3018354148943425, -0.29272934728297706, 0.5553955747518633, -2.216582221539969, -4.797213603159006, -0.9100905913255801, 4.950349964114005]","""1001,413,1002,242,2,225,2001,181,2000,157,3,143,3001,124,1000,124,3000,107,4,97,1003,62,4000,39,3002,28,5001,20,1,19,2002,18,5000,12,6000,11,6001,9,5,9,9000,8""",1000,3221.48,47113.94
Problem_5Sat3Gs_1_4.json,1.5,6,3,-4.973710,"[0.9877700443296726, -0.6277980126945419, 6.671495931974269, 3.9952460206544878, -1.801971585046812, 0.9717393691540874, -2.022545011600611, -0.13901976413540934, 3.210851085053829, -4.582152905280713, -1.0051191454545771, -3.246203669345173]","""3,280,1002,279,2,202,3000,200,3001,184,2001,148,1001,147,5000,86,1003,84,4,75,2000,68,5001,57,3002,55,4000,39,6000,29,2002,29,1000,25,6001,24,9000,21,1,15,5,1""",1000,4784.38,48676.84
Problem_5Sat3Gs_1_4.json,1.5,6,4,-5.451873,"[1.0823932793407702, -2.2749614144738985, 6.320742830969, 8.548728405733344, -4.962148018019959, 1.7350987367844528, 0.14701173424952088, 3.222979183818168, 1.227071705487623, -0.8157386263075235, 2.0611474181877028, -0.03938495039168166]","""4,545,3,542,5,239,1002,228,1003,164,2,124,1001,43,3002,42,2002,35,2001,30,3001,20,6001,13,1,8,2000,4,6000,3,4000,3,5001,2,5000,1,1000,1,3000,1""",1000,6357.75,50250.21
Problem_5Sat3Gs_1_4.json,1.5,6,5,-5.159284,"[3.578972803081651, -6.202440580181059, 5.955314744513125, 4.675175418902875, 0.31418945478769716, -1.493709019142442, -0.49766561157269, 4.977039001791655, -2.782615949941192, -2.802286278913413, -1.6084922571180476, -1.4200872097863992]","""1001,303,5000,214,3,208,2001,206,1002,193,2,159,3001,133,1000,110,3000,99,1003,81,2002,56,3002,50,4,43,2000,36,5001,35,5,28,4000,26,1,24,6000,22,9000,13,6001,9""",1000,7945.59,51838.05
Problem_5Sat3Gs_1_4.json,1.5,6,6,-4.989046,"[2.1412080512735563, -4.253833756437553, 5.665855619607001, 7.634457763521045, -2.9898111579670483, -0.6908998385976745, 1.308042829545912, 4.60912537339415, -1.043737012402263, -5.412888216757111, -0.5221976181832915, 1.9264014566623868]","""3,362,3001,261,2,209,1002,173,2001,172,3000,162,1001,134,5000,103,1003,87,2002,48,4000,46,4,45,5001,45,1,38,3002,37,6001,35,1000,33,2000,31,9000,23,6000,4""",1000,9529.83,53422.29
Problem_5Sat3Gs_1_4.json,1.5,6,7,-4.891973,"[0.45674139049945545, -4.279467458831618, 5.677611084267264, 6.18849948702956, 0.04793304088508071, 1.0394960172381962, 6.379937439336402, -0.5832703805060067, 1.6572798971157148, -3.5595494964548746, -0.23670981634612875, 1.4848478842526422]","""1002,296,3,199,1001,182,2001,179,2,155,3000,154,5000,137,3001,134,1003,113,5001,91,4,75,4000,75,1,69,2002,47,3002,36,6000,35,1000,24,9000,23,6001,12,2000,9,5,3""",1000,11112.31,55004.77
Problem_5Sat3Gs_1_4.json,1.5,6,8,-5.377395,"[1.606205420271211, -4.544364449654493, 3.4969913805057247, 6.848019248485899, 1.5673925094949956, -1.4679336185262113, 2.743320149508128, -0.7957287377376999, -0.15945680502233622, -4.096234483386304, 2.3053076422668624, -0.7192699832929911]","""1002,401,2,279,2001,210,1001,162,3001,161,3000,130,3,114,1000,104,2000,73,4,72,5000,60,3002,51,1003,49,6001,44,1,33,4000,32,6000,26,2002,22,9000,10,5,8,5001,7""",1000,12682.71,56575.17
Problem_5Sat3Gs_1_4.json,1.5,6,9,-4.974547,"[4.8069866918007795, 1.4792128890924485, 2.932264715121992, -0.3001452627417828, -3.2880680449564172, 1.4741920058469966, -3.552238524829976, 5.039785647147139, 6.674810906806882, -2.1768748444774406, 0.5793469680948623, 1.7381984723706316]","""1002,255,2001,241,3001,230,1003,181,2,172,1001,162,3,162,3000,139,5000,99,4000,85,5001,84,4,74,3002,39,2002,36,1000,27,2000,16,6000,15,9000,11,1,9,6001,6,5,5""",1000,14252.87,58145.33
Problem_5Sat3Gs_1_4.json,1.5,6,10,-5.811664,"[6.823982818749551, -4.335789539596528, 5.15494083472017, 1.569831092877946, 0.17522447774915237, -1.6035440280400972, 0.9194950873136065, 5.884459736331241, 3.9333470236423285, 1.2828427395940154, 3.056568555219615, 2.0651173526162414]","""2,509,1002,422,2001,215,3,186,1001,130,3001,84,1003,77,1,68,1000,53,3000,53,2002,44,4,38,2000,34,5001,31,5000,30,3002,20,6001,15,6000,15,4000,13,9000,8,5,3""",1000,15828.16,59720.62
Problem_5Sat3Gs_1_4.json,1.5,7,1,-5.730478,"[9.952576952293098, -5.568002256588286, 2.7512583326563362, -1.8369559167104503, 3.2028211994391613, -3.918435221573917, -1.563257045119172, 0.4768014845938261, 5.933667014951827, 4.59184492015327, -0.12277632480208231, 3.1100424706579517, 2.4515743557194707, 2.117192791570579]","""2,571,3,339,1002,338,1003,229,3001,114,1001,94,3002,73,4,61,2001,60,5000,40,5001,27,1,20,2002,18,3000,18,5,12,4000,9,1000,8,2000,6,6000,4,6001,4,9000,3""",1000,1896.86,61617.48
Problem_5Sat3Gs_1_4.json,1.5,7,2,-5.240616,"[4.353694725554786, -3.426566302986375, 6.838096147653593, 5.858012490151429, 0.9171969198594287, -5.079010998835475, 6.308044414386165, 1.9302391830727925, 5.183084230367136, 6.225824285398595, 1.974379712884223, 1.2963186578116035, 0.27824423855457187, -2.515709072247148]","""2,276,1002,263,1001,248,3,239,2001,202,1003,156,3001,119,4,116,3002,108,3000,67,5000,64,5001,45,1000,26,2002,24,9000,23,4000,20,1,19,6001,16,2000,9,6000,8""",1000,3714.31,63434.94
Problem_5Sat3Gs_1_4.json,1.5,7,3,-5.048737,"[9.48719920991053, -5.031089875995832, 4.529348128541265, 0.8159881419881896, 1.08708611248037, -2.947752159076113, -0.34622283819033883, -2.7329010919599184, 4.138250366025705, 5.187455518448603, -0.1186497795789025, 2.1508804303191416, 3.607248780716881, 2.3077714868702865]","""3001,300,1002,278,2,259,1001,236,2001,182,3000,126,1003,123,3,107,5000,69,2000,64,3002,56,2002,55,4,47,5001,46,4000,37,1,28,6001,14,9000,11,6000,5,1000,5""",1000,5519.32,65239.95
Problem_5Sat3Gs_1_4.json,1.5,7,4,-5.786036,"[5.751778088044987, -3.647324629740537, 4.756936730803038, 1.5768272304484645, -0.723179481375935, -3.9363030368117253, 0.06750861676013373, -0.5299183303691913, 6.45225140357475, 2.430479320979624, -0.711088944343924, 3.9818874773481867, 2.001875882172225, -3.0699517722087477]","""1002,352,2,306,1001,235,3,201,1,201,3001,120,2001,90,6000,73,3000,65,1003,56,4000,54,2000,53,4,51,1000,48,3002,47,2002,33,5000,28,6001,15,9000,10,5,5,5001,5""",1000,7323.66,67044.29
Problem_5Sat3Gs_1_4.json,1.5,7,5,-4.974922,"[4.374512621122812, 1.3201296981047983, 5.693106820128349, -1.1001608538589167, 0.7506226963462231, -6.728092819338779, 4.612079727507239, 0.9834910004960978, 5.599498371403667, 6.513986624873994, -0.24785855756774364, 0.35114042013065627, 2.0473708222019864, 1.6009469559907814]","""1002,295,2001,251,2,222,3001,189,1001,180,3,149,3000,106,5000,87,1003,84,5,81,3002,80,4,65,4000,57,5001,41,9000,40,2002,36,2000,35,1,24,1000,14,6001,6,6000,6""",1000,9119.36,68839.98
Problem_5Sat3Gs_1_4.json,1.5,7,6,-5.415832,"[10.575069118220418, -3.971617443782134, 6.370034727301215, -1.530978176513127, -2.8027472450646775, -0.1896563651204476, 0.17143143614224154, -1.7011988729716152, 5.385651281507595, 1.913902652781724, 2.532029937520855, -0.08759778367858281, 4.210203861501332, -2.0221596203268644]","""1002,299,3,212,1,208,1001,190,3001,160,2,143,1003,127,2001,122,4,107,2000,82,3002,80,3000,69,2002,67,5000,47,5001,37,1000,22,6000,22,9000,17,6001,16,4000,16,5,5""",1000,10935.58,70656.20
Problem_5Sat3Gs_1_4.json,1.5,7,7,-5.151106,"[2.0044450102472338, -4.139623630863505, 10.217825921479005, 8.460782863615158, 0.2245693237050702, 3.9735832592233615, 0.29812231600464995, -2.382820872071507, -0.3611907450552563, -3.0081329224435684, -3.2530826678180036, 0.0794380210452951, 7.344597054936525, 3.278408341049201]","""1002,250,3,248,2,231,4,205,2001,182,1001,148,1003,145,3001,136,5000,122,4000,76,3002,67,3000,48,2002,47,6000,31,5001,29,1,27,1000,23,6001,13,2000,10,5,5,9000,5""",1000,12737.85,72458.47
Problem_5Sat3Gs_1_4.json,1.5,7,8,-5.794469,"[2.5838519871098993, -6.238288532090144, 9.451816554014396, 8.759278383616717, -2.3500077372307877, 4.880155977892849, -0.6468774290869242, -0.5760629528002545, 0.9611027461616807, -2.3182068573483687, -5.168737621613729, -1.0731886813387246, 6.166495265310981, -0.9868572726496848]","""1001,294,3,261,2,232,1002,218,1000,139,1,129,3000,128,2001,127,3001,98,2000,89,4,77,2002,54,1003,44,5000,35,3002,30,4000,28,5001,19,6000,16,9000,15,6001,12,5,3""",1000,14535.98,74256.60
Problem_5Sat3Gs_1_4.json,1.5,7,9,-5.103241,"[4.396994368222775, 0.47339158145651916, 5.266783302231583, 10.79881242108491, -7.655317121770715, 5.323818715562775, -1.3265712987436387, 1.695194723765903, 3.238631617940262, 0.5470544349410186, 1.5442511932937348, -1.1900392204903785, -0.7753135438254884, -2.122798089528526]","""1002,323,2,240,3001,183,3,181,1003,175,2001,172,1001,144,4,125,3000,119,5000,88,5001,57,3002,48,4000,39,2002,34,1000,31,6000,25,2000,17,6001,16,1,16,5,8,9000,7""",1000,16335.70,76056.32
Problem_5Sat3Gs_1_4.json,1.5,7,10,-5.825380,"[1.712903147655591, -2.480035808638348, 3.115979112284131, 10.926539158551229, -4.658919530156595, 4.671307030169585, -0.7563753131731388, -0.6767041889936491, 2.0710631355590596, 1.164444251863616, -3.4318723985050625, 3.351001183787997, 0.5226519139774612, 1.3838128585746106]","""1002,398,1001,344,2001,199,2000,162,3,157,2,144,4,123,1000,112,1,78,3001,74,1003,56,3002,45,3000,34,5000,33,2002,23,4000,18,5,16,5001,11,6000,9,9000,9,6001,3""",1000,18140.10,77860.73
Problem_5Sat3Gs_1_4.json,1.5,8,1,-5.079423,"[1.4739809875726986, -1.9848590150102234, 6.270828748127998, 13.041950057215779, -4.187548930235015, 7.1272428043964995, -0.7704708604130334, 1.6198252226880256, 1.7960766058208397, 0.7866856536536732, 0.9890038421509085, -1.2962134002955399, 1.3496202030686357, -2.4775837340926845, -0.4544117156224, 2.504436125297315]","""1002,283,2,211,3,206,3001,169,4,158,2001,139,1001,120,1003,115,3000,107,4000,106,3002,79,1000,71,2002,65,5000,39,6000,38,2000,35,5001,34,1,22,5,20,9000,18,6001,13""",1000,2136.61,79997.33
Problem_5Sat3Gs_1_4.json,1.5,8,2,-5.048508,"[2.1067801375175743, -3.8161260162370643, 5.763153123629567, 10.543331646956165, -4.05414385337643, 4.648258439364768, 0.3922501149532427, 5.2262109115131326, -2.4420546681038986, 1.39425841169951, 2.0478790071903403, -0.5776133830910227, 2.843710568877794, -1.210769112824903, 3.8768897013845547, 0.131281029017474]","""1002,299,3,228,1001,197,3001,181,2001,180,2,163,3000,159,5000,118,4,87,1003,79,1,74,3002,62,2002,59,4000,38,6001,33,5001,27,2000,22,6000,13,9000,10,5,10,1000,9""",1000,4178.81,82039.54
Problem_5Sat3Gs_1_4.json,1.5,8,3,-4.991247,"[0.29791848132528864, -1.8412570913697166, 5.885256744390643, 9.605360704371773, -6.570465565734981, 6.272280103202252, 0.7468259359787867, -1.1608043196440132, -6.065159469811103, 3.159357826267017, 0.5256415607620797, -4.172700560517942, 2.0824064652396905, -1.983460217947858, -2.311761548373895, -1.4117682276546835]","""1002,271,2001,254,3,201,2,183,1003,160,1001,157,3000,153,4000,92,5001,92,3001,80,3002,69,1000,66,4,57,9000,54,2000,50,5000,36,1,23,6001,22,2002,12,5,11,6000,5""",1000,6225.56,84086.28
Problem_5Sat3Gs_1_4.json,1.5,8,4,-4.734353,"[2.100327566246813, -2.04793899112648, 2.8044199219125607, 8.924550665506374, -3.6876253814783695, 5.535877449259226, -1.1691372385049663, -0.5393362671431984, -1.7620305843122004, 3.8237660733897494, 1.5329366709483943, -3.4233694347472925, 2.82033729564038, -1.2984496851239757, 3.3211165822281297, 1.6664827204575794]","""1002,268,2001,266,3001,234,1001,231,1003,140,2,128,5001,119,4,104,3,90,3000,81,5000,71,3002,71,1000,36,4000,36,2000,32,1,32,9000,31,6000,24,6001,24,2002,16,5,14""",1000,8269.32,86130.05
Problem_5Sat3Gs_1_4.json,1.5,8,5,-4.807430,"[-0.5531586476134854, -4.246751127177456, 3.3015168231997447, 8.207266454708982, -7.621533176458684, 7.220563778492318, -1.6508034839522374, -0.40930702496743065, 2.4052503444568725, 3.007587605429839, 1.500963776231252, -2.602425492016146, 4.390263199379694, 2.3153148013987956, -2.7504684493470006, 2.023131335850054]","""2001,253,1002,246,1003,189,3,170,1001,167,3001,163,2,136,3002,109,3000,107,5000,101,4000,87,4,76,5001,49,5,41,2002,34,1000,27,6001,24,1,20,9000,20,2000,18,6000,11""",1000,10319.60,88180.33
Problem_5Sat3Gs_1_4.json,1.5,8,6,-5.496804,"[2.7219715864295453, -2.7673274897462457, 2.559525082924544, 9.754977464758712, -6.151344699036492, 5.465924565748378, -0.7471909700316743, 1.6212690093312463, 0.17638045124043814, 2.2697186663269124, -0.050220852199929215, -3.8742683957164186, 1.9778640867148756, 2.8186123638534393, 2.226414708986906, -0.6094971028032841]","""3,288,2,268,1002,257,1001,212,3001,144,2001,144,1000,116,5000,93,4,73,1003,70,4000,64,3000,61,1,56,2000,48,5001,39,3002,38,2002,37,9000,22,6001,13,5,4,6000,1""",1000,12363.16,90223.89
Problem_5Sat3Gs_1_4.json,1.5,8,7,-5.050301,"[5.210511989660649, -2.2236165200292497, 2.5740469242451995, 8.140871616848907, -1.409790641678311, 0.7569661492139268, -0.08117431997001519, -1.4769470388722596, 2.1378884477766924, 4.682480804845251, -2.2745859234965864, -3.979009845741509, 2.5944172083131214, -0.9399734591050548, 2.2573877410157275, 3.6250932746038114]","""1002,366,3,256,3001,198,2,177,1003,171,2001,171,5000,111,1001,95,2002,91,2000,79,4,68,3000,63,3002,55,5001,51,1000,32,1,24,6001,14,4000,12,6000,9,5,3,9000,2""",1000,14397.92,92258.64
Problem_5Sat3Gs_1_4.json,1.5,8,8,-5.553447,"[3.6779668740474407, -2.4883077888274934, 10.400581805286297, 9.988650510322167, -3.1622314275949264, 6.5833493803998016, 0.4116215647614132, 2.900877872653917, 0.7826581624825004, 2.373915110776966, -0.7344567629509231, -8.127947559919795, 0.6750213843579547, 7.918100223370309, -3.6874656180003647, 3.9097192337719133]","""2,427,1002,321,3,176,2001,150,1001,147,4,134,3001,118,1,97,3000,95,3002,92,1003,61,5000,38,1000,32,6001,29,5001,26,2002,25,2000,23,4000,21,6000,21,5,13,9000,2""",1000,16450.45,94311.17
Problem_5Sat3Gs_1_4.json,1.5,8,9,-5.144656,"[0.5582571171525625, -4.030342417042076, 7.7943609551773205, 3.2128833075288394, -4.660438260922949, 3.7081932219879015, -1.8514382077091334, 4.000493445641577, 1.063870839338597, -0.13234018609339346, -3.4794358103985674, -3.589434945651557, 0.5011161040024781, 8.248663959437925, 1.5338374357234477, 5.655326759005434]","""1002,357,2001,211,2,203,1001,182,3,174,4,160,1003,117,3001,114,3000,86,3002,85,1,72,5000,65,6000,46,5001,34,2002,33,2000,30,6001,26,4000,20,5,14,9000,11,1000,8""",1000,18489.97,96350.70
Problem_5Sat3Gs_1_4.json,1.5,8,10,-5.660036,"[2.644236275096014, -7.417503304778887, 10.09966915792852, 11.216764257834772, -0.15681274251401534, 3.2636631569258614, 0.05123397222459519, 0.9378125026298321, -0.5117221716209932, 2.0158568205545495, 0.15086142400409563, -3.9694867453614817, 0.06661374876162875, 4.217852046670061, -0.41344870864835986, 1.1172914308144508]","""1002,399,3,274,1001,243,2,217,1003,167,1000,158,4,109,3001,94,2001,91,3000,56,2002,48,1,32,3002,28,2000,27,5000,27,4000,25,5001,19,6000,12,9000,11,6001,8,5,3""",1000,20538.41,98399.14
Problem_5Sat3Gs_1_5.json,1.5,1,1,-4.213012,"[-0.9385572222710659, 2.233440122620722]","""1002,325,2,317,1001,304,3,243,2001,175,3001,123,3000,94,4000,89,2000,80,1,69,5000,44,4,40,1003,32,2002,32,5001,21,3002,20,7000,13,4001,11,1000,8,5,8""",1000,388.73,388.73
Problem_5Sat3Gs_1_5.json,1.5,1,2,-4.013521,"[-0.8355341213258514, 1.6270540189693543]","""1002,368,2,258,1001,241,3,234,2001,206,3001,145,2000,91,3000,89,4,69,4000,65,1003,62,5000,61,2002,39,1,30,5001,24,3002,24,4001,22,7000,12,1000,7,5,1""",1000,761.04,761.04
Problem_5Sat3Gs_1_5.json,1.5,1,3,-4.231134,"[-0.9361319844003421, 2.2932431758680574]","""1002,346,1001,315,2,295,3,267,2001,150,3001,129,3000,101,4000,93,2000,72,1,63,5000,44,2002,33,4,26,3002,26,5001,25,1003,21,4001,17,1000,11,7000,8,5,6""",1000,1131.32,1131.32
Problem_5Sat3Gs_1_5.json,1.5,1,4,-4.191970,"[-0.8772348449743255, -0.0397605789506397]","""3,542,4,340,1002,323,2,239,1003,150,1001,97,2001,89,5,78,2002,45,3001,32,3002,30,2000,21,1,17,3000,13,4001,10,4000,8,5000,6,5001,4,1000,3,7000,1""",1000,1503.47,1503.47
Problem_5Sat3Gs_1_5.json,1.5,1,5,-4.000608,"[-0.7749866425225287, 1.208814103933974]","""1002,359,1001,281,2001,248,3,207,2,198,2000,101,3000,95,3001,95,1003,88,2002,82,4,70,4000,46,1,37,3002,35,5000,31,5001,24,4001,23,1000,14,7000,9,5,5""",1000,1872.78,1872.78
Problem_5Sat3Gs_1_5.json,1.5,1,6,-4.148917,"[-0.8756998469965962, -0.15266106885219832]","""3,488,4,359,1002,305,2,209,1003,163,1001,137,2001,95,5,76,2002,58,3001,43,2000,20,3002,17,1,15,4001,15,5001,14,5000,9,3000,9,4000,8,7000,5,1000,3""",1000,2246.00,2246.00
Problem_5Sat3Gs_1_5.json,1.5,1,7,-4.242541,"[-0.9367193935468056, 2.331922497923371]","""2,334,1001,319,1002,310,3,273,2001,158,3000,110,3001,102,2000,90,4000,73,1,68,5000,37,4,31,1003,29,2002,28,3002,27,5001,19,7000,15,1000,9,5,9,4001,7""",1000,2615.83,2615.83
Problem_5Sat3Gs_1_5.json,1.5,1,8,-3.999901,"[-0.7774256843590975, 1.4564968678605563]","""1002,340,2001,245,1001,231,2,221,3,220,3001,124,1003,100,3000,100,2000,88,2002,77,4,65,4000,53,5000,40,1,35,5001,29,3002,27,4001,25,5,10,7000,9,1000,9""",1000,2986.65,2986.65
Problem_5Sat3Gs_1_5.json,1.5,1,9,-4.233708,"[-0.9365331627121093, 2.3019851789481987]","""2,324,1002,316,1001,296,3,282,2001,157,3001,131,3000,103,2000,79,4000,78,1,76,5000,43,4,32,2002,32,3002,22,1003,21,5001,19,7000,14,5,9,4001,8,1000,6""",1000,3359.42,3359.42
Problem_5Sat3Gs_1_5.json,1.5,1,10,-4.222701,"[-0.9352382981426162, 2.2648574453819563]","""1002,369,1001,322,2,287,3,252,2001,158,3001,138,2000,87,3000,81,4000,66,1,51,5000,45,4,42,2002,39,1003,26,3002,22,7000,15,5001,14,4001,14,1000,12,5,8""",1000,3728.50,3728.50
Problem_5Sat3Gs_1_5.json,1.5,2,1,-4.281205,"[4.197338636692279, -4.9772939166307575, -2.0568141657613364, 5.650485527295991]","""1001,324,1002,320,2001,225,2,207,3,200,2000,146,3000,134,1000,88,1003,88,3001,67,4,55,1,43,3002,39,5001,22,2002,21,4000,20,5000,17,4001,15,7000,9,5,8""",1000,598.13,4326.63
Problem_5Sat3Gs_1_5.json,1.5,2,2,-4.378933,"[-2.3534862634859968, -0.2007955911214532, 2.2052132512152687, 1.982125186806053]","""1001,463,2000,444,1002,375,3,154,2,128,3000,112,2001,74,4000,70,1003,57,3001,53,4,36,5000,29,1,23,3002,11,2002,9,5001,3,4001,3,7000,2,1000,2""",1000,1168.50,4897.00
Problem_5Sat3Gs_1_5.json,1.5,2,3,-4.215602,"[11.759355281588569, 1.08584587436333, -5.52759740157124, -13.82013290667986]","""1002,407,1001,275,2,186,2001,169,2000,162,3,154,3001,126,1003,114,4,101,3000,76,2002,59,1,55,1000,39,5,37,3002,28,5001,27,5000,11,4001,9,4000,8,7000,5""",1000,1743.67,5472.17
Problem_5Sat3Gs_1_5.json,1.5,2,4,-4.554089,"[-5.344435794067308, 5.601075659644956, -2.523635101629107, -6.8134937183395445]","""1001,346,2,332,3,263,1002,180,2001,177,1,157,3001,124,3000,121,2000,88,4,53,4000,45,1003,36,5000,31,3002,28,2002,26,1000,20,5001,8,4001,8,5,4,7000,1""",1000,2313.63,6042.13
Problem_5Sat3Gs_1_5.json,1.5,2,5,-4.705341,"[6.900655877786901, -10.123331865176665, -4.929780169284529, -10.442289988942433]","""2,495,3,475,1001,230,1002,191,2001,167,1,114,2000,86,3001,59,4,45,3000,40,1003,39,4000,36,5000,18,2002,12,3002,9,5001,9,4001,9,1000,6,5,5,7000,3""",1000,2885.37,6613.87
Problem_5Sat3Gs_1_5.json,1.5,2,6,-4.571373,"[-0.3285369928304799, 4.389272408623798, 4.9141326130792375, -0.576164983558391]","""3,624,2,371,1002,361,1001,170,1003,127,4,98,2001,83,1,48,2000,40,2002,20,3001,20,5000,13,7000,13,5,12,3002,12,3000,12,4000,9,5001,7,1000,7,4001,1""",1000,3459.49,7187.99
Problem_5Sat3Gs_1_5.json,1.5,2,7,-4.473628,"[2.4659163612024284, -0.13228250885391343, 11.497098877965948, 0.011899909152345704]","""1002,353,2,343,1001,333,3,224,2001,184,2000,98,3001,97,1,92,1003,71,3000,44,4,44,2002,43,1000,26,4000,22,4001,19,3002,18,5001,16,5000,12,7000,7,5,2""",1000,4036.23,7764.73
Problem_5Sat3Gs_1_5.json,1.5,2,8,-4.055020,"[-8.304018602475882, -3.4901306426018777, 2.10978275105389, 1.3341562552207842]","""1002,303,3,298,1001,270,2001,259,2,192,1003,123,3001,121,2000,92,3000,67,4,57,5000,52,3002,46,2002,36,4001,31,1,30,5001,21,1000,17,4000,15,7000,12,5,6""",1000,4607.69,8336.19
Problem_5Sat3Gs_1_5.json,1.5,2,9,-4.517530,"[3.072934377679516, -0.9455830115003195, 1.4222178734326698, 2.1588784865860586]","""1002,407,1001,360,2,304,3,227,2001,206,1,100,4,91,2000,78,1003,62,3000,46,4000,39,3001,38,2002,37,3002,12,5001,12,5000,10,4001,10,5,5,1000,4""",1000,5177.78,8906.28
Problem_5Sat3Gs_1_5.json,1.5,2,10,-4.191401,"[3.789088704912005, -1.2432756453182152, -1.2813832871689093, 2.6653273376931352]","""1002,345,1001,273,2001,259,3,203,2,197,2000,128,3000,115,1000,98,3001,85,4000,52,4,51,2002,47,1,46,1003,44,5000,32,3002,28,5001,28,4001,8,7000,8,5,1""",1000,5746.03,9474.53
Problem_5Sat3Gs_1_5.json,1.5,3,1,-4.481279,"[8.63875006023871, -11.48618798944225, 1.741339871490221, -1.9114357386285534, -11.813965010258414, 3.1340220166942183]","""1001,365,1002,308,2,289,3,205,2001,154,2000,149,1,126,3000,76,4,56,1003,55,1000,48,3001,47,4000,40,2002,39,5001,30,5000,24,3002,19,4001,13,5,3,7000,2""",1000,806.67,10281.20
Problem_5Sat3Gs_1_5.json,1.5,3,2,-4.386136,"[7.314152957351902, -10.550354321494948, 3.6860578493861467, -3.489679063697737, -7.207397822796515, 2.515374778424652]","""1001,364,2,294,2000,253,1002,237,3,211,2001,186,3001,107,3000,81,1,58,2002,58,4000,49,4,45,1003,25,5000,24,1000,19,3002,18,4001,10,7000,5,5001,4""",1000,1579.78,11054.31
Problem_5Sat3Gs_1_5.json,1.5,3,3,-5.043279,"[4.695108234185607, -11.185846111490662, 1.451719340874974, -6.032377605292545, -5.523462341761832, 0.935767128702744]","""2,710,1002,258,1,252,3,215,1001,154,2000,113,2001,82,4,75,3000,52,3001,29,4000,28,1000,22,5000,19,1003,15,4001,7,7000,7,5001,3,2002,3,5,3,3002,1""",1000,2348.26,11822.79
Problem_5Sat3Gs_1_5.json,1.5,3,4,-4.605286,"[9.48057936222086, -5.657425540077863, -2.2580648609874805, -6.335769406770611, -11.93734281748175, 1.3116338821260145]","""1001,370,2,367,3,260,1002,229,1,165,3000,108,2001,106,4,104,2000,76,5000,53,3001,49,4000,45,1003,40,1000,25,2002,23,5001,9,3002,8,4001,6,5,5""",1000,3120.88,12595.41
Problem_5Sat3Gs_1_5.json,1.5,3,5,-4.950150,"[5.279445784819688, -7.882198926916483, 2.450286068451333, -3.4640024457104435, -11.320754764147438, -0.16884362740582315]","""1001,483,2,331,2000,255,2001,190,1,184,1002,184,3,153,3000,84,1000,71,3001,35,4000,23,4,16,5000,12,1003,9,2002,9,3002,4,4001,2,5001,2,5,1""",1000,3888.66,13363.19
Problem_5Sat3Gs_1_5.json,1.5,3,6,-4.632657,"[5.7333797248209075, -4.794174634824237, -3.1633433814058503, -7.343030433010266, -12.795095610931478, 2.2096678354674895]","""2,444,3,300,1002,285,1001,195,4,177,1,148,2001,113,2000,99,3001,80,3000,50,1003,42,5000,22,4000,22,2002,20,1000,14,3002,12,4001,9,7000,8,5,5,5001,3""",1000,4660.42,14134.94
Problem_5Sat3Gs_1_5.json,1.5,3,7,-4.439052,"[12.333749529472374, -14.352721694552638, -2.1443872152704495, -3.691346691003244, -15.079007692743861, -1.2570349144851594]","""1002,396,1001,386,2001,301,2,248,3,186,2000,140,3000,89,3001,58,1,50,1003,50,4,46,2002,25,4000,24,3002,15,5000,9,1000,8,5001,8,4001,7,5,2""",1000,5426.13,14900.66
Problem_5Sat3Gs_1_5.json,1.5,3,8,-4.716735,"[0.5256260456064462, -12.611730070827077, -1.6996896285805079, -5.122940340841669, -9.97203499370873, -6.888425182322248]","""2,643,3,391,1002,204,1001,160,1,152,3001,106,2001,102,3000,47,2000,42,3002,40,5001,34,4,34,1003,25,2002,23,4000,16,5000,16,7000,6,4001,3,1000,3,5,1""",1000,6198.67,15673.20
Problem_5Sat3Gs_1_5.json,1.5,3,9,-4.710418,"[-0.21118185082512558, 4.166674037242196, -2.522289929400869, 8.718915403303217, 1.363080284189018, -3.0012663248636313]","""1001,494,2000,317,2,231,2001,229,1002,212,1,182,3000,145,3,65,3001,43,4000,38,1000,30,5000,16,2002,10,1003,9,4,9,3002,8,7000,5,5001,3,4001,2""",1000,6969.68,16444.20
Problem_5Sat3Gs_1_5.json,1.5,3,10,-4.371923,"[-0.15620168160777945, 0.0906257652759595, -0.6798456490115646, 2.087606439806163, 8.41548053774214, 0.9210213830167443]","""1001,367,1002,275,2,263,3,209,2001,164,1,151,3000,124,4000,123,4,69,2000,68,3001,62,1003,52,5000,29,2002,29,5,21,3002,20,4001,14,1000,5,5001,2,7000,1""",1000,7733.91,17208.44
Problem_5Sat3Gs_1_5.json,1.5,4,1,-4.269193,"[6.784170353292191, -6.648533098572783, -1.0436436791427515, -4.382088579464912, -5.7005199880625765, -8.702952118010888, -2.0804241329193713, 1.6738557054835868]","""2,360,1002,357,1001,251,3,234,2001,165,2000,117,1003,98,3001,98,3000,71,4,58,2002,52,5000,44,3002,41,1,40,4000,16,5001,15,5,10,1000,9,7000,7,4001,5""",1000,1013.60,18222.04
Problem_5Sat3Gs_1_5.json,1.5,4,2,-4.658547,"[5.679189129201207, -11.863381774905031, 0.6822592753470693, 0.6992492219524267, -7.618186215337419, -6.265442565605902, 2.9484632176187047, 2.561891656840782]","""1001,389,2,353,1002,250,3,222,2001,162,2000,158,1,145,4,102,3001,59,3000,51,4000,46,1003,39,5000,17,5,15,3002,10,7000,8,5001,6,1000,6,4001,5,2002,5""",1000,1981.62,19190.06
Problem_5Sat3Gs_1_5.json,1.5,4,3,-4.371037,"[2.12062849072383, -11.396939891627191, -0.6467852409487634, -2.2502051845032036, -5.629928082465497, -4.5933113381945905, -0.36150714813572077, 2.0352911109550758]","""3,327,1002,282,2,278,1001,258,2001,228,2000,127,1,104,3001,101,3000,79,4000,53,1003,40,2002,34,4,32,5001,29,1000,26,5000,18,4001,14,3002,13,7000,5""",1000,2944.89,20153.33
Problem_5Sat3Gs_1_5.json,1.5,4,4,-4.739812,"[2.546052153107577, -7.151755927854956, 1.556354215237608, -3.0693106580015037, -7.9343890492047775, -5.660306365258026, 4.1649983602436675, 6.4512388256473345]","""2,499,3,282,1001,266,1002,262,2001,167,1,155,3001,114,4,64,2000,50,4000,49,1003,42,3000,37,2002,13,5000,12,5,12,3002,11,4001,6,5001,5,1000,2""",1000,3912.40,21120.84
Problem_5Sat3Gs_1_5.json,1.5,4,5,-4.727771,"[2.4841291858655064, -10.124878533399968, -0.8673312868129132, -0.8523976859315802, -7.065539093049694, -3.629811692435486, 1.9151536173241859, -0.8724205201156107]","""2,450,1001,376,1,256,3,187,1002,137,3001,136,3000,127,2001,117,2000,61,4000,47,1000,32,4,26,5000,22,1003,19,3002,17,5001,9,4001,9,7000,7,5,7,2002,6""",1000,4887.77,22096.21
Problem_5Sat3Gs_1_5.json,1.5,4,6,-4.412665,"[1.0195852636605247, -16.588049480034936, 4.652756808921555, -1.6401891700461388, -2.2608912094986646, -10.678494888872816, 1.060535977485129, 3.2664459430733244]","""1001,368,2,279,1002,226,2001,217,3,148,2000,147,3000,136,1,131,3001,104,1000,60,5000,56,4000,34,1003,31,4,28,2002,27,3002,16,4001,15,5,10,5001,9,7000,6""",1000,5855.44,23063.89
Problem_5Sat3Gs_1_5.json,1.5,4,7,-4.223918,"[7.337697963141725, -3.6421470368150075, 3.006542042040979, 0.1701135868612824, -2.1906347960193417, -14.267224768223794, -0.1525664626862466, -1.9909569369963556]","""1001,400,1002,356,2,224,2001,189,3,185,2000,161,3000,109,5000,79,1003,51,4,42,1000,40,4000,38,3001,38,1,35,2002,29,4001,29,5001,14,3002,14,7000,10,5,5""",1000,6822.87,24031.31
Problem_5Sat3Gs_1_5.json,1.5,4,8,-4.292189,"[5.65629536778679, -8.759462505802512, 3.9154303342945433, -0.09898189793560068, -5.779615653895578, -10.095537893550587, 2.416335167805043, -0.14025811137796113]","""2,329,3,312,1001,269,1002,254,3001,158,2001,156,2000,97,1,77,1003,76,3000,66,4,58,3002,38,1000,38,2002,37,4000,29,5000,22,4001,15,5001,13,5,3,7000,1""",1000,7790.67,24999.12
Problem_5Sat3Gs_1_5.json,1.5,4,9,-4.290818,"[2.6867450630508625, -5.4589052149893735, 5.81424069630585, -0.40448745583489903, -6.362514002480756, -10.015256444564548, -7.120946565794631, 0.7801312273862212]","""1002,355,1001,306,2,286,2001,232,3,209,4,95,3000,93,2000,86,1003,69,3001,68,2002,64,5000,51,1,49,3002,36,4000,30,4001,11,5001,4,7000,3,5,1""",1000,8755.82,25964.27
Problem_5Sat3Gs_1_5.json,1.5,4,10,-4.269436,"[4.43952864624454, -5.972388436744621, 3.96434009863409, -0.37094816326231905, 2.0395600812779873, -8.621504817287278, 4.125382672797161, 2.1925907150050423]","""1002,363,1001,335,2,248,2001,229,3,212,3001,136,2000,116,3000,85,1003,78,1,44,2002,44,1000,28,4,27,3002,24,5000,23,4001,20,4000,17,5001,10,7000,8,5,1""",1000,9725.60,26934.04
Problem_5Sat3Gs_1_5.json,1.5,5,1,-4.917964,"[3.277609570223369, -6.90808630489747, 1.4341648762159345, -2.310731451843634, 0.631466153629282, -8.753985693838013, -2.526091265502971, 1.205213310776088, 5.6162082235828095, -0.8542713791676331]","""2000,375,1001,336,1,255,1000,249,2001,196,1002,150,2,144,3000,95,3001,71,3,60,4000,39,1003,16,2002,16,5000,13,4,11,4001,10,3002,9,5001,2,5,1""",1000,1215.59,28149.62
Problem_5Sat3Gs_1_5.json,1.5,5,2,-4.540745,"[3.2865315326539015, -6.777918560912578, 0.744648646366809, -3.9503805067371736, 0.26634245219287855, -6.550105542109682, -4.710195076620844, 3.051993080570125, 4.925806311593803, 2.16446004274301]","""1001,320,1002,304,2,281,2001,211,1,184,3,159,2000,146,3000,89,2002,63,3001,58,4,55,1000,44,1003,44,4000,24,3002,23,4001,19,5000,8,5001,7,5,6,7000,3""",1000,2394.02,29328.05
Problem_5Sat3Gs_1_5.json,1.5,5,3,-4.758125,"[4.2230503518022395, -8.404988927940053, 1.2986326853341073, -3.1256571939870987, 0.11573753998563568, -7.277457691445536, -3.968788829154284, 5.290831400230664, 5.798490574866957, -0.6346658457123207]","""2,441,1001,380,1002,367,2001,188,1,165,2000,125,3,123,3001,60,1003,44,4,44,3000,33,2002,15,4000,14,3002,12,5000,11,1000,10,5001,7,4001,6,7000,3""",1000,3563.80,30497.84
Problem_5Sat3Gs_1_5.json,1.5,5,4,-4.571315,"[2.1407364638657644, -8.878430583928687, 0.6435900767002579, -5.439875650440896, -0.07146004588785279, -10.059572861260445, -5.7603806809712, 5.169546356198365, 6.727002777668262, 2.772587617834381]","""1002,361,2,314,1001,300,3,240,2001,173,1,115,3000,88,2000,87,1000,70,1003,66,3001,63,3002,52,4,41,4000,22,4001,18,2002,15,5001,10,5000,9,7000,3,5,1""",1000,4730.34,31664.38
Problem_5Sat3Gs_1_5.json,1.5,5,5,-4.261368,"[2.6240007840300215, -6.770914610500292, 0.45722121512602193, -2.8480464786031576, 1.8565870000847122, -6.940742141576249, -7.26728313517535, 5.376182834711714, 6.116766960217038, -0.049275810908896045]","""1002,359,1001,256,2,237,3,202,2001,201,1003,150,1,125,2000,106,3001,85,4000,67,4,50,5000,48,2002,41,3000,39,3002,33,4001,26,5,11,5001,8,1000,3,7000,1""",1000,5895.51,32829.55
Problem_5Sat3Gs_1_5.json,1.5,5,6,-4.547565,"[2.0837454253302563, -11.705289392332155, 0.04902565462264642, -2.2454793604111427, 0.7904949029188778, -10.341794407022967, -1.2249398200111727, 3.4405801963758162, 1.0428076628361533, -0.16371853242687948]","""1001,445,2,368,1002,240,3,198,2001,141,3001,123,1,108,2000,87,3000,77,1000,66,5000,43,4000,34,4,27,2002,25,1003,17,3002,15,4001,15,5001,11,7000,8""",1000,7060.19,33994.23
Problem_5Sat3Gs_1_5.json,1.5,5,7,-4.437853,"[3.212969070381866, -8.424588154897739, -3.325918405373672, -0.5671321379083689, 0.13438379292970137, -6.539771480500704, -2.1797886669864024, 1.732391325732314, 0.8144589044866819, -3.34277475689613]","""1001,463,1002,280,2,250,2000,163,3,159,3000,148,2001,131,3001,107,1,105,4,40,4000,38,5000,35,1000,35,1003,33,2002,21,5001,18,4001,10,3002,10,5,2""",1000,8221.75,35155.79
Problem_5Sat3Gs_1_5.json,1.5,5,8,-4.229420,"[0.22941372638832977, -7.26411639844787, -0.3671779021874551, 0.741332587335414, -0.07093860106035117, -13.41638746638988, -3.097754149718108, 1.151397470660535, -5.114154319594897, -1.554379290139331]","""1002,328,2,294,3,267,2001,240,1001,238,2000,149,3001,78,1003,76,4,69,2002,66,3000,57,3002,49,1,36,7000,25,5000,24,4000,20,4001,13,5001,8,5,6,1000,5""",1000,9397.16,36331.20
Problem_5Sat3Gs_1_5.json,1.5,5,9,-4.268047,"[1.494075259854239, -8.746107742222225, -5.132451940071588, -4.89870010115086, 4.491019209003635, -4.821728569853825, -5.327997696071254, -1.6833311878146564, 1.901253151621588, -2.1686158217425398]","""1002,326,1001,283,2001,258,2,257,3,214,2000,119,3000,104,3001,95,1,78,1003,65,4,41,4000,39,1000,39,2002,39,3002,31,5001,21,5000,18,4001,18,5,3""",1000,10578.79,37512.82
Problem_5Sat3Gs_1_5.json,1.5,5,10,-4.446179,"[3.635411703408195, -7.510984891108195, -3.3468990492332127, -1.8848272815012943, 0.3944021624170295, -5.432360631308822, -1.8127470682530018, 4.311536442944404, 2.2233752187212996, 0.11873349089021276]","""2,326,1001,309,3,277,1002,246,2001,191,2000,118,3000,85,1,81,3001,80,1003,63,4,58,1000,50,3002,41,2002,36,4000,36,5000,28,4001,10,5001,8,7000,5""",1000,11758.02,38692.05
Problem_5Sat3Gs_1_5.json,1.5,6,1,-4.372994,"[5.932312731217644, -4.213274186618213, -1.2743913891384948, -0.11040467004086303, -2.1719564871197865, -1.34945079670654, -11.709702128491665, -5.654898488679462, -0.159868235902129, 4.397504997810167, 1.5193981415553477, -2.87577014584041]","""2,346,1001,297,1002,296,2001,202,2000,167,3,136,1,110,3001,98,3000,83,2002,55,1000,48,4,38,1003,34,5000,34,4000,29,7000,23,5001,21,4001,14,3002,11,5,6""",1000,1438.42,40130.48
Problem_5Sat3Gs_1_5.json,1.5,6,2,-4.863186,"[2.628530448838482, -7.409963612050256, 0.5152935797190561, -0.5362153758300688, 2.456292433769048, 0.7818242309103468, -9.029351843660754, -4.420846252370422, 1.8770911270961035, 4.986780584117954, -1.6629166681832444, 3.3084169523455507]","""2,461,1001,326,1002,321,1,223,2001,197,3,143,1003,70,2000,56,3000,53,3001,40,2002,39,1000,36,4,34,4000,20,5001,9,5000,7,3002,6,4001,5,7000,1,5,1""",1000,2809.39,41501.44
Problem_5Sat3Gs_1_5.json,1.5,6,3,-4.576869,"[5.495431964413672, -7.948464936175065, 3.6868567633105114, -1.5590376068893577, 2.0603964169539752, -0.7531541732481513, -10.747471862700701, 1.7531837862365947, -0.20612674012407584, 3.671410599738951, -1.441341614625627, 1.1609326653336878]","""1001,571,2,278,1002,271,2000,237,2001,154,3,140,3001,83,1,71,3000,46,4,32,4000,30,5000,30,1000,24,2002,23,4001,16,3002,14,1003,12,7000,8,5001,8""",1000,4176.37,42868.42
Problem_5Sat3Gs_1_5.json,1.5,6,4,-4.582430,"[6.10225242776122, -5.803409762903284, 0.07662026584294629, 0.630428265915501, -3.1717729463829287, 0.0036037986813988072, -3.908384404441468, -2.206019698007459, -1.9001684955629312, 6.693587948598145, 1.5753270955934542, 3.2063213268867092]","""2,417,1001,289,1002,286,3,267,2001,197,1,96,3000,87,2000,79,3001,70,2002,69,1003,50,4,42,1000,40,5000,21,4001,11,4000,11,3002,10,5001,4,7000,2""",1000,5546.35,44238.41
Problem_5Sat3Gs_1_5.json,1.5,6,5,-4.506266,"[2.16100917488071, -6.7808910590080025, -0.16987166919345353, -1.3894324931378568, 0.19449919467014126, 0.09063407366826993, -5.698681397403055, -0.4154031623071849, 5.870365424331892, 5.558368701618395, -1.5675829336986051, -0.1255263268327516]","""1002,341,1001,301,2,293,2001,200,3,183,2000,120,1000,114,1,98,3000,82,3001,67,4,54,1003,45,4000,32,2002,29,5000,28,5001,23,4001,23,3002,12,5,3""",1000,6910.43,45602.49
Problem_5Sat3Gs_1_5.json,1.5,6,6,-4.445895,"[3.0472792668111546, -9.980389790195897, 2.110971458012504, -1.0588251142955956, -0.1786259744113937, -0.8403561822549993, -8.46629369643742, -4.426264187048253, 5.755325912072149, 4.344699458542393, -2.14944137635, 2.562126018999481]","""1001,406,1002,297,3,257,2,226,2001,201,2000,121,1,79,1000,73,4,68,3001,66,1003,57,2002,40,3000,34,5000,31,4000,31,5001,30,3002,20,5,8,4001,3""",1000,8276.36,46968.42
Problem_5Sat3Gs_1_5.json,1.5,6,7,-3.922221,"[6.079187483230367, -9.526941762131669, 0.7040693277615458, -6.299548314597425, -2.3598924408463358, 0.2355402347545375, -5.733050431695652, -4.33806295586014, 5.465471537941159, 0.7929019579124511, -4.558367799886419, 2.1711642015040917]","""1002,297,3,276,1001,242,2,197,2001,176,3000,141,3001,120,4,107,1,73,1003,67,3002,65,4000,57,2000,51,5000,50,2002,42,5001,30,4001,29,7000,13,1000,11,5,4""",1000,9642.56,48334.62
Problem_5Sat3Gs_1_5.json,1.5,6,8,-4.735282,"[3.2037958618705753, -8.861191929022555, -0.6307030775301237, -4.723801603459089, 1.7387618067887674, -1.6170178338647172, -7.648234694179024, -3.8453127549636656, 5.747913612938882, 5.769485075178531, -2.3755598787100034, 0.25826831515740345]","""1001,408,2000,383,1,198,2,187,1002,186,2001,164,1000,129,3,75,3000,68,3001,64,4000,57,1003,26,4,26,2002,23,5000,22,5001,14,4001,11,3002,6,7000,1""",1000,11024.88,49716.93
Problem_5Sat3Gs_1_5.json,1.5,6,9,-4.391636,"[1.268593814343852, -11.569800702245512, 1.0767311534087085, -3.955326297463193, -0.9381250526407245, -1.1632090753525803, -6.097022092187325, -3.1024020179094833, 2.617353432039124, 2.4103769198741416, -0.35455719402414637, 0.3760423801314566]","""1002,380,2,355,3,286,1001,195,2001,192,2000,132,3001,81,3000,71,1000,59,4,56,2002,47,1,46,4000,41,1003,37,5000,28,4001,16,3002,13,5,9,5001,3,7000,1""",1000,12400.71,51092.76
Problem_5Sat3Gs_1_5.json,1.5,6,10,-4.162849,"[5.12489435705637, -10.859532688193587, 1.7857842468046783, -6.577842601814915, -5.481412044304172, 2.1000343501714314, -10.265350620435791, -8.79781483744871, 7.294524047553702, 8.546644435139985, 5.944546377549827, -3.0877324673580673]","""1002,344,2,305,1001,294,2001,189,3,122,2000,120,3000,106,4,91,3001,82,1003,67,1,65,2002,63,4001,43,5000,34,5001,29,3002,28,5,21,4000,20,7000,14,1000,11""",1000,13787.11,52479.17
Problem_5Sat3Gs_1_5.json,1.5,7,1,-4.489548,"[0.9416053874128804, -8.013773914896339, -0.6677898290214224, -0.8344687208560657, 0.8771322625176119, 0.1050400423386133, 1.7426107990479325, -9.815721573404085, -5.120747461280922, 3.4662332251129455, 5.347199266505545, -1.3628398136006867, 0.8556877265180195, 0.6970656734294429]","""1001,346,1002,295,2,279,2001,178,3,172,2000,154,1,125,3001,117,1003,68,1000,65,4,60,3000,54,2002,40,5000,29,3002,20,4001,16,7000,12,4000,8,5001,7,5,3""",1000,1651.79,54130.96
Problem_5Sat3Gs_1_5.json,1.5,7,2,-4.225195,"[3.5320854370445725, -9.826886268835956, -3.4780123940693555, -1.1972054588632632, 4.945720989786986, 2.9700996481468946, 1.541456707842325, -10.862478712182124, -3.734194735039213, -0.3896511073136993, 6.718937678504695, -3.2630086348524525, 2.7350136207089415, -2.6653127126392056]","""1002,414,1001,326,3,209,2,205,2001,176,2000,135,3000,94,1003,88,3001,80,4,66,2002,52,1,48,4000,36,3002,35,5000,30,1000,16,5001,14,4001,11,5,11,7000,2""",1000,3228.09,55707.26
Problem_5Sat3Gs_1_5.json,1.5,7,3,-4.379793,"[-0.5907086725889438, -9.023138305113124, -1.351237261068216, -0.8413404192950792, 3.9734325908820094, -1.4933248973009265, 1.6305477763959855, -9.3628551730382, -4.011493059673017, 1.9082160235828, 2.1356651463030687, -2.5104783982969416, 5.46066053295848, 0.7230103461327181]","""2,286,1002,273,1001,271,2001,195,3,183,1,165,2000,145,3000,81,3001,75,4,69,5000,56,1000,50,2002,50,1003,44,4000,39,3002,28,5001,14,4001,14,5,6,7000,4""",1000,4794.09,57273.26
Problem_5Sat3Gs_1_5.json,1.5,7,4,-4.365165,"[1.976381534264368, -7.703006306838083, 1.5790476877121875, -1.80753351939488, 3.689376314390369, 1.0897075667455502, 0.41534061335357836, -10.220391476527494, -6.316803126941607, 1.7772068029403674, 7.084603580620482, -1.7952254429932595, 2.5314238105497164, -0.1566727649864244]","""1002,345,1001,318,2,286,3,226,2001,199,3000,112,2000,80,1,80,1003,67,3001,66,2002,61,1000,49,4000,40,4,38,3002,27,5000,25,4001,15,5001,10,7000,4""",1000,6372.99,58852.16
Problem_5Sat3Gs_1_5.json,1.5,7,5,-4.881950,"[3.1792634191833593, -5.7287513267636205, 2.5071562189988508, -2.315738056828565, 0.7419358966842663, -0.5974680222412608, -2.224575233516098, -9.461658902654301, -2.5610220712780234, 1.664674946465961, 5.410436412985237, -1.6193018112143216, 4.615665845307508, -0.5726090099282212]","""1001,494,2,431,1002,246,3,173,2000,171,1,161,2001,133,3001,63,1000,40,3000,32,4000,29,4,27,1003,17,2002,14,3002,8,5000,4,4001,3,5001,1,5,1""",1000,7946.67,60425.84
Problem_5Sat3Gs_1_5.json,1.5,7,6,-4.718823,"[3.3662159952230226, -6.141781173320116, -0.6181589663158861, -2.3981945352125127, 4.159430154555417, 0.7855483726246487, 1.4422785967777145, -8.914139890315559, -4.973309232613524, 2.4298149113821363, 5.602496060412878, -1.0554065980824414, 1.6187493253808682, 1.8136084698243968]","""2,455,1001,355,1002,291,3,234,2001,172,1,142,2000,116,3001,57,2002,43,1003,35,3000,32,4,29,4000,27,3002,16,5000,16,1000,9,7000,9,5001,6,4001,4""",1000,9521.07,62000.23
Problem_5Sat3Gs_1_5.json,1.5,7,7,-4.187317,"[1.840903951249104, -7.7852970590466954, 1.9450691976579473, -5.680737884864414, -1.3548079937969557, -2.079670962946046, -6.562246669685577, -11.698631904436915, -3.475677239862746, 12.095868131323897, 5.539136166038385, -4.718799385103266, 3.8709811114113006, 2.407838284957253]","""1002,351,1001,320,3,276,2,191,2001,177,2000,142,3000,116,4,89,3001,85,1003,54,2002,52,1,40,5000,34,4000,33,4001,27,3002,21,1000,13,5001,12,5,9,7000,6""",1000,11095.81,63574.98
Problem_5Sat3Gs_1_5.json,1.5,7,8,-4.272295,"[3.3511870455305623, -8.469018702144135, -1.0059346374693432, -5.001230031541243, 0.7782092064642202, 1.7111487370645644, 0.7363069384868294, -6.723935204918882, -7.2659224248308005, 0.4034121099815985, 3.3456774417563016, -2.9254694156416705, -0.6736457405996964, -1.2856906358396585]","""1002,331,1001,271,2000,199,2,196,3,172,3000,156,2001,150,1,129,3001,91,2002,59,5000,48,1003,48,4,45,1000,40,4000,39,3002,28,5001,19,4001,14,7000,13""",1000,12663.93,65143.10
Problem_5Sat3Gs_1_5.json,1.5,7,9,-4.129334,"[2.1235502979154046, -11.467811969321808, -1.1150206878075943, -8.628029268343122, 1.9489410237632718, -3.337146224844144, 1.5498762320420072, -10.836687500530996, -7.65869402274943, 6.049773585758045, 6.305038668640952, 2.3471350114908596, -0.23466201322846236, -2.466269090722328]","""1001,307,1002,294,2,291,3,253,2001,220,3001,92,2000,91,1003,91,3000,74,2002,64,4,54,5000,50,1,47,4000,43,3002,28,5001,17,7000,17,4001,9,1000,4,5,2""",1000,14231.74,66710.91
Problem_5Sat3Gs_1_5.json,1.5,7,10,-4.659140,"[3.6957065911040825, -10.445933392779857, 0.01530458693580804, -5.491800545488034, 0.9535169972168486, -2.336026185324097, 0.8168079397215601, -11.833366231760877, 1.4109858343554782, 5.504273210360245, 7.110278241002615, -3.59869221661663, -1.6514585322474855, 4.157002285673428]","""1001,454,2,382,1002,283,2001,210,3,151,2000,145,1,127,3001,71,1003,33,3000,33,5000,30,4,30,2002,29,4000,22,3002,21,1000,10,7000,7,4001,6,5001,4""",1000,15810.34,68289.50
Problem_5Sat3Gs_1_5.json,1.5,8,1,-4.137726,"[7.1108957298421736, -7.941350167171839, 4.304728056805809, -2.0647091911003375, 1.186740341161979, -4.304106236289167, -0.5873607895227851, 4.6506769736793085, -7.2554580832452675, 2.573627518106932, -1.3848076816206354, 5.645127705603956, 0.6598294102227366, 5.702675702231138, 2.4508662336654177, -0.5127303648504381]","""1002,316,2001,292,3,263,1001,248,2,207,2000,153,3000,111,3001,95,1003,67,4,56,4000,53,2002,40,1,35,3002,29,4001,24,5001,24,5000,23,7000,6,1000,4,5,2""",1000,1858.28,70147.79
Problem_5Sat3Gs_1_5.json,1.5,8,2,-4.157050,"[1.012906325544589, -11.343156865210437, -3.4123039143350242, -6.092678429984358, 2.9318480535176734, 1.1196382951200918, -2.4291497878868507, -4.08577944943229, -15.891855749977323, 1.8550285217568185, -0.5417808701004593, 3.9634178813534957, -4.40115482529517, 8.792244685398922, -4.62261849641241, -0.14696661576099113]","""1002,313,3,235,1001,235,2,233,4,197,2001,157,1,127,3000,104,3001,99,2000,96,1003,86,5000,54,4000,29,5,21,2002,21,3002,14,5001,13,7000,11,4001,3""",1000,3636.40,71925.91
Problem_5Sat3Gs_1_5.json,1.5,8,3,-4.491484,"[2.6901268254896213, -5.837640686682819, 2.8568851692073793, 0.050542285483173605, 3.8705586606410023, 0.8228188875457524, 0.03246159964594661, 4.579899456887162, -4.9019000865381415, -5.237120654119842, 6.6053668400711665, 6.820762454811172, 0.7084076468886852, 7.153118671674784, 3.881669392538808, -2.637196156314481]","""1001,315,2,271,2001,249,1002,238,1,184,2000,173,3,137,3000,122,3001,54,4,52,5000,51,4000,46,1003,44,1000,41,2002,27,4001,21,7000,10,3002,6,5001,6,5,1""",1000,5417.71,73707.22
Problem_5Sat3Gs_1_5.json,1.5,8,4,-4.394570,"[1.3469267978595818, -7.488328818521062, 2.2552912903738527, 1.1404517240342311, 0.5326355382715886, -1.5525759038131421, 0.1984157224264918, 4.32011832819566, -4.273624827985225, -2.1159653895742943, 6.6613043815302895, 5.949624022690779, -1.0986601212152645, 4.009426790780898, 0.2581839652794956, 0.2606415734974177]","""1002,362,2,322,1001,319,3,269,2001,203,1003,100,1,69,2000,62,3001,51,3000,48,4,48,4000,32,5000,31,1000,31,3002,28,2002,22,5001,22,4001,17,5,7,7000,5""",1000,7182.13,75471.64
Problem_5Sat3Gs_1_5.json,1.5,8,5,-4.180491,"[4.164766897823446, -3.1164055624937017, 1.109199275587848, -0.9456205649897229, -1.191985534391109, -0.1601102401776812, 1.1234078724322099, 1.6127731505509963, -9.191833350689286, -0.12124416263664409, -1.47796420738386, 7.0079212672526445, 1.160841481666787, 6.672892187871938, 0.014233646682714124, 1.515234784577557]","""1002,398,2,268,1001,231,2001,225,3,218,3001,135,2000,135,1003,102,2002,72,3000,65,4000,38,5001,38,4,29,4001,20,1,20,1000,19,5000,18,3002,16,7000,1""",1000,8948.82,77238.32
Problem_5Sat3Gs_1_5.json,1.5,8,6,-4.213901,"[4.349905422241352, -7.375187481996302, 2.5552420358870642, -0.582477579893058, 1.3326677148646788, 5.514125900042665, 2.154845664247195, 1.3103544378099992, -14.345147673646894, -1.143768005934906, 5.632107626300971, 7.177560140627231, -0.0685134967339407, -3.4097377271554756, 7.752282019870649, 2.6434476234961353]","""1002,290,2001,288,1001,257,2,255,3,206,3000,126,2000,110,4,79,1003,69,1,68,3002,61,3001,61,2002,60,4000,44,1000,20,4001,17,5000,16,7000,10,5,7,5001,4""",1000,10711.39,79000.89
Problem_5Sat3Gs_1_5.json,1.5,8,7,-4.137286,"[-2.7246750447069754, -5.112328901128248, -1.9360136820470146, -3.4770001465038423, 9.90134921342671, -3.827791953169916, 4.905674936298133, -0.49294969912112124, -5.87738062941266, 0.9877215226048344, -0.20172268704271895, 6.3452541221618715, -4.325190268662289, 2.816182996949431, -4.956299818662102, 0.1604369504002906]","""1001,344,1002,252,3,241,2001,236,2,221,1003,158,4,95,2000,87,3001,83,3000,71,2002,69,4000,39,3002,37,1,34,5001,15,1000,15,5000,15,4001,13,7000,12,5,11""",1000,12483.96,80773.47
Problem_5Sat3Gs_1_5.json,1.5,8,8,-4.159892,"[3.1820282353134677, -6.177471316675158, -3.8742236410303224, -2.0993860943412543, 5.338021340447332, 1.8511981828347135, 0.27152171288674587, -1.1441556495529477, -6.639070996954484, -2.8322752496399946, 2.2358753603869537, 6.691648959927321, -1.2526733819684301, 3.828083391319908, 0.13097273695417183, 0.5245695952574798]","""1001,404,2001,241,1002,232,2,179,2000,155,3,143,3000,138,3001,110,1,68,1003,60,4000,59,5000,55,2002,54,4001,54,1000,41,4,27,3002,16,5001,9,7000,3""",1000,14247.72,82537.23
Problem_5Sat3Gs_1_5.json,1.5,8,9,-4.517666,"[3.692675222878937, -2.1578854375561107, -1.4338857266937797, -2.1301793822170714, 4.561722970448282, 2.852923856209866, 0.030347086307268775, 1.2956904292169964, -12.158359362325838, -2.0940365207115725, 4.0501926379589275, 7.494758825813244, 1.1441780547945541, -0.66971089671563, -1.2291399801897918, 1.710201319563091]","""2,350,1002,332,1001,311,3,248,2001,175,2000,110,1,98,3000,80,3001,68,2002,65,1003,58,4,52,5,26,4000,21,5000,18,1000,16,7000,7,3002,7,5001,3,4001,3""",1000,16010.93,84300.43
Problem_5Sat3Gs_1_5.json,1.5,8,10,-4.250480,"[-1.0666306148529152, -4.999371616378665, -2.543076562656236, -1.3460089578586112, 5.364533979834786, -3.658421123149713, -1.3842137760871978, 0.032798452436158386, -10.508508097301801, -10.05848064048975, 0.8221441741302862, 8.768548136085997, -4.315757377877957, 0.9795582206388737, -3.987497898910241, 5.165790833664283]","""1002,346,3,281,2,278,1001,275,2001,222,3000,136,3001,83,2000,77,4,75,2002,46,1003,44,1,42,5000,38,4000,29,3002,26,1000,23,4001,14,7000,9,5,3,5001,1""",1000,17770.42,86059.92
Problem_5Sat3Gs_1_8.json,1.5,1,1,-4.764800,"[-0.9509271593118089, 2.086638968195672]","""1002,363,1001,326,2001,275,3,219,2,154,3001,147,3000,75,4,63,4000,62,1003,54,2000,52,1,50,1000,44,3002,38,6000,32,2002,27,5000,22,4001,16,5,11,6001,7,5001,6,8000,5""",1000,410.27,410.27
Problem_5Sat3Gs_1_8.json,1.5,1,2,-4.783169,"[-0.9530067636747095, 2.1990133719565383]","""1001,335,1002,325,2001,276,3,233,2,182,3001,122,3000,91,4000,81,2000,67,4,65,1,46,1000,45,3002,39,1003,35,6000,28,2002,22,5000,17,4001,9,6001,9,5,9,5001,8,8000,4""",1000,800.48,800.48
Problem_5Sat3Gs_1_8.json,1.5,1,3,-4.785822,"[-0.952686164686079, 2.218405940842131]","""1001,370,1002,324,2001,247,3,239,3001,165,2,163,3000,97,4000,84,1,50,4,45,1000,36,1003,35,2000,34,3002,32,6000,27,2002,25,5000,25,5,16,6001,15,5001,9,4001,7,8000,3""",1000,1188.49,1188.49
Problem_5Sat3Gs_1_8.json,1.5,1,4,-4.778438,"[-0.9525328030463847, 2.166905038040323]","""1001,351,1002,324,2001,259,3,251,2,171,3001,170,3000,86,4000,71,4,58,2000,53,1003,48,1,46,3002,30,1000,28,5000,26,6000,24,2002,17,5,13,4001,10,8000,5,6001,5,5001,2""",1000,1580.12,1580.12
Problem_5Sat3Gs_1_8.json,1.5,1,5,-4.595460,"[-0.8221497797890702, 0.9528855121214763]","""1002,444,3,246,2001,223,1001,188,2,173,3001,160,1003,124,4,96,3000,66,4000,57,2002,50,3002,49,2000,36,1,32,4001,17,6000,16,6001,13,1000,13,5001,12,5000,12,5,11,8000,10""",1000,1969.36,1969.36
Problem_5Sat3Gs_1_8.json,1.5,1,6,-4.597783,"[-0.8332361144930494, 1.1218687571980392]","""1002,443,3,245,1001,222,2001,192,2,162,3001,161,1003,118,4,83,3000,69,3002,63,4000,60,2002,50,2000,41,1,24,4001,23,5000,20,5001,16,6000,16,6001,14,1000,13,8000,10,5,3""",1000,2358.76,2358.76
Problem_5Sat3Gs_1_8.json,1.5,1,7,-4.779060,"[-0.9523027084430777, 2.1710064430227387]","""1001,360,1002,327,2001,276,3,243,2,150,3001,130,4000,86,3000,72,1003,49,2000,47,1,45,4,44,1000,41,3002,36,2002,31,5000,31,6000,25,4001,14,5001,13,5,12,6001,11,8000,5""",1000,2746.09,2746.09
Problem_5Sat3Gs_1_8.json,1.5,1,8,-4.596338,"[-0.8289357871096584, 1.0663437560338747]","""1002,432,3,266,2001,220,1001,187,2,154,3001,148,1003,116,4,111,3000,71,3002,63,4000,52,2002,49,1,29,1000,25,2000,25,4001,22,5001,21,6001,15,8000,12,6000,10,5000,10,5,10""",1000,3133.07,3133.08
Problem_5Sat3Gs_1_8.json,1.5,1,9,-4.773999,"[-0.9528854772437537, 2.1389888888640045]","""1001,342,1002,318,2001,265,3,256,2,167,3001,155,3000,71,4000,69,1,54,2000,51,4,47,1003,42,3002,42,6000,39,1000,36,2002,25,5000,23,6001,13,5,10,4001,8,8000,8,5001,7""",1000,3519.27,3519.27
Problem_5Sat3Gs_1_8.json,1.5,1,10,-4.770281,"[-0.9539906377096908, 2.116964901980872]","""1002,362,1001,350,3,261,2001,244,2,148,3001,146,3000,93,2000,63,4000,62,1003,51,4,48,1,43,6000,34,3002,32,1000,27,2002,24,5000,20,4001,14,6001,10,5001,7,5,6,8000,3""",1000,3910.67,3910.67
Problem_5Sat3Gs_1_8.json,1.5,2,1,-5.093464,"[7.170156560774809, -6.695661403178003, -0.41726604299955544, -0.13820255122654304]","""3,344,1002,329,2,272,1001,265,1003,150,2001,148,4,124,1,85,3001,58,2002,54,2000,49,3002,39,4000,32,1000,31,4001,26,3000,20,5001,10,6000,3,5000,3,5,2,6001,2,8000,2""",1000,633.50,4544.18
Problem_5Sat3Gs_1_8.json,1.5,2,2,-4.992713,"[-0.9861526130550058, 4.104332590663141, 13.071068591399138, -2.4904841402133058]","""4,320,2,205,1002,194,1001,190,5,183,1,182,3,179,1003,141,2001,117,1000,56,3001,51,3000,50,2002,49,3002,36,2000,34,4000,27,5001,18,4001,8,8000,4,5000,2,6000,2""",1000,1233.23,5143.91
Problem_5Sat3Gs_1_8.json,1.5,2,3,-5.211251,"[-9.47025117496296, -0.9764706969724949, 3.6044222973976523, -0.07836211681300612]","""2,369,3,357,1002,314,2001,224,1001,209,4,155,3000,99,3001,54,1,48,1003,40,2000,38,5,30,2002,28,1000,24,4000,22,5000,15,3002,12,4001,5,8000,4,6001,1""",1000,1833.45,5744.12
Problem_5Sat3Gs_1_8.json,1.5,2,4,-5.040447,"[4.1742157136288975, -4.732628806219005, 3.29458237722089, 6.354169781997727]","""1001,277,1002,235,2,228,2001,209,1,200,3000,174,4000,114,3,110,1000,90,3001,83,2000,80,5000,53,4,47,1003,37,2002,34,3002,23,6000,20,4001,13,5001,10,5,7,8000,4""",1000,2432.01,6342.68
Problem_5Sat3Gs_1_8.json,1.5,2,5,-4.626871,"[24.117888213061434, -17.61283775385302, -6.317877458850077, 12.994639352409349]","""1001,329,1002,299,3,229,2,213,2001,201,3001,144,4,103,4000,101,3002,63,1003,54,2000,49,3000,49,4001,47,6000,43,1,31,5000,21,2002,19,5001,17,8000,12,1000,12,6001,9,5,3""",1000,3036.47,6947.14
Problem_5Sat3Gs_1_8.json,1.5,2,6,-4.653127,"[-2.151051811670881, 11.384779603723008, 7.060635565189633, -8.504749054643353]","""1002,363,2,257,1001,157,3,143,1000,140,2001,137,3001,108,1003,94,3000,92,2000,87,4000,80,4,73,3002,64,1,62,4001,45,8000,37,2002,34,5000,29,5001,23,5,10,6001,7,6000,6""",1000,3638.54,7549.22
Problem_5Sat3Gs_1_8.json,1.5,2,7,-4.835901,"[21.918933501696884, -13.150982964219772, -5.58471374753361, -0.13170840651186524]","""1001,297,1002,294,3,260,2,231,2001,185,3001,96,1003,95,4,87,1000,82,3000,57,5000,51,1,47,4000,44,2000,39,3002,38,2002,37,5,33,6000,32,4001,23,6001,17,5001,2,8000,1""",1000,4234.77,8145.44
Problem_5Sat3Gs_1_8.json,1.5,2,8,-5.539345,"[-7.61114971614681, -6.782573430122455, 8.973623146074715, 4.036971860234137]","""1001,360,1000,348,2001,214,1,187,1002,177,3000,169,2000,164,2,114,4000,96,3,71,3001,59,4,16,1003,14,5000,14,2002,12,4001,9,5001,6,3002,6,8000,5,5,3,6000,3,6001,1""",1000,4833.01,8743.68
Problem_5Sat3Gs_1_8.json,1.5,2,9,-4.670653,"[-15.066680423692352, -14.636757369844267, 8.544816212394766, 24.142755705202127]","""1002,365,3,293,2,228,1003,221,2001,172,1001,153,3001,149,2002,99,4,91,4000,69,3000,46,5,32,2000,30,3002,26,1000,20,5001,14,1,13,5000,9,6001,7,4001,6,8000,5""",1000,5440.44,9351.11
Problem_5Sat3Gs_1_8.json,1.5,2,10,-4.833103,"[-15.916715579387835, 12.994448870418742, 30.909790845465146, 5.2390389234368575]","""1001,285,2001,266,1002,251,3,228,2,208,3001,130,3000,119,1003,98,1,95,4000,79,3002,53,4,48,2000,40,1000,34,2002,30,4001,25,5,24,8000,20,6000,5,5000,5,6001,3,5001,2""",1000,6043.08,9953.75
Problem_5Sat3Gs_1_8.json,1.5,3,1,-5.613050,"[-7.333639023370556, -5.25540964155894, -0.9594908250848105, 8.771470934449901, 4.950819946703491, 0.08566884798912607]","""2,484,1,288,1001,256,3,244,1002,212,2001,143,3001,90,1000,85,3000,71,4,33,2000,33,4000,27,1003,19,5000,15,2002,15,6000,9,8000,9,5001,4,6001,4,3002,3,5,2,4001,2""",1000,865.44,10819.19
Problem_5Sat3Gs_1_8.json,1.5,3,2,-4.907033,"[-5.953368376675263, -7.964294263829277, -0.5180132455122113, 9.599585469985012, 5.083537228312908, -0.6004932769462812]","""1002,341,1001,288,3,196,2001,193,4,155,2,145,1,134,4000,103,3001,99,1000,87,3002,61,1003,49,2000,48,3000,43,2002,38,5000,37,4001,10,5001,7,6000,7,6001,3,8000,2,5,2""",1000,1690.47,11644.22
Problem_5Sat3Gs_1_8.json,1.5,3,3,-4.942727,"[-7.27358039877293, -7.450585236996304, -0.5257830088005572, 10.029009274822043, 5.652315725252715, 0.28373115355708584]","""1002,417,2,269,3,246,2001,217,1001,202,1003,141,4,110,3001,78,4000,67,1,55,3000,50,2000,46,1000,43,3002,24,4001,23,2002,21,6001,14,5001,11,5000,7,6000,4,5,2,8000,1""",1000,2506.59,12460.35
Problem_5Sat3Gs_1_8.json,1.5,3,4,-5.276464,"[-8.476396225318354, -5.479251171478414, 0.00244891012108608, 9.393581629939051, 3.0201080066647554, -1.9035344082744368]","""1001,372,1002,369,2,336,3,240,2001,155,1,118,1000,84,3001,53,4,52,3000,52,1003,50,6000,37,4000,33,2000,24,2002,22,5000,12,4001,10,6001,10,3002,9,8000,6,5001,4""",1000,3315.75,13269.50
Problem_5Sat3Gs_1_8.json,1.5,3,5,-5.615104,"[-6.978597963445975, -0.9947318566552035, 1.491811748605145, 4.774793889854897, 0.5371533724835222, 2.29283854904701]","""2,644,3,277,1001,214,1002,176,2001,132,1,128,1000,110,4,81,3000,79,3001,50,2000,46,2002,26,4000,25,1003,22,5000,13,6000,7,3002,5,5,5,8000,4,4001,2,5001,1,6001,1""",1000,4134.15,14087.90
Problem_5Sat3Gs_1_8.json,1.5,3,6,-5.292885,"[-11.886054085463503, -2.4685166026206495, 0.1869491818803394, 5.403567258454023, 0.06609167228219166, -0.15000725984755328]","""2,372,1002,368,3,334,1001,185,2001,168,4,124,1,108,3001,68,1003,67,3000,67,2000,50,1000,36,4000,36,2002,28,3002,11,4001,9,6000,8,6001,4,5001,2,5000,2,5,1""",1000,4953.51,14907.26
Problem_5Sat3Gs_1_8.json,1.5,3,7,-5.269023,"[-10.264138818193034, 2.5600465166619752, 3.118375443038256, 2.846124905600412, -1.5391208157787546, 0.6648516427123041]","""1001,282,1000,273,1002,221,3,188,2,164,1,154,2001,123,3000,110,4,104,2000,103,3001,77,2002,50,1003,47,3002,45,4000,44,5000,17,5,17,4001,12,6000,5,5001,5,6001,4,8000,3""",1000,5769.83,15723.58
Problem_5Sat3Gs_1_8.json,1.5,3,8,-5.424362,"[-11.162279073736011, -0.9176478241376824, 2.3938295992621934, 1.093282937621253, 1.4501951003589302, 1.043451181722987]","""2,335,1001,331,1,241,3,189,1002,169,2001,165,4,109,1000,104,3000,96,3001,86,4000,74,5000,63,2000,51,3002,9,1003,7,4001,6,2002,6,8000,3,6001,3,6000,1""",1000,6585.32,16539.07
Problem_5Sat3Gs_1_8.json,1.5,3,9,-5.414892,"[-9.378310942140473, -2.582456750841608, -0.7398204729155713, 5.638366331953985, 1.6437518258449026, 0.3314788934347431]","""2,390,3,347,1001,261,1002,217,1,210,2001,146,4,89,1003,84,1000,68,2000,50,3000,49,3001,36,4000,24,6000,21,2002,17,8000,13,3002,7,5000,6,6001,5,4001,5,5,2,5001,1""",1000,7395.45,17349.20
Problem_5Sat3Gs_1_8.json,1.5,3,10,-5.877225,"[-9.310575527464312, -0.6133632367993743, -0.634711160603567, 3.5562350579932382, 1.5933882483762851, 4.241974573602658]","""1,440,1001,281,1000,248,2,236,1002,203,2001,202,2000,122,3,93,3000,81,4000,34,3001,33,4,19,5000,12,1003,11,2002,8,3002,5,6000,5,8000,4,5001,4,5,3,4001,3,6001,1""",1000,8209.38,18163.13
Problem_5Sat3Gs_1_8.json,1.5,4,1,-5.061669,"[-9.459409598669184, -1.7406875264656856, -0.029939995537882066, 2.1658990848321404, 2.136018755071245, 4.107787876617901, 3.16749223749216, 0.12323741719087027]","""1001,292,2001,247,2,230,1002,194,3001,193,1,174,3000,142,3,130,1000,88,2000,88,4000,64,4,42,2002,39,3002,37,1003,37,5000,13,6000,12,6001,9,4001,6,5001,6,8000,3,5,2""",1000,1061.53,19224.66
Problem_5Sat3Gs_1_8.json,1.5,4,2,-5.699726,"[-12.055369208195163, -3.1416771512071557, -1.0029803983448227, -1.5804351991799581, 7.655682020531195, -0.2626453823529833, 4.610535118957307, -2.7449627452633694]","""1000,288,2,275,3,249,1001,233,1,231,1002,206,2001,187,2000,108,3000,89,4,55,1003,39,4000,33,3001,19,2002,7,8000,6,4001,6,6000,5,5000,5,3002,4,5001,1,5,1,6001,1""",1000,2083.35,20246.47
Problem_5Sat3Gs_1_8.json,1.5,4,3,-5.459205,"[-10.934063213779487, -2.529748680814123, -0.5623124748036399, -3.1619500384203487, 4.539687110853568, -3.5984879970826613, 5.6563834783784985, 2.998565097903376]","""2,457,1002,345,1001,331,1,184,2001,141,3,130,3000,94,1000,68,4000,55,3001,55,2000,51,1003,35,2002,23,3002,18,4,13,4001,13,5000,11,6000,11,5001,7,6001,3,5,2,8000,1""",1000,3108.89,21272.01
Problem_5Sat3Gs_1_8.json,1.5,4,4,-5.290339,"[-8.364200530924025, -3.185985847366803, 1.5207779973987396, -3.8596276721235894, 3.497642126001426, 1.3840246920750643, 2.8664090424948334, -1.1355826216212506]","""1001,399,1002,273,2001,233,2,202,3000,177,1,150,3,139,1000,134,4000,80,2000,76,3001,50,1003,41,4,28,2002,22,3002,14,4001,8,5000,7,8000,7,6000,4,5001,3,6001,1""",1000,4135.40,22298.52
Problem_5Sat3Gs_1_8.json,1.5,4,5,-5.326631,"[-6.904711803645186, 1.4086334883212177, 3.1229092015368325, 0.871595099438017, 4.141149465175505, 4.960397982661257, 2.0119359875524134, 0.3437291496612284]","""2,512,3,488,1002,231,4,164,1001,104,5,96,1000,73,3001,73,1003,56,1,55,2001,46,3000,36,2002,29,2000,28,3002,21,4000,15,4001,5,5001,4,5000,4,6001,4,6000,3,8000,1""",1000,5167.63,23330.76
Problem_5Sat3Gs_1_8.json,1.5,4,6,-4.778161,"[-5.1155596158934, 0.23896103716312603, -1.0935166350408778, -1.261986376732903, 6.018841225927728, 2.9643550838628885, 2.6568529350888923, -0.32894811034365895]","""1002,399,1001,256,2001,218,2,189,2000,139,3,128,1003,101,1000,101,4000,97,3000,78,3001,76,4001,64,4,58,3002,45,2002,20,6000,20,5000,19,1,15,6001,7,5,7,8000,6,5001,5""",1000,6195.86,24358.98
Problem_5Sat3Gs_1_8.json,1.5,4,7,-5.421840,"[-6.392161920878902, -2.118748926765208, -0.7328034350661339, 1.6098698765113462, 3.1350930251680738, 0.23388692175767528, 2.726405358919395, 3.700781258503278]","""1001,401,1002,331,2,255,2001,184,1,162,3,140,1000,132,3000,129,2000,109,4000,42,3001,33,1003,33,4,30,2002,22,5000,14,3002,10,4001,7,8000,5,5001,5,6001,2,5,1,6000,1""",1000,7216.31,25379.44
Problem_5Sat3Gs_1_8.json,1.5,4,8,-5.045161,"[-9.019460677433916, -0.4244013110916127, 3.26673155054178, -0.12546815330946148, 4.904180207091024, -1.7885340321709715, 1.2806800342767546, 1.279685781722014]","""2,339,1002,242,1001,239,2001,194,3,171,1000,136,3001,128,3000,105,4000,83,2000,80,1,74,3002,64,4,58,1003,45,2002,36,8000,19,6000,14,4001,11,5,4,5001,3,6001,2,5000,1""",1000,8239.05,26402.17
Problem_5Sat3Gs_1_8.json,1.5,4,9,-4.995983,"[-5.949208470597892, -5.167313424821611, 0.30578577379527255, -1.5142436964415666, 10.548409903138845, 3.987011281309798, -0.32491348970019035, 2.1341001082158266]","""2,374,1002,308,1001,276,2001,210,1000,149,3,146,3000,99,1003,80,4,80,4000,76,2000,49,3001,48,6001,36,2002,31,3002,30,1,14,4001,12,5000,11,5001,10,6000,9""",1000,9268.93,27432.06
Problem_5Sat3Gs_1_8.json,1.5,4,10,-5.601328,"[-4.726254121188478, -5.2887044715717275, 0.6408896092244216, -2.3699886608165355, 9.874713310975526, 6.240551540096797, -0.8133235820119138, 0.16719845387709834]","""1001,328,1,324,2,258,1002,222,2001,175,1000,160,3,135,3000,120,2000,100,4000,50,4,43,3001,31,1003,29,2002,22,5000,16,8000,11,3002,8,5,6,6000,6,6001,2,4001,1,5001,1""",1000,10283.59,28446.72
Problem_5Sat3Gs_1_8.json,1.5,5,1,-4.874801,"[-13.992477264087862, -1.080656529260816, 0.9317475287703375, -2.595988174852116, 0.16082043613643182, 10.966109922948549, -1.1498195731817993, 4.572649448329267, -3.943934844953237, 3.905390888102911]","""1002,308,1001,273,2001,254,2,204,3,130,4000,129,4,129,3000,126,3001,119,2000,82,1,69,1000,69,1003,42,2002,29,5,21,4001,17,3002,16,5000,15,6000,10,6001,5,8000,1""",1000,1302.03,29748.74
Problem_5Sat3Gs_1_8.json,1.5,5,2,-4.777199,"[-11.07019481212664, -0.22986511777183397, -0.3745204341433538, 0.45874912032082416, 1.3332343830648874, 6.4049910433161985, 3.522378467142626, 6.631019959783775, -0.31396680513109276, -1.8500527255254666]","""1001,349,1002,286,4000,170,2001,163,2,161,3,137,1,121,2000,119,3000,97,3001,88,4,82,1000,58,1003,44,3002,40,5,30,2002,22,5000,20,8000,18,6000,17,4001,14,5001,9,6001,3""",1000,2542.77,30989.49
Problem_5Sat3Gs_1_8.json,1.5,5,3,-5.579080,"[-11.858481719348584, -2.126255759705596, -3.2356238554555525, -0.7749170960490211, -2.3130352599312194, 7.573931843117248, -0.5103248228418441, 6.297500082726198, -2.7013951001881975, 1.5504826590551957]","""2,623,3,254,1001,194,1002,180,1000,176,2001,137,2000,80,3000,71,3001,68,1,63,4,61,1003,30,2002,27,3002,21,4000,20,5000,12,8000,9,4001,9,6000,7,6001,6""",1000,3782.92,32229.64
Problem_5Sat3Gs_1_8.json,1.5,5,4,-5.238746,"[-13.050207783160412, -2.5515114418683, -1.560263886695786, -2.271700322302369, 0.7655164981546626, 5.606060450862842, -0.2842228202023722, 5.268072957088912, -1.310893891467936, -0.41546797076323405]","""2,341,3,242,1,219,1002,183,1001,183,3000,170,2001,155,3001,112,4,92,1000,82,4000,75,2000,60,1003,48,8000,17,2002,17,4001,13,6001,12,6000,11,5,6,5001,4,3002,4,5000,2""",1000,5029.14,33475.86
Problem_5Sat3Gs_1_8.json,1.5,5,5,-5.484400,"[-0.5482919594951834, -5.6110416578871325, 0.7953637772708877, -2.288366309244339, -1.5363680665824377, 11.936056707768202, 6.101176940165039, -1.3616210188303346, -2.6051334700000086, 1.1652627377688094]","""1000,416,1001,349,2001,240,1,198,2000,197,3000,183,1002,137,2,87,4000,71,3001,54,3,28,5000,25,2002,19,1003,14,3002,13,6000,6,8000,4,4,3,4001,2,5001,2""",1000,6279.30,34726.02
Problem_5Sat3Gs_1_8.json,1.5,5,6,-4.930380,"[-5.956022686981674, -8.887987269282448, -3.5520290166430875, -3.5529350835956968, -1.5949143876675533, 10.43586133884207, 0.961479855912494, -8.57785104833253, 4.181301129639007, 0.05575475179560094]","""1002,327,2,283,3,223,1001,210,1000,146,3001,128,2001,124,3000,97,1003,87,4,76,4000,66,2000,63,2002,48,1,45,3002,37,4001,36,5000,24,8000,13,5001,7,5,4,6001,2,6000,2""",1000,7522.73,35969.44
Problem_5Sat3Gs_1_8.json,1.5,5,7,-5.467580,"[-10.061268992340977, -3.1304709415597465, 3.8693091080420983, -4.741979819595841, -4.6929513459361605, 5.249639891744986, 9.87016740432589, -6.094144244973357, -4.195178369003155, 2.301554374324631]","""2,410,1002,311,3,242,1,226,1001,222,2001,131,1000,87,3001,83,4,70,3000,60,2000,52,4000,40,1003,32,2002,24,8000,18,6000,15,5000,8,6001,7,5001,4,3002,3,5,2,4001,1""",1000,8766.09,37212.81
Problem_5Sat3Gs_1_8.json,1.5,5,8,-5.568869,"[-4.4897704227015796, -3.8236421760615875, -0.7473786437087386, -4.771435590449824, -3.2257862501404175, 12.125666685940564, 5.645646037997202, 1.5557727653893725, -1.296660314908576, 2.5879599156422253]","""2,423,1002,328,3,289,1001,260,1,214,4,138,1000,78,2001,62,3001,55,1003,41,3000,39,2000,38,4000,25,2002,19,3002,15,4001,11,6001,7,5,2,6000,2,5001,1,5000,1""",1000,10008.42,38455.13
Problem_5Sat3Gs_1_8.json,1.5,5,9,-5.438489,"[-9.587357488066436, -1.3276529233475778, -0.9840065323300784, -2.5103374853373532, -0.7769550972403949, 4.728175781085855, -4.272298815216632, 8.477101558518518, 1.8978593815239706, -1.2008465303499551]","""1001,357,1000,291,1002,242,2,235,2001,211,3,163,1,126,3001,70,4,69,3000,58,4000,43,2000,38,1003,31,3002,31,5001,28,2002,20,5000,19,4001,8,6000,5,5,2,6001,1""",1000,11258.30,39705.02
Problem_5Sat3Gs_1_8.json,1.5,5,10,-5.356425,"[-8.679353655370075, -5.432276890946117, 2.5992741505080494, -4.737693156537745, -3.942285419905968, 2.3243634360712613, -0.8998605004534138, 4.850305824364863, 0.01161873299834617, 2.367053131750638]","""2,398,1001,358,3,198,1,189,1002,167,3000,119,2001,110,2000,93,1000,75,1003,71,3001,68,4,65,3002,31,4000,29,2002,17,4001,17,6000,17,5000,9,5,8,5001,3,6001,3,8000,3""",1000,12504.32,40951.03
Problem_5Sat3Gs_1_8.json,1.5,6,1,-4.674826,"[-15.297750193877876, 2.3406264639168217, -3.740941104361526, -2.221311203292877, -1.9310525607946347, -0.4639241900249173, 5.645474336794781, 2.6328022950015226, 7.8282548233038565, -2.2900884645627837, 2.826842846768364, 4.587761449649662]","""3,275,1002,266,2001,246,1001,193,4000,131,3001,125,1003,114,2,111,3000,103,2000,101,1,84,1000,68,4,48,3002,37,2002,36,5001,34,4001,29,5000,20,5,11,6001,7,8000,5,6000,4""",1000,1532.08,42483.11
Problem_5Sat3Gs_1_8.json,1.5,6,2,-5.265338,"[-14.3693439761271, -1.6589789134754478, -4.008035762458078, -1.2360511497290754, -3.219213085551164, 0.756309868154452, 8.553059635342395, 0.03644741149031498, 3.477920040608405, -0.7922390792249661, 8.083217081425392, 1.6450830447542881]","""1002,385,1001,302,2,263,3,179,2001,171,1000,126,1003,121,1,104,3000,77,3001,74,2000,67,4000,59,4,47,2002,22,5000,11,3002,10,4001,10,6001,6,5,5,6000,5,8000,3,5001,1""",1000,3001.03,43952.06
Problem_5Sat3Gs_1_8.json,1.5,6,3,-4.624928,"[-12.167221217799947, -0.18646244375418897, -0.0741956968534773, -1.0384428441482139, -3.3167227836285713, 4.991126263735406, 5.12695649371798, -1.0844750060909147, 7.292123538213165, -0.17293317305054084, -0.030966759351239645, -1.9480026966401776]","""1002,424,3,206,2001,200,1001,181,2,163,3001,155,2000,102,4000,100,1003,99,4,88,3000,74,1000,56,3002,41,4001,33,1,32,8000,26,2002,21,5000,17,6000,17,5001,10,5,2,6001,1""",1000,4460.13,45411.16
Problem_5Sat3Gs_1_8.json,1.5,6,4,-4.883175,"[-11.055146025315876, -3.6532802367919395, -3.0844443370345322, 0.28699365508959324, -1.498804528326116, -0.7421646736387978, 6.755094321416194, -1.5514801745448468, 8.709897072929452, -0.43928062192147427, 2.168787179723939, -0.4418842992056619]","""1001,334,1002,333,3,309,2,265,2001,136,1003,116,3001,96,4000,86,4,83,3002,54,1000,52,2000,42,3000,31,1,24,4001,18,6001,15,5000,15,6000,14,2002,13,8000,7,5001,4,5,1""",1000,5924.29,46875.33
Problem_5Sat3Gs_1_8.json,1.5,6,5,-4.983626,"[-1.9606176136896303, -1.5362894819816793, -3.292333640490127, -3.9486476111830866, -1.4207531378539213, -4.838586320237721, 11.916671557061028, 8.094108945630406, 2.1049016385709685, -0.17334169295970325, 0.7327877837026849, 0.8854450856793555]","""2,377,3,315,1002,234,4,193,1001,152,2001,130,1,113,3002,110,3001,99,1003,95,2000,68,4000,43,1000,28,5,18,2002,16,3000,15,5000,12,4001,9,8000,8,6001,8,6000,3,5001,2""",1000,7391.49,48342.52
Problem_5Sat3Gs_1_8.json,1.5,6,6,-5.044712,"[-0.8114280207536351, -3.1928937912418793, -1.6265334835793, -6.373033683313668, -4.138066108718719, 3.057565619119496, 16.92535982912502, 9.233416719840198, -3.1564234103803748, -8.190059280699815, 2.586544033149108, 2.8099282245433144]","""1002,450,2,355,2001,284,3,255,1001,232,1003,70,3001,62,2002,61,1,42,4001,41,3000,40,2000,35,3002,32,4000,29,4,18,5,12,6000,9,1000,8,5001,6,5000,4,8000,2,6001,1""",1000,8845.48,49796.51
Problem_5Sat3Gs_1_8.json,1.5,6,7,-4.683310,"[-7.229112869023813, -2.515585530979078, -0.13414122426494432, -2.7529381850542647, -1.1727601661388563, -0.1644878875022461, 10.403202400918243, 5.711036002274942, 2.4735992564311298, 0.05055624422603202, 0.9716951881849966, -1.4496560555655211]","""1002,326,3,258,2,252,1001,209,2001,178,1003,139,3001,118,4,89,4000,84,3002,74,1000,55,3000,46,2002,45,2000,33,4001,27,1,26,8000,20,5,18,5000,16,6000,15,6001,11,5001,9""",1000,10300.66,51251.69
Problem_5Sat3Gs_1_8.json,1.5,6,8,-5.192967,"[-2.8992516570970297, -2.468437078226514, 0.012315668585519919, -5.362606107250639, -3.4853276477365247, -0.9027003798098749, 16.246754971312473, 6.841853405555297, 2.7795633717549793, -3.2051708479623624, 0.5788164487566145, -0.2551902695970294]","""2,349,1002,288,2001,223,1001,223,1,203,3,199,3000,85,4000,77,3001,75,1003,66,2000,46,4,42,1000,42,2002,28,3002,25,5001,25,4001,19,5000,18,8000,6,6001,5,6000,3,5,1""",1000,11750.02,52701.06
Problem_5Sat3Gs_1_8.json,1.5,6,9,-4.804480,"[-2.0626578348123794, -13.309263628815676, 4.646263104790844, -5.991959253107579, -4.4394818100459235, 1.7327489868923833, 15.50696693736709, 4.0104075757334465, -0.4026456431576796, -0.1939780844954104, 3.6175742178844286, 4.359707832151262]","""1002,299,1001,247,2001,246,2,166,4,157,3,132,4000,113,1000,104,2000,98,1003,86,3000,78,3001,65,2002,65,1,50,3002,48,4001,46,6000,14,5,13,8000,9,5001,5,6001,4,5000,3""",1000,13220.04,54171.07
Problem_5Sat3Gs_1_8.json,1.5,6,10,-5.237563,"[-5.184593633698387, -3.506664687807891, 4.676478676642707, -1.3023694916027073, -4.254284131135553, -0.30858751535494344, 17.478000728862597, 1.8795928797146277, 3.7255983317602017, 0.22077229747563556, -1.1269030430888034, 0.09632155791536513]","""2,338,1002,269,1,223,3,205,1001,194,2001,147,4,143,3000,99,1000,87,3001,71,1003,56,2000,54,3002,41,4001,26,4000,23,5000,17,2002,17,5001,15,6000,10,6001,9,8000,2,5,2""",1000,14681.20,55632.23
Problem_5Sat3Gs_1_8.json,1.5,7,1,-5.056588,"[-15.788030833843495, -0.9588289513178758, -3.1940951763522283, -0.4604497944508537, -3.1250820401793153, -1.3029734827348314, -1.5412448808354737, 7.17614699736317, 2.1547584740557393, 5.8437858161497855, -0.28337306001623025, 4.65279752793393, 3.322585136817828, 3.29603212948718]","""2,516,1002,466,3,272,2001,162,1001,161,4,81,1003,76,3001,59,4000,46,3002,40,6001,24,3000,23,4001,21,2002,21,1,20,6000,16,2000,14,1000,10,5,5,5000,5,8000,5,5001,5""",1000,1759.24,57391.48
Problem_5Sat3Gs_1_8.json,1.5,7,2,-4.966710,"[-12.596085222777088, -2.7070805335180848, -3.413189109528567, -4.65978396821062, -3.4394903555758627, 0.07356121227647551, 1.8844067752837153, 10.60193183883505, 0.1881575149382668, 3.869008395261065, 2.314743999112381, 9.851379844996732, -0.1891411373492837, -0.059823290908760575]","""1002,330,3,239,1,225,1001,221,2,181,2001,156,3002,106,4,102,1003,87,3001,73,3000,66,1000,50,4000,47,2000,43,5000,26,4001,22,6000,21,2002,20,8000,11,5001,9,5,7,6001,6""",1000,3444.17,59076.40
Problem_5Sat3Gs_1_8.json,1.5,7,3,-5.041038,"[-14.839369664892152, -1.4723505021672139, -5.2728871335408405, -3.326913155076494, -5.42350261572036, -0.6777480565111668, 0.01749658450408096, 10.518277816871082, -0.30019916783429584, 4.610928032317104, 0.3465569499017454, 6.428622265920317, 1.522757349608218, 1.18627752468194]","""2,317,1002,282,3,222,1001,190,2001,157,4,105,3000,103,1,97,2000,95,4000,84,1000,84,3001,77,2002,64,1003,58,3002,40,5000,27,8000,14,6001,10,4001,6,5,6,6000,5,5001,5""",1000,5130.85,60763.08
Problem_5Sat3Gs_1_8.json,1.5,7,4,-5.618629,"[-14.739697763192291, 0.07492221022690143, -5.5905072775769, -1.3675367713701052, -2.776958859467855, -0.8597101201180303, 0.7682894538959074, 8.701279463425562, -1.5305217597968463, 4.288633626866649, -1.3105711021766566, 8.20208461477184, 1.2097256446792735, -1.8293987604264965]","""2,403,1001,303,1002,258,3,212,1,208,1000,165,2001,101,1003,62,3000,60,4,55,4000,50,2000,48,2002,33,3001,28,4001,21,3002,20,5000,11,5001,3,6001,3,6000,2,8000,2""",1000,6804.92,62437.16
Problem_5Sat3Gs_1_8.json,1.5,7,5,-4.681074,"[-3.0430702042599482, -6.233611006333326, 3.3998114262463495, 0.358889317304131, -3.1391730479984603, -2.2574682925104814, -1.8225877327101108, 18.563448587814374, -0.23079984247189128, 0.9969049299433146, 1.7972268099856468, -0.5628972839987237, -0.8912888996102384, 1.9908939524496247]","""1001,284,1002,251,2001,175,3,158,2,145,1003,128,3000,124,3001,118,4,116,4000,115,1,82,3002,73,2000,71,1000,66,2002,61,5000,26,4001,16,6000,13,8000,11,6001,8,5001,7""",1000,8490.08,64122.31
Problem_5Sat3Gs_1_8.json,1.5,7,6,-4.699368,"[-2.6469946364769763, -4.038080908506688, 3.2350563188540598, -1.4219833100172183, -3.6794855625090506, -3.0810372181682366, -0.7297698769532888, 19.15161020761384, 5.162909120899555, 0.2100994073331639, 2.7155141321388, -0.17430139159275926, -0.9272609080357579, -0.8506865296485271]","""1001,347,1002,311,3,238,2001,232,2,175,3001,109,4000,96,3000,94,1003,84,3002,81,4,63,2002,42,1000,40,5000,37,2000,31,4001,18,8000,15,5,11,1,7,6001,6,6000,6,5001,5""",1000,10170.61,65802.85
Problem_5Sat3Gs_1_8.json,1.5,7,7,-5.172641,"[-5.607553862318474, -3.9794758569798376, 4.104671495867385, 0.9414598370290675, -3.1638692760114524, 3.2548379216262773, 2.2161398507857197, 19.007060993708812, 4.202899883484517, 6.7184346846744045, -0.2339813580987383, 1.649975884493959, -1.8338199787443212, 4.541731763952367]","""2,436,1002,256,1001,236,3,221,4,184,2001,165,1,105,1003,82,3001,75,3000,48,5,40,4000,35,2000,30,3002,26,1000,26,2002,21,8000,16,4001,14,6000,14,5000,8,5001,7,6001,3""",1000,11856.24,67488.47
Problem_5Sat3Gs_1_8.json,1.5,7,8,-5.100952,"[-4.5624213907414495, -5.409538818641683, 2.7811081142890153, -2.4877044223519356, -3.518791851916532, 0.5637661211001935, -1.4958286559027414, 17.049212613265848, 1.1323585615199132, 5.304909081327664, 0.20725039964842418, -0.5831532878003242, 0.22712365428169518, 0.11774019960710788]","""1002,432,1001,310,2,265,3,216,2001,173,2000,123,3001,107,1,97,4000,79,1003,68,3000,49,1000,37,4,29,3002,17,2002,15,6000,14,6001,7,4001,6,5001,2,8000,2""",1000,13534.98,69167.21
Problem_5Sat3Gs_1_8.json,1.5,7,9,-4.551902,"[-3.051407387549184, -4.150659688652787, 8.490387040993186, -4.16079619927289, -4.744202150631202, -0.7959957567051802, -3.129923313905411, 14.709390517021589, 6.751650388623161, 1.2529954418182347, -3.822853392871526, -1.96393720693671, -2.477048768812284, -0.8661225749912427]","""1002,403,1001,271,2001,219,2,168,3001,164,3,162,4000,134,3000,112,3002,65,1,61,1003,56,1000,45,4,41,5001,38,4001,32,2000,28,6001,24,2002,10,6000,8,8000,5,5000,2""",1000,15211.07,70843.31
Problem_5Sat3Gs_1_8.json,1.5,7,10,-4.916603,"[-2.110610090965763, -4.008420513748103, -1.265676497583677, -4.230319649366903, -3.817577278138373, -1.543836963429432, 0.8524802836681858, 15.798227019616952, 7.202007448812903, 3.8580269756293117, -0.34723185077018304, 0.9652820675253557, 1.557305496991284, -0.47994962399563357]","""1002,335,3,285,2,265,1001,238,2001,189,4000,132,3001,103,4,87,2000,79,3000,71,1000,70,1003,46,1,37,3002,35,5000,28,2002,16,6001,9,6000,8,4001,6,8000,4,5001,3,5,2""",1000,16889.68,72521.91
Problem_5Sat3Gs_1_8.json,1.5,8,1,-4.526481,"[-20.887621877510576, 5.737591759383817, -8.140883572789617, 3.0491462378350107, 1.1334077711537542, -6.970660027182336, 4.732986658237233, 0.27448502996998714, 10.966079106567676, -4.205518916646311, 7.011601111128274, 3.2938751086321014, 6.612245886149931, -3.136951017308764, -6.255250097354666, -1.5887664597721471]","""1002,384,1001,274,2001,198,3,195,3001,139,1003,116,2,101,4,80,4000,78,3000,75,1,67,3002,66,1000,45,2002,42,2000,40,4001,39,6000,33,8000,26,5001,21,5,15,5000,8,6001,6""",1000,1992.56,74514.47
Problem_5Sat3Gs_1_8.json,1.5,8,2,-4.584535,"[-13.603188932220714, -1.2754409158722357, -3.286129390790215, -1.4526765384542555, -1.8247415146269412, -0.5722905691908564, 4.129218945458791, 1.011734684406477, 9.472171695839304, -4.080081735723095, 3.0310376713968896, -1.5024589238798318, 9.074439951311357, -1.6501639251535238, 2.4033805194915985, 3.421482138292924]","""1002,357,1001,293,3,202,2001,200,3001,160,2,129,4000,121,1003,104,4,87,3000,63,2000,62,3002,61,1,48,1000,42,2002,36,8000,24,4001,21,5000,11,5001,9,6001,7,5,6,6000,5""",1000,3895.76,76417.67
Problem_5Sat3Gs_1_8.json,1.5,8,3,-4.685645,"[-11.698174154715979, -0.3927829285543314, -8.525928041498435, 0.07967690151966486, -0.23239928227384377, -5.399896057417667, -0.20714055439748938, 4.770963677190693, 7.039019112779661, -0.6927078872242483, 6.0743162685382615, -5.229518521892283, 6.1663874666252205, 3.7467483856002923, -4.9295172832572, 1.8092479630410867]","""1002,393,1001,280,2,210,3,172,2001,171,3001,140,1003,129,3002,90,3000,75,4000,72,1,65,2000,65,4,61,2002,29,5,19,4001,16,1000,15,5000,14,8000,13,6000,13,5001,5,6001,1""",1000,5769.90,78291.81
Problem_5Sat3Gs_1_8.json,1.5,8,4,-4.881199,"[-17.91213931112717, 4.041833219281178, -6.213293118897685, 0.5378857539426478, -0.889022883714977, -4.457224889016676, 3.945944515325906, 3.9572766605739402, 11.189233135827552, -3.5240811229333406, 7.362417238044392, 0.46360756110083434, 8.474269982508206, 1.0415410852126112, -1.7703763201912486, 3.7175437945085474]","""3,280,2,262,2001,254,1002,239,1001,218,3001,134,4,132,1003,86,1,66,2000,60,1000,56,3002,54,4000,48,6000,29,2002,27,3000,25,5,24,4001,21,5001,17,6001,7,5000,6,8000,3""",1000,7660.83,80182.75
Problem_5Sat3Gs_1_8.json,1.5,8,5,-4.653342,"[-17.664364700129763, 2.3726755097496937, -5.676931825555113, 2.3073267271994653, 0.7108417147962305, 2.555730638181313, 3.4061992432855033, -1.5018444029467002, 8.462196393033876, -1.7617918909882784, 3.178522381334591, -3.1684433985321214, 10.003099272766013, 1.9277441111699702, -3.3518021645569784, 1.3192091532779613]","""1002,313,3,295,2,224,1001,211,1003,181,3001,179,2001,131,4000,96,1,83,4,76,3002,67,3000,60,2002,26,6001,21,4001,19,5000,18,6000,13,2000,9,1000,8,8000,8,5,7,5001,3""",1000,9568.18,82090.09
Problem_5Sat3Gs_1_8.json,1.5,8,6,-4.446331,"[-14.702515483675729, 1.6717844944653617, -12.110127113608154, -6.529186175087811, -6.8981768772494325, 3.142090984211311, 3.2257563550534796, 1.345143954937528, 5.894232151218989, 4.390378052081602, 9.284298276376852, -7.139709543832523, 4.041794482094832, 0.715361231796642, 2.816735668389942, 4.818768408136976]","""1002,356,3,205,3001,169,2001,162,2,158,1001,123,3002,123,1003,106,4000,102,2000,94,4,87,1000,68,3000,67,4001,63,1,51,5000,42,2002,23,6000,18,6001,14,8000,9,5,7,5001,1""",1000,11477.70,83999.61
Problem_5Sat3Gs_1_8.json,1.5,8,7,-4.538327,"[-5.302904161690978, -4.034762909758669, 1.0853179757329625, 1.4104682789268173, -3.6998175248639154, -0.07012755286123684, -1.1887208912279423, 3.0024839947716475, 19.164814838325338, 4.813372754975878, 4.6541869616881995, -1.7055495777042766, 5.373775078880908, -3.7071674396466316, 5.247780231612087, 2.3558982998355558]","""1002,479,1001,284,2001,199,2,139,3001,139,3,124,1003,106,4000,83,2000,79,4,69,3000,59,2002,54,3002,37,4001,36,6000,33,6001,33,1000,29,1,25,5,16,8000,10,5000,8,5001,7""",1000,13359.09,85881.00
Problem_5Sat3Gs_1_8.json,1.5,8,8,-4.390538,"[-6.031334607355744, -6.012116478476104, 3.283169638609147, 2.76078222787224, -5.1935097633905745, 6.94418170709757, 5.552529009948788, 2.0964986429249812, 23.630356828443368, 2.218378661904344, 6.9227546679012875, 1.6308213483128748, -0.7782932779313876, 1.3210948643816594, 1.7514520005389078, -0.4578904250523032]","""1002,359,2001,277,1001,174,3,171,2,167,3001,132,4000,122,3002,112,4,96,1003,70,5001,54,1000,50,3000,49,1,38,2000,36,4001,29,5,28,5000,28,2002,22,8000,12,6000,11,6001,11""",1000,15257.01,87778.92
Problem_5Sat3Gs_1_8.json,1.5,8,9,-4.937309,"[-3.9219550859009247, -4.485902642817486, 5.251856009144161, -2.7011309616067862, 2.334758219401949, 0.7140525807258171, 3.6385167219131564, -3.143796222579436, 18.167466106708115, 5.53543458707199, 8.108219179536617, 0.167606221767431, -3.973107428778577, -2.6873289411148598, 5.199393487408857, 2.255849584361186]","""1002,347,3,335,1001,326,2,147,3001,146,2001,144,1003,140,4,98,3000,80,1000,51,4000,44,1,34,2000,33,4001,32,3002,31,2002,24,5,12,5001,8,6001,7,8000,4,6000,3,5000,2""",1000,17146.96,89668.87
Problem_5Sat3Gs_1_8.json,1.5,8,10,-4.544115,"[-9.074164689080911, -3.8038509032116763, 5.003395846363457, 1.6384590503467813, -4.579241269118507, 5.273082603405047, 0.5991695894753334, -1.7734821470338595, 18.2259769752137, 7.2015102828596795, 4.30341755666389, 2.172208671185635, 2.136257826796079, -0.693005089456316, 4.366427891208907, -1.727630270209519]","""1002,304,3,234,1001,209,2,201,2001,195,3001,155,4000,116,4,99,1003,97,3000,91,3002,72,2000,61,4001,40,1,34,2002,34,1000,33,5000,22,6001,16,5001,13,6000,11,8000,8,5,3""",1000,19043.32,91565.23
