Filename,Penalty,P,Iter,Function_Value,Optimal_X,Distribution,Num_Evaluations,Phase_Time,Total_Time
Problem_5Sat3Gs_0_4.json,1.5,1,1,-3.692548,"[-0.15012741775141694, 1.275466472334594]","""1,879,0,624,2,326,2000,67,1000,57,1001,49,2001,25,3,16,1002,5""",339,64.73,64.74
Problem_5Sat3Gs_0_4.json,1.5,1,2,-3.692548,"[-0.15012741775141694, 1.275466472334594]","""1,863,0,618,2,326,1000,68,2000,64,1001,48,2001,31,3,22,1002,4,3000,3,2002,1""",339,115.35,115.35
Problem_5Sat3Gs_0_4.json,1.5,1,3,-3.692548,"[-0.15012741775141694, 1.275466472334594]","""1,880,0,613,2,308,2000,67,1000,67,1001,45,2001,43,3,14,1002,7,3000,4""",339,164.87,164.87
Problem_5Sat3Gs_0_4.json,1.5,1,4,-3.692548,"[-0.15012741775141694, 1.275466472334594]","""1,894,0,607,2,305,2000,70,1000,59,1001,46,2001,35,3,17,1002,10,3000,3,4,1,2002,1""",339,213.35,213.35
Problem_5Sat3Gs_0_4.json,1.5,1,5,-3.692548,"[-0.15012741775141694, 1.275466472334594]","""1,857,0,618,2,321,2000,78,1000,61,1001,56,2001,37,3,11,1002,5,3000,4""",339,262.79,262.79
Problem_5Sat3Gs_0_4.json,1.5,1,6,-3.692548,"[-0.15012741775141694, 1.275466472334594]","""1,883,0,605,2,299,2000,90,1000,60,1001,52,2001,31,3,21,1002,5,3000,2""",339,312.00,312.00
Problem_5Sat3Gs_0_4.json,1.5,1,7,-3.692548,"[-0.15012741775141694, 1.275466472334594]","""1,861,0,608,2,310,1000,76,2000,75,1001,48,2001,32,3,18,1002,14,3000,6""",339,361.65,361.65
Problem_5Sat3Gs_0_4.json,1.5,1,8,-3.692548,"[-0.15012741775141694, 1.275466472334594]","""1,864,0,610,2,333,2000,83,1000,63,1001,39,2001,28,3,17,1002,7,3000,2,4,2""",339,410.46,410.46
Problem_5Sat3Gs_0_4.json,1.5,1,9,-3.692548,"[-0.15012741775141694, 1.275466472334594]","""1,867,0,627,2,294,2000,80,1000,59,1001,50,2001,45,3,17,1002,3,3000,3,4,2,2002,1""",339,460.63,460.63
Problem_5Sat3Gs_0_4.json,1.5,1,10,-3.692548,"[-0.15012741775141694, 1.275466472334594]","""1,880,0,588,2,332,2000,78,1000,72,1001,43,2001,36,3,13,1002,5,3000,1""",339,509.80,509.80
Problem_5Sat3Gs_0_4.json,1.5,2,1,-4.215966,"[-0.17728529243842234, -0.11599643021598166, 0.7690160117608653, 1.4475494082056728]","""0,1253,1,527,1000,116,2,71,2000,41,1001,26,3,6,2001,3,3000,3,1002,2""",762,176.67,686.47
Problem_5Sat3Gs_0_4.json,1.5,2,2,-4.215966,"[-0.17728529243842234, -0.11599643021598166, 0.7690160117608653, 1.4475494082056728]","""0,1240,1,523,1000,117,2,70,2000,53,1001,27,3,8,2001,4,1002,2,3000,2,4,1,2002,1""",762,332.34,842.14
Problem_5Sat3Gs_0_4.json,1.5,2,3,-4.215966,"[-0.17728529243842234, -0.11599643021598166, 0.7690160117608653, 1.4475494082056728]","""0,1247,1,532,1000,111,2,65,2000,51,1001,31,3,6,2001,3,1002,2""",762,487.72,997.52
Problem_5Sat3Gs_0_4.json,1.5,2,4,-4.215966,"[-0.17728529243842234, -0.11599643021598166, 0.7690160117608653, 1.4475494082056728]","""0,1272,1,483,1000,136,2,68,1001,36,2000,32,3,8,2001,5,1002,3,3000,3,4,1,2002,1""",762,641.35,1151.15
Problem_5Sat3Gs_0_4.json,1.5,2,5,-4.215966,"[-0.17728529243842234, -0.11599643021598166, 0.7690160117608653, 1.4475494082056728]","""0,1276,1,508,1000,110,2,64,2000,50,1001,34,2001,3,3000,1,1002,1,3,1""",762,794.59,1304.39
Problem_5Sat3Gs_0_4.json,1.5,2,6,-4.215966,"[-0.17728529243842234, -0.11599643021598166, 0.7690160117608653, 1.4475494082056728]","""0,1256,1,509,1000,119,2,69,1001,41,2000,33,1002,6,3,6,2001,5,3000,4""",762,948.80,1458.60
Problem_5Sat3Gs_0_4.json,1.5,2,7,-4.215966,"[-0.17728529243842234, -0.11599643021598166, 0.7690160117608653, 1.4475494082056728]","""0,1270,1,497,1000,115,2,71,2000,48,1001,28,3,8,2001,5,1002,4,3000,2""",762,1103.54,1613.34
Problem_5Sat3Gs_0_4.json,1.5,2,8,-4.215966,"[-0.17728529243842234, -0.11599643021598166, 0.7690160117608653, 1.4475494082056728]","""0,1264,1,523,1000,129,2,52,2000,44,1001,26,3,5,2001,2,3000,2,1002,1""",762,1257.57,1767.37
Problem_5Sat3Gs_0_4.json,1.5,2,9,-4.215966,"[-0.17728529243842234, -0.11599643021598166, 0.7690160117608653, 1.4475494082056728]","""0,1282,1,474,1000,131,2,68,2000,47,1001,35,2001,6,1002,2,3,2,3000,1""",762,1411.76,1921.56
Problem_5Sat3Gs_0_4.json,1.5,2,10,-4.215966,"[-0.17728529243842234, -0.11599643021598166, 0.7690160117608653, 1.4475494082056728]","""0,1254,1,544,1000,116,2,54,2000,43,1001,24,2001,6,3,6,3000,1""",762,1566.41,2076.21
Problem_5Sat3Gs_0_4.json,1.5,3,1,-4.549232,"[-0.19765997784374548, -0.13621356143879124, -0.09360928198153863, 0.677859582304292, 1.1175766098747906, 1.3740777454057473]","""0,1717,1,253,1000,58,2,15,1001,4,2000,1""",1000,292.86,2369.07
Problem_5Sat3Gs_0_4.json,1.5,3,2,-4.549232,"[-0.19765997784374548, -0.13621356143879124, -0.09360928198153863, 0.677859582304292, 1.1175766098747906, 1.3740777454057473]","""0,1702,1,270,1000,51,2,16,1001,7,2000,2""",1000,559.45,2635.66
Problem_5Sat3Gs_0_4.json,1.5,3,3,-4.549232,"[-0.19765997784374548, -0.13621356143879124, -0.09360928198153863, 0.677859582304292, 1.1175766098747906, 1.3740777454057473]","""0,1704,1,270,1000,53,2,13,1001,5,2000,2,3,1""",1000,826.86,2903.07
Problem_5Sat3Gs_0_4.json,1.5,3,4,-4.549232,"[-0.19765997784374548, -0.13621356143879124, -0.09360928198153863, 0.677859582304292, 1.1175766098747906, 1.3740777454057473]","""0,1686,1,278,1000,53,2,21,1001,9,3,1""",1000,1091.28,3167.49
Problem_5Sat3Gs_0_4.json,1.5,3,5,-4.549232,"[-0.19765997784374548, -0.13621356143879124, -0.09360928198153863, 0.677859582304292, 1.1175766098747906, 1.3740777454057473]","""0,1719,1,255,1000,43,2,19,1001,11,2000,1""",1000,1355.73,3431.94
Problem_5Sat3Gs_0_4.json,1.5,3,6,-4.549232,"[-0.19765997784374548, -0.13621356143879124, -0.09360928198153863, 0.677859582304292, 1.1175766098747906, 1.3740777454057473]","""0,1716,1,248,1000,49,2,26,1001,8,3,1""",1000,1621.31,3697.51
Problem_5Sat3Gs_0_4.json,1.5,3,7,-4.549232,"[-0.19765997784374548, -0.13621356143879124, -0.09360928198153863, 0.677859582304292, 1.1175766098747906, 1.3740777454057473]","""0,1717,1,244,1000,68,2,9,1001,7,2000,3""",1000,1887.27,3963.47
Problem_5Sat3Gs_0_4.json,1.5,3,8,-4.549232,"[-0.19765997784374548, -0.13621356143879124, -0.09360928198153863, 0.677859582304292, 1.1175766098747906, 1.3740777454057473]","""0,1691,1,278,1000,46,2,24,1001,6,3,2,2000,1""",1000,2153.55,4229.76
Problem_5Sat3Gs_0_4.json,1.5,3,9,-4.549232,"[-0.19765997784374548, -0.13621356143879124, -0.09360928198153863, 0.677859582304292, 1.1175766098747906, 1.3740777454057473]","""0,1710,1,260,1000,49,2,17,1001,8,2000,2,3,2""",1000,2419.03,4495.23
Problem_5Sat3Gs_0_4.json,1.5,3,10,-4.549232,"[-0.19765997784374548, -0.13621356143879124, -0.09360928198153863, 0.677859582304292, 1.1175766098747906, 1.3740777454057473]","""0,1712,1,269,1000,45,2,10,1001,9,3,2,2000,1""",1000,2683.72,4759.92
Problem_5Sat3Gs_0_4.json,1.5,4,1,-4.575743,"[-0.1886303052932654, -0.14461856209525795, -0.09423426184449915, -0.034913118331674896, 0.5825305868008549, 1.0098666079530276, 1.2411836577442348, 1.0509951329232163]","""0,1735,1,249,1000,37,2,21,3,5,2000,1""",1000,360.44,5120.36
Problem_5Sat3Gs_0_4.json,1.5,4,2,-4.575743,"[-0.1886303052932654, -0.14461856209525795, -0.09423426184449915, -0.034913118331674896, 0.5825305868008549, 1.0098666079530276, 1.2411836577442348, 1.0509951329232163]","""0,1741,1,242,1000,39,2,16,1001,8,2000,2""",1000,687.48,5447.40
Problem_5Sat3Gs_0_4.json,1.5,4,3,-4.575743,"[-0.1886303052932654, -0.14461856209525795, -0.09423426184449915, -0.034913118331674896, 0.5825305868008549, 1.0098666079530276, 1.2411836577442348, 1.0509951329232163]","""0,1710,1,275,1000,38,2,20,1001,3,2000,1,3,1""",1000,1012.47,5772.39
Problem_5Sat3Gs_0_4.json,1.5,4,4,-4.575743,"[-0.1886303052932654, -0.14461856209525795, -0.09423426184449915, -0.034913118331674896, 0.5825305868008549, 1.0098666079530276, 1.2411836577442348, 1.0509951329232163]","""0,1720,1,264,1000,45,2,13,1001,5,2000,1""",1000,1340.59,6100.51
Problem_5Sat3Gs_0_4.json,1.5,4,5,-4.575743,"[-0.1886303052932654, -0.14461856209525795, -0.09423426184449915, -0.034913118331674896, 0.5825305868008549, 1.0098666079530276, 1.2411836577442348, 1.0509951329232163]","""0,1745,1,237,1000,39,2,20,3,3,2000,2,1001,2""",1000,1668.92,6428.84
Problem_5Sat3Gs_0_4.json,1.5,4,6,-4.575743,"[-0.1886303052932654, -0.14461856209525795, -0.09423426184449915, -0.034913118331674896, 0.5825305868008549, 1.0098666079530276, 1.2411836577442348, 1.0509951329232163]","""0,1754,1,243,1000,32,2,12,1001,5,4,1,2000,1""",1000,1991.81,6751.73
Problem_5Sat3Gs_0_4.json,1.5,4,7,-4.575743,"[-0.1886303052932654, -0.14461856209525795, -0.09423426184449915, -0.034913118331674896, 0.5825305868008549, 1.0098666079530276, 1.2411836577442348, 1.0509951329232163]","""0,1751,1,231,1000,40,2,18,1001,5,3,1,2000,1,1002,1""",1000,2319.46,7079.38
Problem_5Sat3Gs_0_4.json,1.5,4,8,-4.575743,"[-0.1886303052932654, -0.14461856209525795, -0.09423426184449915, -0.034913118331674896, 0.5825305868008549, 1.0098666079530276, 1.2411836577442348, 1.0509951329232163]","""0,1749,1,240,1000,41,2,12,1001,4,2000,2""",1000,2648.03,7407.95
Problem_5Sat3Gs_0_4.json,1.5,4,9,-4.575743,"[-0.1886303052932654, -0.14461856209525795, -0.09423426184449915, -0.034913118331674896, 0.5825305868008549, 1.0098666079530276, 1.2411836577442348, 1.0509951329232163]","""0,1728,1,260,1000,32,2,18,1001,8,3,1,2000,1""",1000,2975.96,7735.88
Problem_5Sat3Gs_0_4.json,1.5,4,10,-4.575743,"[-0.1886303052932654, -0.14461856209525795, -0.09423426184449915, -0.034913118331674896, 0.5825305868008549, 1.0098666079530276, 1.2411836577442348, 1.0509951329232163]","""0,1717,1,264,1000,44,2,18,1001,4,2000,1""",1000,3302.40,8062.32
Problem_5Sat3Gs_0_4.json,1.5,5,1,-4.619936,"[-0.1840514175127327, -0.1559425537003293, -0.10992755639670156, -0.12456421501197164, 0.08369816442856896, 0.46620992179683723, 0.9380317559198736, 1.1917159938824873, 1.0144834392757927, -0.20021237634384687]","""0,1810,1,183,1000,40,2,9,2000,5,1001,1""",1000,428.96,8491.29
Problem_5Sat3Gs_0_4.json,1.5,5,2,-4.619936,"[-0.1840514175127327, -0.1559425537003293, -0.10992755639670156, -0.12456421501197164, 0.08369816442856896, 0.46620992179683723, 0.9380317559198736, 1.1917159938824873, 1.0144834392757927, -0.20021237634384687]","""0,1810,1,193,1000,35,2,7,2000,1,1001,1,3,1""",1000,815.24,8877.56
Problem_5Sat3Gs_0_4.json,1.5,5,3,-4.619936,"[-0.1840514175127327, -0.1559425537003293, -0.10992755639670156, -0.12456421501197164, 0.08369816442856896, 0.46620992179683723, 0.9380317559198736, 1.1917159938824873, 1.0144834392757927, -0.20021237634384687]","""0,1799,1,194,1000,44,2,5,2000,4,1001,2""",1000,1204.87,9267.19
Problem_5Sat3Gs_0_4.json,1.5,5,4,-4.619936,"[-0.1840514175127327, -0.1559425537003293, -0.10992755639670156, -0.12456421501197164, 0.08369816442856896, 0.46620992179683723, 0.9380317559198736, 1.1917159938824873, 1.0144834392757927, -0.20021237634384687]","""0,1854,1,140,1000,38,2,10,1001,4,1002,1,2000,1""",1000,1593.50,9655.82
Problem_5Sat3Gs_0_4.json,1.5,5,5,-4.619936,"[-0.1840514175127327, -0.1559425537003293, -0.10992755639670156, -0.12456421501197164, 0.08369816442856896, 0.46620992179683723, 0.9380317559198736, 1.1917159938824873, 1.0144834392757927, -0.20021237634384687]","""0,1801,1,192,1000,45,2,5,1001,4,2000,1""",1000,1984.63,10046.95
Problem_5Sat3Gs_0_4.json,1.5,5,6,-4.619936,"[-0.1840514175127327, -0.1559425537003293, -0.10992755639670156, -0.12456421501197164, 0.08369816442856896, 0.46620992179683723, 0.9380317559198736, 1.1917159938824873, 1.0144834392757927, -0.20021237634384687]","""0,1829,1,193,1000,17,2,5,1001,3,2000,1""",1000,2373.03,10435.35
Problem_5Sat3Gs_0_4.json,1.5,5,7,-4.619936,"[-0.1840514175127327, -0.1559425537003293, -0.10992755639670156, -0.12456421501197164, 0.08369816442856896, 0.46620992179683723, 0.9380317559198736, 1.1917159938824873, 1.0144834392757927, -0.20021237634384687]","""0,1826,1,173,1000,43,2000,2,2,2,1001,1,2001,1""",1000,2763.58,10825.90
Problem_5Sat3Gs_0_4.json,1.5,5,8,-4.619936,"[-0.1840514175127327, -0.1559425537003293, -0.10992755639670156, -0.12456421501197164, 0.08369816442856896, 0.46620992179683723, 0.9380317559198736, 1.1917159938824873, 1.0144834392757927, -0.20021237634384687]","""0,1827,1,167,1000,38,2,11,1001,3,2000,2""",1000,3155.88,11218.20
Problem_5Sat3Gs_0_4.json,1.5,5,9,-4.619936,"[-0.1840514175127327, -0.1559425537003293, -0.10992755639670156, -0.12456421501197164, 0.08369816442856896, 0.46620992179683723, 0.9380317559198736, 1.1917159938824873, 1.0144834392757927, -0.20021237634384687]","""0,1817,1,183,1000,31,2,10,2000,7""",1000,3546.87,11609.19
Problem_5Sat3Gs_0_4.json,1.5,5,10,-4.619936,"[-0.1840514175127327, -0.1559425537003293, -0.10992755639670156, -0.12456421501197164, 0.08369816442856896, 0.46620992179683723, 0.9380317559198736, 1.1917159938824873, 1.0144834392757927, -0.20021237634384687]","""0,1820,1,173,1000,47,2000,4,2,3,1001,1""",1000,3936.44,11998.76
Problem_5Sat3Gs_0_4.json,1.5,6,1,-4.631313,"[-0.17833758142765394, -0.15637205263053072, -0.11593593243913303, -0.12734361213149684, 0.08712689771737132, -0.001149064764622344, 0.4207189375593502, 0.8740600065023061, 1.1744054462134728, 0.9482477678830551, -0.2702692757881217, 1.0017667940932697]","""0,1824,1,178,1000,32,2,10,2000,3,1001,1""",1000,497.63,12496.39
Problem_5Sat3Gs_0_4.json,1.5,6,2,-4.631313,"[-0.17833758142765394, -0.15637205263053072, -0.11593593243913303, -0.12734361213149684, 0.08712689771737132, -0.001149064764622344, 0.4207189375593502, 0.8740600065023061, 1.1744054462134728, 0.9482477678830551, -0.2702692757881217, 1.0017667940932697]","""0,1822,1,189,1000,22,2,9,2000,4,1001,2""",1000,950.54,12949.30
Problem_5Sat3Gs_0_4.json,1.5,6,3,-4.631313,"[-0.17833758142765394, -0.15637205263053072, -0.11593593243913303, -0.12734361213149684, 0.08712689771737132, -0.001149064764622344, 0.4207189375593502, 0.8740600065023061, 1.1744054462134728, 0.9482477678830551, -0.2702692757881217, 1.0017667940932697]","""0,1826,1,186,1000,27,2,4,2000,3,3000,1,3,1""",1000,1402.52,13401.28
Problem_5Sat3Gs_0_4.json,1.5,6,4,-4.631313,"[-0.17833758142765394, -0.15637205263053072, -0.11593593243913303, -0.12734361213149684, 0.08712689771737132, -0.001149064764622344, 0.4207189375593502, 0.8740600065023061, 1.1744054462134728, 0.9482477678830551, -0.2702692757881217, 1.0017667940932697]","""0,1847,1,161,1000,26,2,11,2000,2,1001,1""",1000,1854.16,13852.93
Problem_5Sat3Gs_0_4.json,1.5,6,5,-4.631313,"[-0.17833758142765394, -0.15637205263053072, -0.11593593243913303, -0.12734361213149684, 0.08712689771737132, -0.001149064764622344, 0.4207189375593502, 0.8740600065023061, 1.1744054462134728, 0.9482477678830551, -0.2702692757881217, 1.0017667940932697]","""0,1834,1,172,1000,23,2,10,2000,4,1001,4,1002,1""",1000,2307.27,14306.03
Problem_5Sat3Gs_0_4.json,1.5,6,6,-4.631313,"[-0.17833758142765394, -0.15637205263053072, -0.11593593243913303, -0.12734361213149684, 0.08712689771737132, -0.001149064764622344, 0.4207189375593502, 0.8740600065023061, 1.1744054462134728, 0.9482477678830551, -0.2702692757881217, 1.0017667940932697]","""0,1817,1,191,1000,28,2,8,1001,2,2000,2""",1000,2758.98,14757.74
Problem_5Sat3Gs_0_4.json,1.5,6,7,-4.631313,"[-0.17833758142765394, -0.15637205263053072, -0.11593593243913303, -0.12734361213149684, 0.08712689771737132, -0.001149064764622344, 0.4207189375593502, 0.8740600065023061, 1.1744054462134728, 0.9482477678830551, -0.2702692757881217, 1.0017667940932697]","""0,1861,1,154,1000,21,2,10,2000,1,1001,1""",1000,3211.61,15210.37
Problem_5Sat3Gs_0_4.json,1.5,6,8,-4.631313,"[-0.17833758142765394, -0.15637205263053072, -0.11593593243913303, -0.12734361213149684, 0.08712689771737132, -0.001149064764622344, 0.4207189375593502, 0.8740600065023061, 1.1744054462134728, 0.9482477678830551, -0.2702692757881217, 1.0017667940932697]","""0,1823,1,191,1000,20,2,7,2000,4,1001,3""",1000,3666.14,15664.90
Problem_5Sat3Gs_0_4.json,1.5,6,9,-4.631313,"[-0.17833758142765394, -0.15637205263053072, -0.11593593243913303, -0.12734361213149684, 0.08712689771737132, -0.001149064764622344, 0.4207189375593502, 0.8740600065023061, 1.1744054462134728, 0.9482477678830551, -0.2702692757881217, 1.0017667940932697]","""0,1847,1,158,1000,31,2,8,2000,2,1001,1,3,1""",1000,4118.07,16116.83
Problem_5Sat3Gs_0_4.json,1.5,6,10,-4.631313,"[-0.17833758142765394, -0.15637205263053072, -0.11593593243913303, -0.12734361213149684, 0.08712689771737132, -0.001149064764622344, 0.4207189375593502, 0.8740600065023061, 1.1744054462134728, 0.9482477678830551, -0.2702692757881217, 1.0017667940932697]","""0,1836,1,177,1000,21,2,8,2000,4,1001,1,2001,1""",1000,4572.20,16570.96
Problem_5Sat3Gs_0_4.json,1.5,7,1,-4.657943,"[-0.19935383830196818, -0.1775885396676706, -0.13779969334727546, -0.14459140526150516, 0.07052652863289166, -0.03963807071936782, -0.022791476586466904, 0.43361248287788806, 0.8185967583207528, 1.183753923308289, 0.9515713775336918, -0.326209190043076, 1.9852315008890515, 0.8791324058235992]","""0,1884,1,129,1000,26,2,7,1001,2""",1000,568.28,17139.24
Problem_5Sat3Gs_0_4.json,1.5,7,2,-4.657943,"[-0.19935383830196818, -0.1775885396676706, -0.13779969334727546, -0.14459140526150516, 0.07052652863289166, -0.03963807071936782, -0.022791476586466904, 0.43361248287788806, 0.8185967583207528, 1.183753923308289, 0.9515713775336918, -0.326209190043076, 1.9852315008890515, 0.8791324058235992]","""0,1904,1,112,1000,25,2,5,1001,2""",1000,1080.99,17651.95
Problem_5Sat3Gs_0_4.json,1.5,7,3,-4.657943,"[-0.19935383830196818, -0.1775885396676706, -0.13779969334727546, -0.14459140526150516, 0.07052652863289166, -0.03963807071936782, -0.022791476586466904, 0.43361248287788806, 0.8185967583207528, 1.183753923308289, 0.9515713775336918, -0.326209190043076, 1.9852315008890515, 0.8791324058235992]","""0,1883,1,119,1000,32,2,10,1001,2,1002,1,2000,1""",1000,1596.37,18167.33
Problem_5Sat3Gs_0_4.json,1.5,7,4,-4.657943,"[-0.19935383830196818, -0.1775885396676706, -0.13779969334727546, -0.14459140526150516, 0.07052652863289166, -0.03963807071936782, -0.022791476586466904, 0.43361248287788806, 0.8185967583207528, 1.183753923308289, 0.9515713775336918, -0.326209190043076, 1.9852315008890515, 0.8791324058235992]","""0,1869,1,150,1000,18,2,6,1001,3,2000,2""",1000,2110.58,18681.53
Problem_5Sat3Gs_0_4.json,1.5,7,5,-4.657943,"[-0.19935383830196818, -0.1775885396676706, -0.13779969334727546, -0.14459140526150516, 0.07052652863289166, -0.03963807071936782, -0.022791476586466904, 0.43361248287788806, 0.8185967583207528, 1.183753923308289, 0.9515713775336918, -0.326209190043076, 1.9852315008890515, 0.8791324058235992]","""0,1905,1,115,1000,23,2,3,1001,2""",1000,2623.53,19194.48
Problem_5Sat3Gs_0_4.json,1.5,7,6,-4.657943,"[-0.19935383830196818, -0.1775885396676706, -0.13779969334727546, -0.14459140526150516, 0.07052652863289166, -0.03963807071936782, -0.022791476586466904, 0.43361248287788806, 0.8185967583207528, 1.183753923308289, 0.9515713775336918, -0.326209190043076, 1.9852315008890515, 0.8791324058235992]","""0,1877,1,131,1000,26,2,9,1001,3,2000,2""",1000,3136.11,19707.07
Problem_5Sat3Gs_0_4.json,1.5,7,7,-4.657943,"[-0.19935383830196818, -0.1775885396676706, -0.13779969334727546, -0.14459140526150516, 0.07052652863289166, -0.03963807071936782, -0.022791476586466904, 0.43361248287788806, 0.8185967583207528, 1.183753923308289, 0.9515713775336918, -0.326209190043076, 1.9852315008890515, 0.8791324058235992]","""0,1890,1,124,1000,22,2,6,2000,4,1001,2""",1000,3651.68,20222.64
Problem_5Sat3Gs_0_4.json,1.5,7,8,-4.657943,"[-0.19935383830196818, -0.1775885396676706, -0.13779969334727546, -0.14459140526150516, 0.07052652863289166, -0.03963807071936782, -0.022791476586466904, 0.43361248287788806, 0.8185967583207528, 1.183753923308289, 0.9515713775336918, -0.326209190043076, 1.9852315008890515, 0.8791324058235992]","""0,1876,1,128,1000,33,2,8,1001,3""",1000,4166.20,20737.15
Problem_5Sat3Gs_0_4.json,1.5,7,9,-4.657943,"[-0.19935383830196818, -0.1775885396676706, -0.13779969334727546, -0.14459140526150516, 0.07052652863289166, -0.03963807071936782, -0.022791476586466904, 0.43361248287788806, 0.8185967583207528, 1.183753923308289, 0.9515713775336918, -0.326209190043076, 1.9852315008890515, 0.8791324058235992]","""0,1883,1,120,1000,30,2,8,1001,4,2000,3""",1000,4681.60,21252.55
Problem_5Sat3Gs_0_4.json,1.5,7,10,-4.657943,"[-0.19935383830196818, -0.1775885396676706, -0.13779969334727546, -0.14459140526150516, 0.07052652863289166, -0.03963807071936782, -0.022791476586466904, 0.43361248287788806, 0.8185967583207528, 1.183753923308289, 0.9515713775336918, -0.326209190043076, 1.9852315008890515, 0.8791324058235992]","""0,1887,1,127,1000,26,2,7,1001,1""",1000,5200.38,21771.34
Problem_5Sat3Gs_0_4.json,1.5,8,1,-4.670200,"[-0.19720274040509606, -0.18088484791522175, -0.148440200068382, -0.15021982395842506, 0.07095466622753929, -0.0543350229289202, -0.017766339322852, -0.020333760338356197, 0.4266307660329711, 0.8043506536515376, 1.1583501985765896, 0.982809033425386, -0.39428668651765875, 1.965870156918348, 0.8922044321130275, 0.8771374413868659]","""0,1887,1,119,1000,26,2,7,1001,5,2000,4""",1000,635.39,22406.73
Problem_5Sat3Gs_0_4.json,1.5,8,2,-4.670200,"[-0.19720274040509606, -0.18088484791522175, -0.148440200068382, -0.15021982395842506, 0.07095466622753929, -0.0543350229289202, -0.017766339322852, -0.020333760338356197, 0.4266307660329711, 0.8043506536515376, 1.1583501985765896, 0.982809033425386, -0.39428668651765875, 1.965870156918348, 0.8922044321130275, 0.8771374413868659]","""0,1920,1,92,1000,24,2,6,1001,5,2000,1""",1000,1215.15,22986.48
Problem_5Sat3Gs_0_4.json,1.5,8,3,-4.670200,"[-0.19720274040509606, -0.18088484791522175, -0.148440200068382, -0.15021982395842506, 0.07095466622753929, -0.0543350229289202, -0.017766339322852, -0.020333760338356197, 0.4266307660329711, 0.8043506536515376, 1.1583501985765896, 0.982809033425386, -0.39428668651765875, 1.965870156918348, 0.8922044321130275, 0.8771374413868659]","""0,1898,1,114,1000,18,2,11,2000,5,1001,2""",1000,1792.12,23563.45
Problem_5Sat3Gs_0_4.json,1.5,8,4,-4.670200,"[-0.19720274040509606, -0.18088484791522175, -0.148440200068382, -0.15021982395842506, 0.07095466622753929, -0.0543350229289202, -0.017766339322852, -0.020333760338356197, 0.4266307660329711, 0.8043506536515376, 1.1583501985765896, 0.982809033425386, -0.39428668651765875, 1.965870156918348, 0.8922044321130275, 0.8771374413868659]","""0,1923,1,98,1000,17,1001,4,2,4,2000,2""",1000,2369.11,24140.44
Problem_5Sat3Gs_0_4.json,1.5,8,5,-4.670200,"[-0.19720274040509606, -0.18088484791522175, -0.148440200068382, -0.15021982395842506, 0.07095466622753929, -0.0543350229289202, -0.017766339322852, -0.020333760338356197, 0.4266307660329711, 0.8043506536515376, 1.1583501985765896, 0.982809033425386, -0.39428668651765875, 1.965870156918348, 0.8922044321130275, 0.8771374413868659]","""0,1906,1,110,1000,20,2,7,2000,3,1001,2""",1000,2947.84,24719.18
Problem_5Sat3Gs_0_4.json,1.5,8,6,-4.670200,"[-0.19720274040509606, -0.18088484791522175, -0.148440200068382, -0.15021982395842506, 0.07095466622753929, -0.0543350229289202, -0.017766339322852, -0.020333760338356197, 0.4266307660329711, 0.8043506536515376, 1.1583501985765896, 0.982809033425386, -0.39428668651765875, 1.965870156918348, 0.8922044321130275, 0.8771374413868659]","""0,1912,1,99,1000,26,2,6,2000,2,1001,2,3,1""",1000,3533.26,25304.60
Problem_5Sat3Gs_0_4.json,1.5,8,7,-4.670200,"[-0.19720274040509606, -0.18088484791522175, -0.148440200068382, -0.15021982395842506, 0.07095466622753929, -0.0543350229289202, -0.017766339322852, -0.020333760338356197, 0.4266307660329711, 0.8043506536515376, 1.1583501985765896, 0.982809033425386, -0.39428668651765875, 1.965870156918348, 0.8922044321130275, 0.8771374413868659]","""0,1899,1,112,1000,20,2,9,1001,4,2000,2,3,2""",1000,4113.03,25884.36
Problem_5Sat3Gs_0_4.json,1.5,8,8,-4.670200,"[-0.19720274040509606, -0.18088484791522175, -0.148440200068382, -0.15021982395842506, 0.07095466622753929, -0.0543350229289202, -0.017766339322852, -0.020333760338356197, 0.4266307660329711, 0.8043506536515376, 1.1583501985765896, 0.982809033425386, -0.39428668651765875, 1.965870156918348, 0.8922044321130275, 0.8771374413868659]","""0,1882,1,120,1000,29,1001,7,2,5,2000,4,3,1""",1000,4688.34,26459.68
Problem_5Sat3Gs_0_4.json,1.5,8,9,-4.670200,"[-0.19720274040509606, -0.18088484791522175, -0.148440200068382, -0.15021982395842506, 0.07095466622753929, -0.0543350229289202, -0.017766339322852, -0.020333760338356197, 0.4266307660329711, 0.8043506536515376, 1.1583501985765896, 0.982809033425386, -0.39428668651765875, 1.965870156918348, 0.8922044321130275, 0.8771374413868659]","""0,1905,1,113,1000,18,2,7,2000,4,1001,1""",1000,5262.89,27034.23
Problem_5Sat3Gs_0_4.json,1.5,8,10,-4.670200,"[-0.19720274040509606, -0.18088484791522175, -0.148440200068382, -0.15021982395842506, 0.07095466622753929, -0.0543350229289202, -0.017766339322852, -0.020333760338356197, 0.4266307660329711, 0.8043506536515376, 1.1583501985765896, 0.982809033425386, -0.39428668651765875, 1.965870156918348, 0.8922044321130275, 0.8771374413868659]","""0,1918,1,93,1000,24,2,6,1001,3,2000,3,3,1""",1000,5838.19,27609.52
Problem_5Sat3Gs_0_6.json,1.5,1,1,-4.019866,"[-0.141686804321006, 0.9442184112914124]","""1,802,2,459,0,337,1000,118,1001,99,3,67,2000,64,2001,48,3000,23,1002,19,4,5,3001,4,2002,3""",204,47.14,47.14
Problem_5Sat3Gs_0_6.json,1.5,1,2,-4.019866,"[-0.141686804321006, 0.9442184112914124]","""1,815,2,466,0,308,1001,111,1000,105,3,66,2000,66,2001,53,1002,22,3000,19,2002,7,3001,4,4,4,5,1,1003,1""",204,79.44,79.44
Problem_5Sat3Gs_0_6.json,1.5,1,3,-4.019866,"[-0.141686804321006, 0.9442184112914124]","""1,842,2,448,0,288,1000,107,1001,107,3,79,2001,65,2000,61,3000,18,1002,16,2002,8,3001,6,4,2,1003,1""",204,112.61,112.61
Problem_5Sat3Gs_0_6.json,1.5,1,4,-4.019866,"[-0.141686804321006, 0.9442184112914124]","""1,786,2,456,0,323,1001,112,1000,103,3,84,2000,68,2001,47,1002,28,3000,22,2002,9,3001,8,4,2""",204,146.21,146.21
Problem_5Sat3Gs_0_6.json,1.5,1,5,-4.019866,"[-0.141686804321006, 0.9442184112914124]","""1,837,2,428,0,311,1000,111,1001,104,2000,79,3,58,2001,53,1002,25,3000,23,2002,7,4,6,3001,5,4000,1""",204,179.24,179.24
Problem_5Sat3Gs_0_6.json,1.5,1,6,-4.019866,"[-0.141686804321006, 0.9442184112914124]","""1,809,2,451,0,308,1000,116,1001,89,2000,87,3,74,2001,62,3000,22,1002,21,2002,3,3001,3,4000,2,4,1""",204,212.39,212.39
Problem_5Sat3Gs_0_6.json,1.5,1,7,-4.019866,"[-0.141686804321006, 0.9442184112914124]","""1,820,2,418,0,320,1000,120,1001,102,2000,74,3,61,2001,56,3000,33,1002,21,2002,10,3001,8,4,3,1003,1,4000,1""",204,245.30,245.30
Problem_5Sat3Gs_0_6.json,1.5,1,8,-4.019866,"[-0.141686804321006, 0.9442184112914124]","""1,797,2,472,0,312,1001,108,1000,107,3,76,2000,59,2001,53,3000,28,1002,23,3001,4,2002,4,4,4,1003,1""",204,278.01,278.02
Problem_5Sat3Gs_0_6.json,1.5,1,9,-4.019866,"[-0.141686804321006, 0.9442184112914124]","""1,822,2,460,0,321,1000,120,1001,99,3,67,2000,56,2001,49,1002,20,3000,17,2002,7,3001,6,4,2,4000,2""",204,310.84,310.85
Problem_5Sat3Gs_0_6.json,1.5,1,10,-4.019866,"[-0.141686804321006, 0.9442184112914124]","""1,823,2,448,0,296,1000,121,1001,112,3,77,2000,77,2001,48,3000,18,1002,11,3001,7,4000,4,4,3,1003,2,2002,1""",204,343.75,343.75
Problem_5Sat3Gs_0_6.json,1.5,2,1,-4.722067,"[-0.15567442534027964, -0.11275518330638046, 0.7535358531469791, 1.2084004106001895]","""0,911,1,780,2,130,1000,103,1001,74,1002,13,2000,12,3,11,2001,8,3000,4,1003,1,3001,1""",428,120.99,464.74
Problem_5Sat3Gs_0_6.json,1.5,2,2,-4.722067,"[-0.15567442534027964, -0.11275518330638046, 0.7535358531469791, 1.2084004106001895]","""0,912,1,763,2,139,1000,81,1001,74,2000,30,1002,15,3000,13,2001,8,3,8,3001,3,4000,1,2002,1""",428,219.10,562.85
Problem_5Sat3Gs_0_6.json,1.5,2,3,-4.722067,"[-0.15567442534027964, -0.11275518330638046, 0.7535358531469791, 1.2084004106001895]","""0,900,1,774,2,128,1000,105,1001,74,2000,24,1002,18,3,8,3000,8,2001,7,3001,2""",428,317.77,661.52
Problem_5Sat3Gs_0_6.json,1.5,2,4,-4.722067,"[-0.15567442534027964, -0.11275518330638046, 0.7535358531469791, 1.2084004106001895]","""0,925,1,761,2,131,1000,96,1001,66,1002,23,2000,17,3,15,2001,6,3000,5,4,2,4000,1""",428,416.57,760.32
Problem_5Sat3Gs_0_6.json,1.5,2,5,-4.722067,"[-0.15567442534027964, -0.11275518330638046, 0.7535358531469791, 1.2084004106001895]","""0,917,1,775,2,124,1000,104,1001,62,2000,19,3,17,1002,11,2001,10,3000,8,4,1""",428,513.76,857.51
Problem_5Sat3Gs_0_6.json,1.5,2,6,-4.722067,"[-0.15567442534027964, -0.11275518330638046, 0.7535358531469791, 1.2084004106001895]","""0,945,1,726,2,129,1000,104,1001,76,2000,21,1002,15,3,13,2001,9,3000,8,3001,1,2002,1""",428,612.20,955.95
Problem_5Sat3Gs_0_6.json,1.5,2,7,-4.722067,"[-0.15567442534027964, -0.11275518330638046, 0.7535358531469791, 1.2084004106001895]","""0,904,1,776,1000,112,2,112,1001,73,2000,24,1002,18,3000,11,2001,9,3,8,2002,1""",428,708.41,1052.16
Problem_5Sat3Gs_0_6.json,1.5,2,8,-4.722067,"[-0.15567442534027964, -0.11275518330638046, 0.7535358531469791, 1.2084004106001895]","""0,899,1,778,2,136,1000,115,1001,59,2000,23,1002,12,3000,9,3,9,2001,5,3001,2,2002,1""",428,805.40,1149.15
Problem_5Sat3Gs_0_6.json,1.5,2,9,-4.722067,"[-0.15567442534027964, -0.11275518330638046, 0.7535358531469791, 1.2084004106001895]","""0,954,1,709,2,140,1000,106,1001,69,2000,24,3000,14,1002,13,3,10,2001,5,3001,2,2002,1,4,1""",428,900.91,1244.66
Problem_5Sat3Gs_0_6.json,1.5,2,10,-4.722067,"[-0.15567442534027964, -0.11275518330638046, 0.7535358531469791, 1.2084004106001895]","""0,908,1,792,2,118,1000,110,1001,65,2000,21,2001,10,3000,9,1002,7,3,7,3001,1""",428,998.36,1342.11
Problem_5Sat3Gs_0_6.json,1.5,3,1,-5.060920,"[-0.19238903847154953, -0.14209945268417185, -0.09557414635426036, 0.5698247809289173, 1.0842015773717268, 1.1973704127986688]","""0,1373,1,467,1000,113,2,56,1001,17,3000,8,2000,7,2001,3,3,3,3001,1""",658,228.71,1570.82
Problem_5Sat3Gs_0_6.json,1.5,3,2,-4.782835,"[-0.154612313703238, -0.07889065870259687, -0.05129604544236782, 0.7030879914797535, 1.0615424672793108, 0.4313917887710957]","""0,993,1,734,2,92,1000,89,1001,72,2000,30,2001,10,1002,10,3000,8,3,7,1003,1,2002,1,3001,1""",1000,525.25,1867.36
Problem_5Sat3Gs_0_6.json,1.5,3,3,-5.060920,"[-0.19238903847154953, -0.14209945268417185, -0.09557414635426036, 0.5698247809289173, 1.0842015773717268, 1.1973704127986688]","""0,1356,1,492,1000,96,2,55,1001,25,2000,9,3,4,1002,4,3000,4,2001,2,3001,1""",658,723.08,2065.19
Problem_5Sat3Gs_0_6.json,1.5,3,4,-4.782835,"[-0.154612313703238, -0.07889065870259687, -0.05129604544236782, 0.7030879914797535, 1.0615424672793108, 0.4313917887710957]","""0,1021,1,697,2,115,1000,76,1001,75,2000,36,1002,11,2001,8,3000,5,3,4""",1000,1019.08,2361.19
Problem_5Sat3Gs_0_6.json,1.5,3,5,-5.060920,"[-0.19238903847154953, -0.14209945268417185, -0.09557414635426036, 0.5698247809289173, 1.0842015773717268, 1.1973704127986688]","""0,1373,1,482,1000,102,2,50,1001,18,2000,8,3000,6,1002,3,2001,2,3,2,4,1,1003,1""",658,1216.00,2558.11
Problem_5Sat3Gs_0_6.json,1.5,3,6,-4.782835,"[-0.154612313703238, -0.07889065870259687, -0.05129604544236782, 0.7030879914797535, 1.0615424672793108, 0.4313917887710957]","""0,1023,1,702,1000,97,2,87,1001,80,2000,23,3,10,3000,9,2001,7,1002,6,3001,2,4000,1,4,1""",1000,1511.88,2853.99
Problem_5Sat3Gs_0_6.json,1.5,3,7,-4.782835,"[-0.154612313703238, -0.07889065870259687, -0.05129604544236782, 0.7030879914797535, 1.0615424672793108, 0.4313917887710957]","""0,1023,1,713,1000,91,2,90,1001,61,2000,29,2001,12,3,11,1002,9,3000,9""",1000,1808.40,3150.51
Problem_5Sat3Gs_0_6.json,1.5,3,8,-5.060920,"[-0.19238903847154953, -0.14209945268417185, -0.09557414635426036, 0.5698247809289173, 1.0842015773717268, 1.1973704127986688]","""0,1318,1,506,1000,112,2,68,1001,17,3,10,2000,7,3000,5,1002,4,2001,1""",658,2005.36,3347.47
Problem_5Sat3Gs_0_6.json,1.5,3,9,-4.782835,"[-0.154612313703238, -0.07889065870259687, -0.05129604544236782, 0.7030879914797535, 1.0615424672793108, 0.4313917887710957]","""0,1032,1,660,1000,102,2,100,1001,69,2000,41,1002,12,3000,12,3,10,2001,9,4000,1""",1000,2306.71,3648.82
Problem_5Sat3Gs_0_6.json,1.5,3,10,-4.782835,"[-0.154612313703238, -0.07889065870259687, -0.05129604544236782, 0.7030879914797535, 1.0615424672793108, 0.4313917887710957]","""0,1029,1,702,2,110,1000,89,1001,68,2000,27,3,8,1002,6,2001,5,3000,2,3001,1,2002,1""",1000,2604.81,3946.91
Problem_5Sat3Gs_0_6.json,1.5,4,1,-5.086871,"[-0.1933970198748906, -0.14328706006060482, -0.1581582537941258, 0.06715290251771622, 0.5698796367235547, 1.08237591330444, 1.097568645153773, -0.15697382037395927]","""0,1426,1,423,2,77,1000,76,2000,17,1001,14,1002,7,3,4,3000,3,2001,1""",1000,412.10,4359.01
Problem_5Sat3Gs_0_6.json,1.5,4,2,-5.086871,"[-0.1933970198748906, -0.14328706006060482, -0.1581582537941258, 0.06715290251771622, 0.5698796367235547, 1.08237591330444, 1.097568645153773, -0.15697382037395927]","""0,1398,1,446,1000,89,2,70,1001,18,2000,11,3000,5,3,5,1002,3,2001,2,4,1""",1000,783.93,4730.84
Problem_5Sat3Gs_0_6.json,1.5,4,3,-5.086871,"[-0.1933970198748906, -0.14328706006060482, -0.1581582537941258, 0.06715290251771622, 0.5698796367235547, 1.08237591330444, 1.097568645153773, -0.15697382037395927]","""0,1396,1,467,1000,84,2,56,2000,18,1001,14,3000,6,1002,4,3,2,2001,1""",1000,1155.99,5102.90
Problem_5Sat3Gs_0_6.json,1.5,4,4,-5.086871,"[-0.1933970198748906, -0.14328706006060482, -0.1581582537941258, 0.06715290251771622, 0.5698796367235547, 1.08237591330444, 1.097568645153773, -0.15697382037395927]","""0,1411,1,461,1000,86,2,48,1001,14,2000,12,3000,7,1002,5,3,2,2001,2""",1000,1526.53,5473.45
Problem_5Sat3Gs_0_6.json,1.5,4,5,-5.086871,"[-0.1933970198748906, -0.14328706006060482, -0.1581582537941258, 0.06715290251771622, 0.5698796367235547, 1.08237591330444, 1.097568645153773, -0.15697382037395927]","""0,1385,1,470,2,78,1000,68,2000,13,3000,10,1001,10,1002,7,3,3,2001,3,3001,1""",1000,1898.37,5845.28
Problem_5Sat3Gs_0_6.json,1.5,4,6,-5.086871,"[-0.1933970198748906, -0.14328706006060482, -0.1581582537941258, 0.06715290251771622, 0.5698796367235547, 1.08237591330444, 1.097568645153773, -0.15697382037395927]","""0,1438,1,435,1000,74,2,56,1001,16,3000,13,2000,9,3,4,2001,2,1002,1""",1000,2271.50,6218.42
Problem_5Sat3Gs_0_6.json,1.5,4,7,-5.086871,"[-0.1933970198748906, -0.14328706006060482, -0.1581582537941258, 0.06715290251771622, 0.5698796367235547, 1.08237591330444, 1.097568645153773, -0.15697382037395927]","""0,1425,1,444,1000,75,2,57,1001,18,2000,13,3000,7,3,4,2001,3,1002,2""",1000,2642.67,6589.58
Problem_5Sat3Gs_0_6.json,1.5,4,8,-5.086871,"[-0.1933970198748906, -0.14328706006060482, -0.1581582537941258, 0.06715290251771622, 0.5698796367235547, 1.08237591330444, 1.097568645153773, -0.15697382037395927]","""0,1397,1,476,1000,80,2,47,1001,15,2000,13,3000,7,3,5,1002,4,2001,3,4,1""",1000,3015.40,6962.31
Problem_5Sat3Gs_0_6.json,1.5,4,9,-5.086871,"[-0.1933970198748906, -0.14328706006060482, -0.1581582537941258, 0.06715290251771622, 0.5698796367235547, 1.08237591330444, 1.097568645153773, -0.15697382037395927]","""0,1395,1,470,1000,84,2,43,2000,26,1001,12,3,6,2001,6,3000,5,1002,1""",1000,3389.35,7336.27
Problem_5Sat3Gs_0_6.json,1.5,4,10,-5.086871,"[-0.1933970198748906, -0.14328706006060482, -0.1581582537941258, 0.06715290251771622, 0.5698796367235547, 1.08237591330444, 1.097568645153773, -0.15697382037395927]","""0,1377,1,483,1000,69,2,63,2000,20,1001,17,3,7,3000,5,1002,3,2001,3,2002,1""",1000,3761.29,7708.20
Problem_5Sat3Gs_0_6.json,1.5,5,1,-5.167292,"[-0.1885178902261409, -0.1445843800853239, -0.15524947425632166, 0.04967147843425626, -0.05920961738950836, 0.5044177613175908, 0.8922301443096056, 1.0370588975021664, 0.009383914922801485, 1.0060839125475132]","""0,1487,1,439,1000,68,2,30,1001,12,2000,5,1002,2,2001,2,3,2,3000,1""",1000,488.58,8196.78
Problem_5Sat3Gs_0_6.json,1.5,5,2,-5.167292,"[-0.1885178902261409, -0.1445843800853239, -0.15524947425632166, 0.04967147843425626, -0.05920961738950836, 0.5044177613175908, 0.8922301443096056, 1.0370588975021664, 0.009383914922801485, 1.0060839125475132]","""0,1507,1,391,1000,76,2,43,1001,18,2000,5,3,5,2001,1,1002,1,3000,1""",1000,931.78,8639.98
Problem_5Sat3Gs_0_6.json,1.5,5,3,-5.167292,"[-0.1885178902261409, -0.1445843800853239, -0.15524947425632166, 0.04967147843425626, -0.05920961738950836, 0.5044177613175908, 0.8922301443096056, 1.0370588975021664, 0.009383914922801485, 1.0060839125475132]","""0,1492,1,426,1000,73,2,43,1001,6,2000,5,3,3""",1000,1374.29,9082.49
Problem_5Sat3Gs_0_6.json,1.5,5,4,-5.167292,"[-0.1885178902261409, -0.1445843800853239, -0.15524947425632166, 0.04967147843425626, -0.05920961738950836, 0.5044177613175908, 0.8922301443096056, 1.0370588975021664, 0.009383914922801485, 1.0060839125475132]","""0,1486,1,393,1000,92,2,46,1001,14,3,7,2000,7,1003,2,3000,1""",1000,1820.20,9528.40
Problem_5Sat3Gs_0_6.json,1.5,5,5,-5.167292,"[-0.1885178902261409, -0.1445843800853239, -0.15524947425632166, 0.04967147843425626, -0.05920961738950836, 0.5044177613175908, 0.8922301443096056, 1.0370588975021664, 0.009383914922801485, 1.0060839125475132]","""0,1513,1,386,1000,80,2,43,1001,12,2000,7,3,5,2001,1,3000,1""",1000,2262.65,9970.85
Problem_5Sat3Gs_0_6.json,1.5,5,6,-5.167292,"[-0.1885178902261409, -0.1445843800853239, -0.15524947425632166, 0.04967147843425626, -0.05920961738950836, 0.5044177613175908, 0.8922301443096056, 1.0370588975021664, 0.009383914922801485, 1.0060839125475132]","""0,1494,1,419,1000,61,2,42,1001,17,2000,5,3,5,3000,3,1002,2""",1000,2704.80,10413.00
Problem_5Sat3Gs_0_6.json,1.5,5,7,-5.167292,"[-0.1885178902261409, -0.1445843800853239, -0.15524947425632166, 0.04967147843425626, -0.05920961738950836, 0.5044177613175908, 0.8922301443096056, 1.0370588975021664, 0.009383914922801485, 1.0060839125475132]","""0,1498,1,396,1000,78,2,42,1001,14,2000,7,3,6,1002,2,3000,2,2001,2,4,1""",1000,3145.76,10853.96
Problem_5Sat3Gs_0_6.json,1.5,5,8,-5.167292,"[-0.1885178902261409, -0.1445843800853239, -0.15524947425632166, 0.04967147843425626, -0.05920961738950836, 0.5044177613175908, 0.8922301443096056, 1.0370588975021664, 0.009383914922801485, 1.0060839125475132]","""0,1483,1,424,1000,75,2,38,1001,19,3,4,2000,3,1002,1,2001,1""",1000,3587.02,11295.22
Problem_5Sat3Gs_0_6.json,1.5,5,9,-5.167292,"[-0.1885178902261409, -0.1445843800853239, -0.15524947425632166, 0.04967147843425626, -0.05920961738950836, 0.5044177613175908, 0.8922301443096056, 1.0370588975021664, 0.009383914922801485, 1.0060839125475132]","""0,1497,1,404,1000,84,2,40,1001,15,1002,3,2000,2,3,2,3000,1""",1000,4029.80,11738.00
Problem_5Sat3Gs_0_6.json,1.5,5,10,-5.167292,"[-0.1885178902261409, -0.1445843800853239, -0.15524947425632166, 0.04967147843425626, -0.05920961738950836, 0.5044177613175908, 0.8922301443096056, 1.0370588975021664, 0.009383914922801485, 1.0060839125475132]","""0,1528,1,394,1000,60,2,40,1001,13,2000,5,3,3,4,1,1002,1,2001,1,3000,1,4000,1""",1000,4472.21,12180.41
Problem_5Sat3Gs_0_6.json,1.5,6,1,-5.222971,"[-0.20331025395069757, -0.17370897116804782, -0.17437982658714288, 0.05344266310000539, -0.07185418650049605, -0.044407537822002435, 0.39238451917942213, 0.8368445414785327, 0.9802009014775023, -0.00438147010042506, 1.0342125989445792, 0.9303103117357315]","""0,1558,1,398,1000,59,2,20,1001,6,2000,6,3000,1""",1000,571.84,12752.25
Problem_5Sat3Gs_0_6.json,1.5,6,2,-5.188190,"[-0.1889118792002836, -0.15985032796076834, -0.16562604440306683, 0.04691583497630807, -0.011296830917116255, -0.057176124059317296, 0.4379478594223627, 0.8463497976141832, 1.0754053173990628, -0.043784103484092625, 1.0788296637942476, 0.18913802723679093]","""0,1548,1,396,1000,67,2,21,1001,8,3000,3,3,3,2000,2""",1000,1091.29,13271.70
Problem_5Sat3Gs_0_6.json,1.5,6,3,-5.222971,"[-0.20331025395069757, -0.17370897116804782, -0.17437982658714288, 0.05344266310000539, -0.07185418650049605, -0.044407537822002435, 0.39238451917942213, 0.8368445414785327, 0.9802009014775023, -0.00438147010042506, 1.0342125989445792, 0.9303103117357315]","""0,1582,1,385,1000,47,2,24,1001,5,3,2,2001,1,2000,1,1002,1""",1000,1612.17,13792.58
Problem_5Sat3Gs_0_6.json,1.5,6,4,-5.188190,"[-0.1889118792002836, -0.15985032796076834, -0.16562604440306683, 0.04691583497630807, -0.011296830917116255, -0.057176124059317296, 0.4379478594223627, 0.8463497976141832, 1.0754053173990628, -0.043784103484092625, 1.0788296637942476, 0.18913802723679093]","""0,1525,1,412,1000,58,2,29,1001,11,2000,9,3000,2,3,1,1002,1""",1000,2128.78,14309.19
Problem_5Sat3Gs_0_6.json,1.5,6,5,-5.188190,"[-0.1889118792002836, -0.15985032796076834, -0.16562604440306683, 0.04691583497630807, -0.011296830917116255, -0.057176124059317296, 0.4379478594223627, 0.8463497976141832, 1.0754053173990628, -0.043784103484092625, 1.0788296637942476, 0.18913802723679093]","""0,1515,1,394,1000,72,2,36,1001,16,2000,10,3000,3,3,1,1002,1""",1000,2643.93,14824.35
Problem_5Sat3Gs_0_6.json,1.5,6,6,-5.222971,"[-0.20331025395069757, -0.17370897116804782, -0.17437982658714288, 0.05344266310000539, -0.07185418650049605, -0.044407537822002435, 0.39238451917942213, 0.8368445414785327, 0.9802009014775023, -0.00438147010042506, 1.0342125989445792, 0.9303103117357315]","""0,1557,1,387,1000,61,2,30,1001,7,2000,3,3000,2,3,1""",1000,3160.20,15340.61
Problem_5Sat3Gs_0_6.json,1.5,6,7,-5.188190,"[-0.1889118792002836, -0.15985032796076834, -0.16562604440306683, 0.04691583497630807, -0.011296830917116255, -0.057176124059317296, 0.4379478594223627, 0.8463497976141832, 1.0754053173990628, -0.043784103484092625, 1.0788296637942476, 0.18913802723679093]","""0,1483,1,441,1000,65,2,38,2000,8,1001,7,3000,3,3,2,1002,1""",1000,3677.82,15858.23
Problem_5Sat3Gs_0_6.json,1.5,6,8,-5.222971,"[-0.20331025395069757, -0.17370897116804782, -0.17437982658714288, 0.05344266310000539, -0.07185418650049605, -0.044407537822002435, 0.39238451917942213, 0.8368445414785327, 0.9802009014775023, -0.00438147010042506, 1.0342125989445792, 0.9303103117357315]","""0,1548,1,404,1000,42,2,33,1001,11,2000,5,2001,2,3000,2,1002,1""",1000,4196.39,16376.80
Problem_5Sat3Gs_0_6.json,1.5,6,9,-5.222971,"[-0.20331025395069757, -0.17370897116804782, -0.17437982658714288, 0.05344266310000539, -0.07185418650049605, -0.044407537822002435, 0.39238451917942213, 0.8368445414785327, 0.9802009014775023, -0.00438147010042506, 1.0342125989445792, 0.9303103117357315]","""0,1567,1,389,1000,46,2,33,1001,7,2000,2,1002,2,3000,1,2001,1""",1000,4714.70,16895.11
Problem_5Sat3Gs_0_6.json,1.5,6,10,-5.222971,"[-0.20331025395069757, -0.17370897116804782, -0.17437982658714288, 0.05344266310000539, -0.07185418650049605, -0.044407537822002435, 0.39238451917942213, 0.8368445414785327, 0.9802009014775023, -0.00438147010042506, 1.0342125989445792, 0.9303103117357315]","""0,1539,1,414,1000,47,2,31,1001,6,2000,4,3000,3,1002,2,3,2""",1000,5233.48,17413.89
Problem_5Sat3Gs_0_6.json,1.5,7,1,-5.294545,"[-0.23106962833648348, -0.2014633208492453, -0.20519066179814632, 0.04141765910106735, -0.09708049378572503, -0.05701744177882878, -0.05370375126675277, 0.3640777794216517, 0.7406428338799622, 0.979159648384915, 0.01985015715001506, 1.067282594926892, 0.9434263765648143, 0.9157802067408294]","""0,1694,1,289,1000,22,2,20,2000,7,1001,6,1002,3,2001,3,3000,2,3,2""",1000,649.26,18063.15
Problem_5Sat3Gs_0_6.json,1.5,7,2,-5.294545,"[-0.23106962833648348, -0.2014633208492453, -0.20519066179814632, 0.04141765910106735, -0.09708049378572503, -0.05701744177882878, -0.05370375126675277, 0.3640777794216517, 0.7406428338799622, 0.979159648384915, 0.01985015715001506, 1.067282594926892, 0.9434263765648143, 0.9157802067408294]","""0,1717,1,269,2,23,1000,22,2000,9,1001,4,3000,2,3,1,1002,1""",1000,1243.32,18657.20
Problem_5Sat3Gs_0_6.json,1.5,7,3,-5.294545,"[-0.23106962833648348, -0.2014633208492453, -0.20519066179814632, 0.04141765910106735, -0.09708049378572503, -0.05701744177882878, -0.05370375126675277, 0.3640777794216517, 0.7406428338799622, 0.979159648384915, 0.01985015715001506, 1.067282594926892, 0.9434263765648143, 0.9157802067408294]","""0,1756,1,242,2,20,1000,17,1001,7,2000,5,3000,1""",1000,1834.81,19248.70
Problem_5Sat3Gs_0_6.json,1.5,7,4,-5.294545,"[-0.23106962833648348, -0.2014633208492453, -0.20519066179814632, 0.04141765910106735, -0.09708049378572503, -0.05701744177882878, -0.05370375126675277, 0.3640777794216517, 0.7406428338799622, 0.979159648384915, 0.01985015715001506, 1.067282594926892, 0.9434263765648143, 0.9157802067408294]","""0,1689,1,289,1000,26,2,22,1001,8,3000,7,2000,5,3,2""",1000,2423.78,19837.67
Problem_5Sat3Gs_0_6.json,1.5,7,5,-5.294545,"[-0.23106962833648348, -0.2014633208492453, -0.20519066179814632, 0.04141765910106735, -0.09708049378572503, -0.05701744177882878, -0.05370375126675277, 0.3640777794216517, 0.7406428338799622, 0.979159648384915, 0.01985015715001506, 1.067282594926892, 0.9434263765648143, 0.9157802067408294]","""0,1697,1,286,2,28,1000,18,1001,8,2000,4,2001,4,3000,2,1002,1""",1000,3014.60,20428.49
Problem_5Sat3Gs_0_6.json,1.5,7,6,-5.294545,"[-0.23106962833648348, -0.2014633208492453, -0.20519066179814632, 0.04141765910106735, -0.09708049378572503, -0.05701744177882878, -0.05370375126675277, 0.3640777794216517, 0.7406428338799622, 0.979159648384915, 0.01985015715001506, 1.067282594926892, 0.9434263765648143, 0.9157802067408294]","""0,1651,1,328,1000,32,2,21,2000,8,1001,4,1002,2,3001,1,3000,1""",1000,3604.32,21018.21
Problem_5Sat3Gs_0_6.json,1.5,7,7,-5.294545,"[-0.23106962833648348, -0.2014633208492453, -0.20519066179814632, 0.04141765910106735, -0.09708049378572503, -0.05701744177882878, -0.05370375126675277, 0.3640777794216517, 0.7406428338799622, 0.979159648384915, 0.01985015715001506, 1.067282594926892, 0.9434263765648143, 0.9157802067408294]","""0,1685,1,302,1000,24,2,21,1001,7,2000,6,3000,3""",1000,4196.67,21610.56
Problem_5Sat3Gs_0_6.json,1.5,7,8,-5.294545,"[-0.23106962833648348, -0.2014633208492453, -0.20519066179814632, 0.04141765910106735, -0.09708049378572503, -0.05701744177882878, -0.05370375126675277, 0.3640777794216517, 0.7406428338799622, 0.979159648384915, 0.01985015715001506, 1.067282594926892, 0.9434263765648143, 0.9157802067408294]","""0,1709,1,268,1000,24,2,23,1001,9,2000,9,3000,3,1002,1,2001,1,3,1""",1000,4788.14,22202.02
Problem_5Sat3Gs_0_6.json,1.5,7,9,-5.294545,"[-0.23106962833648348, -0.2014633208492453, -0.20519066179814632, 0.04141765910106735, -0.09708049378572503, -0.05701744177882878, -0.05370375126675277, 0.3640777794216517, 0.7406428338799622, 0.979159648384915, 0.01985015715001506, 1.067282594926892, 0.9434263765648143, 0.9157802067408294]","""0,1692,1,298,2,25,1000,20,2000,7,1001,4,3000,1,3,1""",1000,5383.06,22796.95
Problem_5Sat3Gs_0_6.json,1.5,7,10,-5.294545,"[-0.23106962833648348, -0.2014633208492453, -0.20519066179814632, 0.04141765910106735, -0.09708049378572503, -0.05701744177882878, -0.05370375126675277, 0.3640777794216517, 0.7406428338799622, 0.979159648384915, 0.01985015715001506, 1.067282594926892, 0.9434263765648143, 0.9157802067408294]","""0,1713,1,283,1000,21,2,16,1001,10,2000,2,3000,1,2001,1,1002,1""",1000,5969.74,23383.62
Problem_5Sat3Gs_0_6.json,1.5,8,1,-5.359941,"[-0.22065015045778089, -0.20474703621277393, -0.21323760833070893, 0.04602956115236522, -0.13098232425493095, -0.07702499747254282, -0.05590918062946766, -0.04881283244415742, 0.3592625856817699, 0.7089879639753773, 0.8856360955926813, -0.018599279623391776, 1.0638316652079642, 1.0038290540484198, 0.9184990487793765, 0.9395989827970347]","""0,1801,1,198,2,21,1000,19,1001,3,1002,2,2001,1,3000,1,3,1,2000,1""",1000,728.43,24112.05
Problem_5Sat3Gs_0_6.json,1.5,8,2,-5.359941,"[-0.22065015045778089, -0.20474703621277393, -0.21323760833070893, 0.04602956115236522, -0.13098232425493095, -0.07702499747254282, -0.05590918062946766, -0.04881283244415742, 0.3592625856817699, 0.7089879639753773, 0.8856360955926813, -0.018599279623391776, 1.0638316652079642, 1.0038290540484198, 0.9184990487793765, 0.9395989827970347]","""0,1824,1,177,1000,22,2,15,1001,4,3000,3,2000,3""",1000,1390.20,24773.83
Problem_5Sat3Gs_0_6.json,1.5,8,3,-5.359941,"[-0.22065015045778089, -0.20474703621277393, -0.21323760833070893, 0.04602956115236522, -0.13098232425493095, -0.07702499747254282, -0.05590918062946766, -0.04881283244415742, 0.3592625856817699, 0.7089879639753773, 0.8856360955926813, -0.018599279623391776, 1.0638316652079642, 1.0038290540484198, 0.9184990487793765, 0.9395989827970347]","""0,1800,1,199,1000,21,2,18,1001,6,1002,1,3,1,2000,1,2001,1""",1000,2056.25,25439.87
Problem_5Sat3Gs_0_6.json,1.5,8,4,-5.359941,"[-0.22065015045778089, -0.20474703621277393, -0.21323760833070893, 0.04602956115236522, -0.13098232425493095, -0.07702499747254282, -0.05590918062946766, -0.04881283244415742, 0.3592625856817699, 0.7089879639753773, 0.8856360955926813, -0.018599279623391776, 1.0638316652079642, 1.0038290540484198, 0.9184990487793765, 0.9395989827970347]","""0,1816,1,181,1000,21,2,20,1001,4,3000,2,1002,1,2000,1,2001,1,3,1""",1000,2719.76,26103.39
Problem_5Sat3Gs_0_6.json,1.5,8,5,-5.359941,"[-0.22065015045778089, -0.20474703621277393, -0.21323760833070893, 0.04602956115236522, -0.13098232425493095, -0.07702499747254282, -0.05590918062946766, -0.04881283244415742, 0.3592625856817699, 0.7089879639753773, 0.8856360955926813, -0.018599279623391776, 1.0638316652079642, 1.0038290540484198, 0.9184990487793765, 0.9395989827970347]","""0,1806,1,197,1000,17,2,13,1001,7,2000,3,2001,3,1002,1,3000,1""",1000,3383.61,26767.23
Problem_5Sat3Gs_0_6.json,1.5,8,6,-5.359941,"[-0.22065015045778089, -0.20474703621277393, -0.21323760833070893, 0.04602956115236522, -0.13098232425493095, -0.07702499747254282, -0.05590918062946766, -0.04881283244415742, 0.3592625856817699, 0.7089879639753773, 0.8856360955926813, -0.018599279623391776, 1.0638316652079642, 1.0038290540484198, 0.9184990487793765, 0.9395989827970347]","""0,1819,1,173,1000,24,2,21,1001,6,2000,3,3000,1,1002,1""",1000,4042.61,27426.23
Problem_5Sat3Gs_0_6.json,1.5,8,7,-5.359941,"[-0.22065015045778089, -0.20474703621277393, -0.21323760833070893, 0.04602956115236522, -0.13098232425493095, -0.07702499747254282, -0.05590918062946766, -0.04881283244415742, 0.3592625856817699, 0.7089879639753773, 0.8856360955926813, -0.018599279623391776, 1.0638316652079642, 1.0038290540484198, 0.9184990487793765, 0.9395989827970347]","""0,1809,1,195,2,19,1000,18,2001,2,1001,2,1003,1,2000,1,1002,1""",1000,4711.65,28095.27
Problem_5Sat3Gs_0_6.json,1.5,8,8,-5.359941,"[-0.22065015045778089, -0.20474703621277393, -0.21323760833070893, 0.04602956115236522, -0.13098232425493095, -0.07702499747254282, -0.05590918062946766, -0.04881283244415742, 0.3592625856817699, 0.7089879639753773, 0.8856360955926813, -0.018599279623391776, 1.0638316652079642, 1.0038290540484198, 0.9184990487793765, 0.9395989827970347]","""0,1841,1,167,2,15,1000,15,1001,4,2000,2,2001,2,1002,1,3,1""",1000,5375.81,28759.43
Problem_5Sat3Gs_0_6.json,1.5,8,9,-5.359941,"[-0.22065015045778089, -0.20474703621277393, -0.21323760833070893, 0.04602956115236522, -0.13098232425493095, -0.07702499747254282, -0.05590918062946766, -0.04881283244415742, 0.3592625856817699, 0.7089879639753773, 0.8856360955926813, -0.018599279623391776, 1.0638316652079642, 1.0038290540484198, 0.9184990487793765, 0.9395989827970347]","""0,1815,1,184,1000,27,2,11,1001,6,2000,4,3,1""",1000,6038.81,29422.43
Problem_5Sat3Gs_0_6.json,1.5,8,10,-5.359941,"[-0.22065015045778089, -0.20474703621277393, -0.21323760833070893, 0.04602956115236522, -0.13098232425493095, -0.07702499747254282, -0.05590918062946766, -0.04881283244415742, 0.3592625856817699, 0.7089879639753773, 0.8856360955926813, -0.018599279623391776, 1.0638316652079642, 1.0038290540484198, 0.9184990487793765, 0.9395989827970347]","""0,1830,1,183,1000,17,2,11,1001,4,1002,2,2000,1""",1000,6700.64,30084.26
Problem_5Sat3Gs_0_12.json,1.5,1,1,-3.889041,"[-0.1347678517321663, 0.9277522423044413]","""1,795,2,560,0,175,1000,143,1001,133,3,71,2000,50,2001,45,3000,38,1002,25,3001,6,2002,3,4000,2,4,2""",136,35.87,35.87
Problem_5Sat3Gs_0_12.json,1.5,1,2,-3.889041,"[-0.1347678517321663, 0.9277522423044413]","""1,724,2,573,0,219,1001,139,1000,132,3,93,2000,49,2001,44,3000,33,1002,25,3001,8,4,5,2002,4""",136,58.74,58.74
Problem_5Sat3Gs_0_12.json,1.5,1,3,-3.889041,"[-0.1347678517321663, 0.9277522423044413]","""1,800,2,527,0,174,1001,154,1000,129,3,87,2001,56,2000,49,1002,33,3000,20,3001,7,2002,6,4,6""",136,81.48,81.48
Problem_5Sat3Gs_0_12.json,1.5,1,4,-3.889041,"[-0.1347678517321663, 0.9277522423044413]","""1,802,2,541,0,183,1001,163,1000,135,3,68,2001,47,2000,37,1002,27,3000,27,4,8,3001,6,2002,4""",136,104.23,104.23
Problem_5Sat3Gs_0_12.json,1.5,1,5,-3.889041,"[-0.1347678517321663, 0.9277522423044413]","""1,802,2,544,0,179,1001,148,1000,135,3,90,2000,46,2001,40,3000,26,1002,25,3001,6,2002,4,4,3""",136,126.87,126.88
Problem_5Sat3Gs_0_12.json,1.5,1,6,-3.889041,"[-0.1347678517321663, 0.9277522423044413]","""1,776,2,536,0,184,1001,154,1000,147,3,80,2001,53,2000,45,3000,31,1002,23,3001,9,4,5,4000,3,2002,2""",136,150.04,150.04
Problem_5Sat3Gs_0_12.json,1.5,1,7,-3.889041,"[-0.1347678517321663, 0.9277522423044413]","""1,762,2,554,0,203,1001,160,1000,121,3,73,2001,52,2000,52,3000,31,1002,28,3001,6,2002,3,1003,1,4000,1,4,1""",136,172.70,172.70
Problem_5Sat3Gs_0_12.json,1.5,1,8,-3.889041,"[-0.1347678517321663, 0.9277522423044413]","""1,780,2,551,0,224,1001,139,1000,108,3,80,2000,58,2001,47,3000,28,1002,22,3001,5,4,3,2002,2,1003,1""",136,195.49,195.49
Problem_5Sat3Gs_0_12.json,1.5,1,9,-3.889041,"[-0.1347678517321663, 0.9277522423044413]","""1,790,2,522,0,237,1001,138,1000,120,3,90,2000,55,2001,47,3000,16,1002,12,4,9,3001,6,2002,3,1003,2,4000,1""",136,218.65,218.65
Problem_5Sat3Gs_0_12.json,1.5,1,10,-3.889041,"[-0.1347678517321663, 0.9277522423044413]","""1,791,2,536,0,199,1001,150,1000,134,3,93,2000,45,2001,42,1002,24,3000,22,2002,6,3001,2,1003,2,4,2""",136,241.69,241.69
Problem_5Sat3Gs_0_12.json,1.5,2,1,-4.526876,"[-0.14731781656074605, -0.10418180941516265, 0.751458394631348, 1.2371144538704641]","""1,986,0,600,2,184,1000,115,1001,86,1002,17,2000,16,3,15,3000,14,2001,12,4000,2,3001,1""",474,130.26,371.95
Problem_5Sat3Gs_0_12.json,1.5,2,2,-4.526876,"[-0.14731781656074605, -0.10418180941516265, 0.751458394631348, 1.2371144538704641]","""1,925,0,626,2,245,1000,104,1001,87,3000,14,3,13,1002,13,2000,10,2001,6,3001,2,2002,1,1003,1,4,1""",474,237.92,479.61
Problem_5Sat3Gs_0_12.json,1.5,2,3,-4.526876,"[-0.14731781656074605, -0.10418180941516265, 0.751458394631348, 1.2371144538704641]","""1,937,0,619,2,213,1000,114,1001,94,3000,18,1002,18,2000,14,3,12,2001,7,3001,1,4000,1""",474,346.55,588.24
Problem_5Sat3Gs_0_12.json,1.5,2,4,-4.526876,"[-0.14731781656074605, -0.10418180941516265, 0.751458394631348, 1.2371144538704641]","""1,971,0,639,2,193,1000,103,1001,73,3,17,2000,17,3000,14,1002,14,2001,5,4,1,3001,1""",474,454.38,696.08
Problem_5Sat3Gs_0_12.json,1.5,2,5,-4.526876,"[-0.14731781656074605, -0.10418180941516265, 0.751458394631348, 1.2371144538704641]","""1,942,0,621,2,230,1000,106,1001,90,2000,14,1002,13,3000,12,3,11,2001,8,4,1""",474,562.68,804.38
Problem_5Sat3Gs_0_12.json,1.5,2,6,-4.526876,"[-0.14731781656074605, -0.10418180941516265, 0.751458394631348, 1.2371144538704641]","""1,970,0,622,2,202,1000,112,1001,77,2000,16,3000,14,1002,14,3,12,2001,8,3001,1""",474,670.38,912.08
Problem_5Sat3Gs_0_12.json,1.5,2,7,-4.526876,"[-0.14731781656074605, -0.10418180941516265, 0.751458394631348, 1.2371144538704641]","""1,947,0,637,2,193,1000,117,1001,82,3,20,1002,19,2000,14,2001,8,3000,6,4000,3,3001,2""",474,777.97,1019.66
Problem_5Sat3Gs_0_12.json,1.5,2,8,-4.526876,"[-0.14731781656074605, -0.10418180941516265, 0.751458394631348, 1.2371144538704641]","""1,916,0,655,2,221,1000,115,1001,81,3,17,2000,14,1002,13,3000,10,2001,3,3001,2,4,1""",474,885.15,1126.84
Problem_5Sat3Gs_0_12.json,1.5,2,9,-4.526876,"[-0.14731781656074605, -0.10418180941516265, 0.751458394631348, 1.2371144538704641]","""1,971,0,608,2,218,1000,100,1001,79,2000,20,3,19,1002,15,3000,15,2001,3""",474,992.91,1234.61
Problem_5Sat3Gs_0_12.json,1.5,2,10,-4.526876,"[-0.14731781656074605, -0.10418180941516265, 0.751458394631348, 1.2371144538704641]","""1,961,0,593,2,200,1000,121,1001,89,1002,23,3,21,2000,20,3000,13,2001,4,3001,3""",474,1100.33,1342.02
Problem_5Sat3Gs_0_12.json,1.5,3,1,-4.858585,"[-0.18996540965103093, -0.13698747312928103, -0.09473907821892091, 0.60573885787685, 1.1171901044575223, 1.2323480397146047]","""0,1074,1,600,1000,181,2,107,1001,49,2000,13,3000,8,3,7,1002,6,4,1,2001,1,3001,1""",650,223.59,1565.61
Problem_5Sat3Gs_0_12.json,1.5,3,2,-4.858585,"[-0.18996540965103093, -0.13698747312928103, -0.09473907821892091, 0.60573885787685, 1.1171901044575223, 1.2323480397146047]","""0,1123,1,566,1000,170,2,102,1001,48,3000,11,3,8,2000,8,1002,7,4000,2,2001,2,4,1""",650,419.00,1761.02
Problem_5Sat3Gs_0_12.json,1.5,3,3,-4.858585,"[-0.18996540965103093, -0.13698747312928103, -0.09473907821892091, 0.60573885787685, 1.1171901044575223, 1.2323480397146047]","""0,1086,1,597,1000,197,2,87,1001,47,3000,10,3,7,2000,6,1002,5,2001,4,4000,1,2002,1""",650,614.58,1956.60
Problem_5Sat3Gs_0_12.json,1.5,3,4,-4.858585,"[-0.18996540965103093, -0.13698747312928103, -0.09473907821892091, 0.60573885787685, 1.1171901044575223, 1.2323480397146047]","""0,1076,1,594,1000,191,2,107,1001,47,2000,10,3000,7,3,6,1002,5,2001,4,4,1""",650,811.64,2153.66
Problem_5Sat3Gs_0_12.json,1.5,3,5,-4.858585,"[-0.18996540965103093, -0.13698747312928103, -0.09473907821892091, 0.60573885787685, 1.1171901044575223, 1.2323480397146047]","""0,1068,1,597,1000,195,2,117,1001,41,3000,9,2000,7,1002,5,2001,4,3,4,4,1""",650,1007.08,2349.10
Problem_5Sat3Gs_0_12.json,1.5,3,6,-4.858585,"[-0.18996540965103093, -0.13698747312928103, -0.09473907821892091, 0.60573885787685, 1.1171901044575223, 1.2323480397146047]","""0,1128,1,551,1000,182,2,101,1001,45,2000,13,3000,11,1002,10,2001,2,2002,2,3,2,4000,1""",650,1204.10,2546.12
Problem_5Sat3Gs_0_12.json,1.5,3,7,-4.858585,"[-0.18996540965103093, -0.13698747312928103, -0.09473907821892091, 0.60573885787685, 1.1171901044575223, 1.2323480397146047]","""0,1117,1,553,1000,187,2,110,1001,45,3000,13,2000,10,3,5,2001,4,1002,3,2002,1""",650,1400.06,2742.08
Problem_5Sat3Gs_0_12.json,1.5,3,8,-4.858585,"[-0.18996540965103093, -0.13698747312928103, -0.09473907821892091, 0.60573885787685, 1.1171901044575223, 1.2323480397146047]","""0,1066,1,602,1000,179,2,111,1001,48,2000,15,3000,14,1002,5,3,5,2001,2,2002,1""",650,1595.55,2937.57
Problem_5Sat3Gs_0_12.json,1.5,3,9,-4.858585,"[-0.18996540965103093, -0.13698747312928103, -0.09473907821892091, 0.60573885787685, 1.1171901044575223, 1.2323480397146047]","""0,1096,1,597,1000,174,2,102,1001,35,3000,11,2000,11,3,7,1002,6,2001,5,4000,2,3001,2""",650,1791.49,3133.51
Problem_5Sat3Gs_0_12.json,1.5,3,10,-4.858585,"[-0.18996540965103093, -0.13698747312928103, -0.09473907821892091, 0.60573885787685, 1.1171901044575223, 1.2323480397146047]","""0,1089,1,602,1000,178,2,99,1001,43,3000,15,3,7,2000,5,1002,4,2001,3,4000,1,3001,1,2002,1""",650,1988.07,3330.09
Problem_5Sat3Gs_0_12.json,1.5,4,1,-5.025106,"[-0.18887246613395345, -0.16330722183499677, -0.12458110397114622, -0.07480194495972227, 0.5003538683123174, 0.9259462042262281, 1.1488745493401311, 1.1840936502284174]","""0,1315,1,465,1000,163,2,63,1001,24,2000,5,1002,5,3,4,3000,3,2002,1""",1000,409.13,3739.22
Problem_5Sat3Gs_0_12.json,1.5,4,2,-5.025106,"[-0.18887246613395345, -0.16330722183499677, -0.12458110397114622, -0.07480194495972227, 0.5003538683123174, 0.9259462042262281, 1.1488745493401311, 1.1840936502284174]","""0,1310,1,460,1000,137,2,80,1001,37,2000,9,1002,5,3000,4,3,3,4,2,1003,1""",1000,782.63,4112.72
Problem_5Sat3Gs_0_12.json,1.5,4,3,-5.025106,"[-0.18887246613395345, -0.16330722183499677, -0.12458110397114622, -0.07480194495972227, 0.5003538683123174, 0.9259462042262281, 1.1488745493401311, 1.1840936502284174]","""0,1309,1,457,1000,162,2,76,1001,28,3,7,3000,4,1002,3,3001,1,2001,1""",1000,1151.54,4481.62
Problem_5Sat3Gs_0_12.json,1.5,4,4,-5.025106,"[-0.18887246613395345, -0.16330722183499677, -0.12458110397114622, -0.07480194495972227, 0.5003538683123174, 0.9259462042262281, 1.1488745493401311, 1.1840936502284174]","""0,1305,1,490,1000,145,2,62,1001,29,2000,5,3,4,3000,4,1002,3,3001,1""",1000,1521.41,4851.49
Problem_5Sat3Gs_0_12.json,1.5,4,5,-4.861666,"[-0.1902412256450417, -0.13628254577085996, -0.07433749954121602, -0.022306314056660174, 0.6059178561928104, 1.1125587476686982, 1.2078570681977001, 0.17524500356252415]","""0,1086,1,617,1000,169,2,87,1001,45,3000,16,2000,15,1002,7,3,3,2001,2,4,1""",1000,1890.43,5220.52
Problem_5Sat3Gs_0_12.json,1.5,4,6,-5.025106,"[-0.18887246613395345, -0.16330722183499677, -0.12458110397114622, -0.07480194495972227, 0.5003538683123174, 0.9259462042262281, 1.1488745493401311, 1.1840936502284174]","""0,1285,1,495,1000,143,2,76,1001,30,2000,8,3000,5,3,4,2001,1,1002,1""",1000,2262.26,5592.35
Problem_5Sat3Gs_0_12.json,1.5,4,7,-5.025106,"[-0.18887246613395345, -0.16330722183499677, -0.12458110397114622, -0.07480194495972227, 0.5003538683123174, 0.9259462042262281, 1.1488745493401311, 1.1840936502284174]","""0,1299,1,488,1000,138,2,82,1001,24,3,11,1002,3,2000,3""",1000,2632.17,5962.25
Problem_5Sat3Gs_0_12.json,1.5,4,8,-5.025106,"[-0.18887246613395345, -0.16330722183499677, -0.12458110397114622, -0.07480194495972227, 0.5003538683123174, 0.9259462042262281, 1.1488745493401311, 1.1840936502284174]","""0,1327,1,462,1000,137,2,77,1001,27,3,7,2000,6,3000,2,1002,2,4,1""",1000,2998.63,6328.72
Problem_5Sat3Gs_0_12.json,1.5,4,9,-4.861666,"[-0.1902412256450417, -0.13628254577085996, -0.07433749954121602, -0.022306314056660174, 0.6059178561928104, 1.1125587476686982, 1.2078570681977001, 0.17524500356252415]","""0,1080,1,595,1000,211,2,98,1001,32,3000,11,2000,8,3,7,2001,3,1002,3""",1000,3366.30,6696.38
Problem_5Sat3Gs_0_12.json,1.5,4,10,-5.025106,"[-0.18887246613395345, -0.16330722183499677, -0.12458110397114622, -0.07480194495972227, 0.5003538683123174, 0.9259462042262281, 1.1488745493401311, 1.1840936502284174]","""0,1308,1,487,1000,144,2,67,1001,28,3000,4,2000,3,2001,3,3,2,3001,1,1002,1""",1000,3737.92,7068.00
Problem_5Sat3Gs_0_12.json,1.5,5,1,-5.153778,"[-0.20070460447431743, -0.17790550554156903, -0.1609290948539744, -0.10803005806281298, -0.07009251033423583, 0.4590086232695946, 0.8759885841169859, 1.0477611701897913, 1.2381095061599439, 1.25677939023092]","""0,1509,1,382,1000,80,2,50,1001,14,3000,5,3,4,2000,2,2001,2""",1000,487.88,7555.88
Problem_5Sat3Gs_0_12.json,1.5,5,2,-5.153778,"[-0.20070460447431743, -0.17790550554156903, -0.1609290948539744, -0.10803005806281298, -0.07009251033423583, 0.4590086232695946, 0.8759885841169859, 1.0477611701897913, 1.2381095061599439, 1.25677939023092]","""0,1472,1,454,1000,53,2,39,1001,16,2000,5,3000,4,3,2,2001,1,4,1,1002,1""",1000,931.94,7999.94
Problem_5Sat3Gs_0_12.json,1.5,5,3,-5.153778,"[-0.20070460447431743, -0.17790550554156903, -0.1609290948539744, -0.10803005806281298, -0.07009251033423583, 0.4590086232695946, 0.8759885841169859, 1.0477611701897913, 1.2381095061599439, 1.25677939023092]","""0,1454,1,444,1000,69,2,53,1001,16,2000,5,3,3,3000,2,2001,1,1002,1""",1000,1374.52,8442.52
Problem_5Sat3Gs_0_12.json,1.5,5,4,-5.153778,"[-0.20070460447431743, -0.17790550554156903, -0.1609290948539744, -0.10803005806281298, -0.07009251033423583, 0.4590086232695946, 0.8759885841169859, 1.0477611701897913, 1.2381095061599439, 1.25677939023092]","""0,1497,1,406,1000,66,2,45,1001,17,3,6,3000,5,2000,3,2001,1,1002,1,1003,1""",1000,1818.08,8886.08
Problem_5Sat3Gs_0_12.json,1.5,5,5,-5.153778,"[-0.20070460447431743, -0.17790550554156903, -0.1609290948539744, -0.10803005806281298, -0.07009251033423583, 0.4590086232695946, 0.8759885841169859, 1.0477611701897913, 1.2381095061599439, 1.25677939023092]","""0,1475,1,429,1000,66,2,50,1001,10,3,7,2000,5,3000,3,1002,2,2001,1""",1000,2261.68,9329.68
Problem_5Sat3Gs_0_12.json,1.5,5,6,-5.153778,"[-0.20070460447431743, -0.17790550554156903, -0.1609290948539744, -0.10803005806281298, -0.07009251033423583, 0.4590086232695946, 0.8759885841169859, 1.0477611701897913, 1.2381095061599439, 1.25677939023092]","""0,1478,1,412,1000,74,2,53,1001,15,2000,7,3,6,3000,3""",1000,2705.41,9773.42
Problem_5Sat3Gs_0_12.json,1.5,5,7,-5.153778,"[-0.20070460447431743, -0.17790550554156903, -0.1609290948539744, -0.10803005806281298, -0.07009251033423583, 0.4590086232695946, 0.8759885841169859, 1.0477611701897913, 1.2381095061599439, 1.25677939023092]","""0,1456,1,434,1000,89,2,36,1001,13,3000,6,3,6,1002,4,2000,3,2001,1""",1000,3150.09,10218.09
Problem_5Sat3Gs_0_12.json,1.5,5,8,-5.153778,"[-0.20070460447431743, -0.17790550554156903, -0.1609290948539744, -0.10803005806281298, -0.07009251033423583, 0.4590086232695946, 0.8759885841169859, 1.0477611701897913, 1.2381095061599439, 1.25677939023092]","""0,1483,1,414,1000,82,2,40,1001,18,2000,5,2001,2,1002,2,3000,1,3,1""",1000,3593.28,10661.29
Problem_5Sat3Gs_0_12.json,1.5,5,9,-5.153778,"[-0.20070460447431743, -0.17790550554156903, -0.1609290948539744, -0.10803005806281298, -0.07009251033423583, 0.4590086232695946, 0.8759885841169859, 1.0477611701897913, 1.2381095061599439, 1.25677939023092]","""0,1507,1,383,1000,75,2,51,1001,17,3000,6,2000,5,3,2,2001,1,1002,1""",1000,4034.18,11102.19
Problem_5Sat3Gs_0_12.json,1.5,5,10,-5.153778,"[-0.20070460447431743, -0.17790550554156903, -0.1609290948539744, -0.10803005806281298, -0.07009251033423583, 0.4590086232695946, 0.8759885841169859, 1.0477611701897913, 1.2381095061599439, 1.25677939023092]","""0,1506,1,386,1000,81,2,47,1001,20,3,4,3000,2,2001,1,2000,1""",1000,4475.87,11543.87
Problem_5Sat3Gs_0_12.json,1.5,6,1,-5.253806,"[-0.2094504019127826, -0.19425318777597964, -0.17316656976008435, -0.13231271797527352, -0.09435740834453006, -0.05901071998651151, 0.45795440214630084, 0.8884800634291151, 1.0625980438241844, 1.1438216441072226, 1.2676821794793416, 1.1092669631204688]","""0,1704,1,242,1000,40,2,36,1001,12,3000,5,2000,3,3,3,2001,2,1002,1""",1000,569.00,12112.87
Problem_5Sat3Gs_0_12.json,1.5,6,2,-5.253806,"[-0.2094504019127826, -0.19425318777597964, -0.17316656976008435, -0.13231271797527352, -0.09435740834453006, -0.05901071998651151, 0.45795440214630084, 0.8884800634291151, 1.0625980438241844, 1.1438216441072226, 1.2676821794793416, 1.1092669631204688]","""0,1663,1,247,2,53,1000,51,1001,17,3000,5,2001,4,3,3,2000,3,1002,2""",1000,1085.40,12629.27
Problem_5Sat3Gs_0_12.json,1.5,6,3,-5.253806,"[-0.2094504019127826, -0.19425318777597964, -0.17316656976008435, -0.13231271797527352, -0.09435740834453006, -0.05901071998651151, 0.45795440214630084, 0.8884800634291151, 1.0625980438241844, 1.1438216441072226, 1.2676821794793416, 1.1092669631204688]","""0,1668,1,240,2,51,1000,47,1001,22,3000,6,2000,5,1002,4,2001,2,3,2,4000,1""",1000,1601.99,13145.87
Problem_5Sat3Gs_0_12.json,1.5,6,4,-5.253806,"[-0.2094504019127826, -0.19425318777597964, -0.17316656976008435, -0.13231271797527352, -0.09435740834453006, -0.05901071998651151, 0.45795440214630084, 0.8884800634291151, 1.0625980438241844, 1.1438216441072226, 1.2676821794793416, 1.1092669631204688]","""0,1670,1,243,2,57,1000,43,1001,22,2001,3,2000,3,3,3,1002,2,3000,2""",1000,2118.83,13662.70
Problem_5Sat3Gs_0_12.json,1.5,6,5,-5.253806,"[-0.2094504019127826, -0.19425318777597964, -0.17316656976008435, -0.13231271797527352, -0.09435740834453006, -0.05901071998651151, 0.45795440214630084, 0.8884800634291151, 1.0625980438241844, 1.1438216441072226, 1.2676821794793416, 1.1092669631204688]","""0,1704,1,239,1000,42,2,31,1001,11,2000,7,3,5,1002,4,3000,3,2001,2""",1000,2636.81,14180.68
Problem_5Sat3Gs_0_12.json,1.5,6,6,-5.253806,"[-0.2094504019127826, -0.19425318777597964, -0.17316656976008435, -0.13231271797527352, -0.09435740834453006, -0.05901071998651151, 0.45795440214630084, 0.8884800634291151, 1.0625980438241844, 1.1438216441072226, 1.2676821794793416, 1.1092669631204688]","""0,1652,1,266,1000,50,2,46,1001,18,2000,6,3000,3,1002,3,3,2,4,1,2001,1""",1000,3154.06,14697.93
Problem_5Sat3Gs_0_12.json,1.5,6,7,-5.253806,"[-0.2094504019127826, -0.19425318777597964, -0.17316656976008435, -0.13231271797527352, -0.09435740834453006, -0.05901071998651151, 0.45795440214630084, 0.8884800634291151, 1.0625980438241844, 1.1438216441072226, 1.2676821794793416, 1.1092669631204688]","""0,1683,1,250,2,41,1000,36,1001,19,2000,5,3000,4,1002,3,3001,2,3,2,2001,2,4,1""",1000,3670.64,15214.51
Problem_5Sat3Gs_0_12.json,1.5,6,8,-5.253806,"[-0.2094504019127826, -0.19425318777597964, -0.17316656976008435, -0.13231271797527352, -0.09435740834453006, -0.05901071998651151, 0.45795440214630084, 0.8884800634291151, 1.0625980438241844, 1.1438216441072226, 1.2676821794793416, 1.1092669631204688]","""0,1699,1,238,1000,44,2,38,1001,11,3000,8,2000,4,2001,4,4000,2""",1000,4190.84,15734.72
Problem_5Sat3Gs_0_12.json,1.5,6,9,-5.253806,"[-0.2094504019127826, -0.19425318777597964, -0.17316656976008435, -0.13231271797527352, -0.09435740834453006, -0.05901071998651151, 0.45795440214630084, 0.8884800634291151, 1.0625980438241844, 1.1438216441072226, 1.2676821794793416, 1.1092669631204688]","""0,1658,1,267,1000,48,2,39,1001,19,3000,6,2000,5,3,2,2001,2,4,1,1002,1""",1000,4706.39,16250.26
Problem_5Sat3Gs_0_12.json,1.5,6,10,-5.253806,"[-0.2094504019127826, -0.19425318777597964, -0.17316656976008435, -0.13231271797527352, -0.09435740834453006, -0.05901071998651151, 0.45795440214630084, 0.8884800634291151, 1.0625980438241844, 1.1438216441072226, 1.2676821794793416, 1.1092669631204688]","""0,1693,1,250,1000,48,2,35,1001,11,2000,5,3000,3,1002,2,2001,1""",1000,5221.15,16765.02
Problem_5Sat3Gs_0_12.json,1.5,7,1,-5.318847,"[-0.2005061697707749, -0.19000217906696407, -0.17912727864691583, -0.15084251063800086, -0.10615943714800069, -0.07165225745736678, -0.03875985728831041, 0.42425440378451174, 0.8374216189588135, 1.0116918043100829, 1.1444253097994124, 1.2036650593276803, 1.1654246280792482, 0.9143217918722333]","""0,1784,1,154,1000,49,2,44,1001,8,2000,4,3000,3,1002,2""",1000,652.67,17417.69
Problem_5Sat3Gs_0_12.json,1.5,7,2,-5.318847,"[-0.2005061697707749, -0.19000217906696407, -0.17912727864691583, -0.15084251063800086, -0.10615943714800069, -0.07165225745736678, -0.03875985728831041, 0.42425440378451174, 0.8374216189588135, 1.0116918043100829, 1.1444253097994124, 1.2036650593276803, 1.1654246280792482, 0.9143217918722333]","""0,1762,1,180,2,47,1000,40,1001,7,2001,4,3000,3,2000,3,1002,1,3,1""",1000,1240.06,18005.08
Problem_5Sat3Gs_0_12.json,1.5,7,3,-5.318847,"[-0.2005061697707749, -0.19000217906696407, -0.17912727864691583, -0.15084251063800086, -0.10615943714800069, -0.07165225745736678, -0.03875985728831041, 0.42425440378451174, 0.8374216189588135, 1.0116918043100829, 1.1444253097994124, 1.2036650593276803, 1.1654246280792482, 0.9143217918722333]","""0,1802,1,156,2,45,1000,28,1001,9,3000,4,2000,2,2001,1,3,1""",1000,1830.70,18595.72
Problem_5Sat3Gs_0_12.json,1.5,7,4,-5.318847,"[-0.2005061697707749, -0.19000217906696407, -0.17912727864691583, -0.15084251063800086, -0.10615943714800069, -0.07165225745736678, -0.03875985728831041, 0.42425440378451174, 0.8374216189588135, 1.0116918043100829, 1.1444253097994124, 1.2036650593276803, 1.1654246280792482, 0.9143217918722333]","""0,1788,1,158,1000,38,2,35,1001,19,2000,4,3000,2,1002,2,3,1,2001,1""",1000,2419.18,19184.20
Problem_5Sat3Gs_0_12.json,1.5,7,5,-5.318847,"[-0.2005061697707749, -0.19000217906696407, -0.17912727864691583, -0.15084251063800086, -0.10615943714800069, -0.07165225745736678, -0.03875985728831041, 0.42425440378451174, 0.8374216189588135, 1.0116918043100829, 1.1444253097994124, 1.2036650593276803, 1.1654246280792482, 0.9143217918722333]","""0,1818,1,149,2,33,1000,28,1001,11,2000,4,3000,2,1002,1,2001,1,4000,1""",1000,3008.19,19773.21
Problem_5Sat3Gs_0_12.json,1.5,7,6,-5.318847,"[-0.2005061697707749, -0.19000217906696407, -0.17912727864691583, -0.15084251063800086, -0.10615943714800069, -0.07165225745736678, -0.03875985728831041, 0.42425440378451174, 0.8374216189588135, 1.0116918043100829, 1.1444253097994124, 1.2036650593276803, 1.1654246280792482, 0.9143217918722333]","""0,1785,1,165,1000,41,2,30,1001,13,2000,7,3000,5,4000,1,3,1""",1000,3590.90,20355.92
Problem_5Sat3Gs_0_12.json,1.5,7,7,-5.318847,"[-0.2005061697707749, -0.19000217906696407, -0.17912727864691583, -0.15084251063800086, -0.10615943714800069, -0.07165225745736678, -0.03875985728831041, 0.42425440378451174, 0.8374216189588135, 1.0116918043100829, 1.1444253097994124, 1.2036650593276803, 1.1654246280792482, 0.9143217918722333]","""0,1772,1,161,1000,42,2,41,1001,17,2000,7,3000,4,2001,4""",1000,4189.14,20954.15
Problem_5Sat3Gs_0_12.json,1.5,7,8,-5.318847,"[-0.2005061697707749, -0.19000217906696407, -0.17912727864691583, -0.15084251063800086, -0.10615943714800069, -0.07165225745736678, -0.03875985728831041, 0.42425440378451174, 0.8374216189588135, 1.0116918043100829, 1.1444253097994124, 1.2036650593276803, 1.1654246280792482, 0.9143217918722333]","""0,1790,1,155,2,42,1000,41,1001,9,2000,4,1002,2,3000,2,2001,2,3,1""",1000,4778.61,21543.63
Problem_5Sat3Gs_0_12.json,1.5,7,9,-5.318847,"[-0.2005061697707749, -0.19000217906696407, -0.17912727864691583, -0.15084251063800086, -0.10615943714800069, -0.07165225745736678, -0.03875985728831041, 0.42425440378451174, 0.8374216189588135, 1.0116918043100829, 1.1444253097994124, 1.2036650593276803, 1.1654246280792482, 0.9143217918722333]","""0,1783,1,165,1000,41,2,35,3000,9,1001,7,2000,4,3,2,1002,1,2001,1""",1000,5369.35,22134.37
Problem_5Sat3Gs_0_12.json,1.5,7,10,-5.318847,"[-0.2005061697707749, -0.19000217906696407, -0.17912727864691583, -0.15084251063800086, -0.10615943714800069, -0.07165225745736678, -0.03875985728831041, 0.42425440378451174, 0.8374216189588135, 1.0116918043100829, 1.1444253097994124, 1.2036650593276803, 1.1654246280792482, 0.9143217918722333]","""0,1774,1,157,2,42,1000,37,1001,17,3000,7,2000,6,2001,4,1002,2,3,1,1003,1""",1000,5964.02,22729.04
Problem_5Sat3Gs_0_12.json,1.5,8,1,-5.364139,"[-0.19440082445986234, -0.1814762461440592, -0.17959920209400454, -0.1568640931655453, -0.12922632191878117, -0.08412051921885388, -0.05527238712047574, -0.035550853280252086, 0.37421703892688224, 0.7629041503608988, 0.9542243565708656, 1.0841374223127729, 1.1817962858868405, 1.135001755632537, 0.9539592047198487, 1.0056518595120287]","""0,1851,1,126,1000,33,2,31,1001,5,3,1,3000,1""",1000,735.18,23464.22
Problem_5Sat3Gs_0_12.json,1.5,8,2,-5.364139,"[-0.19440082445986234, -0.1814762461440592, -0.17959920209400454, -0.1568640931655453, -0.12922632191878117, -0.08412051921885388, -0.05527238712047574, -0.035550853280252086, 0.37421703892688224, 0.7629041503608988, 0.9542243565708656, 1.0841374223127729, 1.1817962858868405, 1.135001755632537, 0.9539592047198487, 1.0056518595120287]","""0,1830,1,117,2,45,1000,40,3000,5,1001,4,3,4,2001,2,2000,1""",1000,1399.65,24128.69
Problem_5Sat3Gs_0_12.json,1.5,8,3,-5.364139,"[-0.19440082445986234, -0.1814762461440592, -0.17959920209400454, -0.1568640931655453, -0.12922632191878117, -0.08412051921885388, -0.05527238712047574, -0.035550853280252086, 0.37421703892688224, 0.7629041503608988, 0.9542243565708656, 1.0841374223127729, 1.1817962858868405, 1.135001755632537, 0.9539592047198487, 1.0056518595120287]","""0,1852,1,107,1000,39,2,26,1001,11,3,4,2000,3,2001,2,3000,1,1003,1,4,1,1002,1""",1000,2065.38,24794.42
Problem_5Sat3Gs_0_12.json,1.5,8,4,-5.364139,"[-0.19440082445986234, -0.1814762461440592, -0.17959920209400454, -0.1568640931655453, -0.12922632191878117, -0.08412051921885388, -0.05527238712047574, -0.035550853280252086, 0.37421703892688224, 0.7629041503608988, 0.9542243565708656, 1.0841374223127729, 1.1817962858868405, 1.135001755632537, 0.9539592047198487, 1.0056518595120287]","""0,1858,1,111,1000,41,2,23,1001,7,3,3,2000,2,3000,1,1002,1,2001,1""",1000,2723.78,25452.82
Problem_5Sat3Gs_0_12.json,1.5,8,5,-5.364139,"[-0.19440082445986234, -0.1814762461440592, -0.17959920209400454, -0.1568640931655453, -0.12922632191878117, -0.08412051921885388, -0.05527238712047574, -0.035550853280252086, 0.37421703892688224, 0.7629041503608988, 0.9542243565708656, 1.0841374223127729, 1.1817962858868405, 1.135001755632537, 0.9539592047198487, 1.0056518595120287]","""0,1867,1,97,2,38,1000,37,1001,3,1002,2,3000,2,2000,1,4,1""",1000,3382.78,26111.81
Problem_5Sat3Gs_0_12.json,1.5,8,6,-5.364139,"[-0.19440082445986234, -0.1814762461440592, -0.17959920209400454, -0.1568640931655453, -0.12922632191878117, -0.08412051921885388, -0.05527238712047574, -0.035550853280252086, 0.37421703892688224, 0.7629041503608988, 0.9542243565708656, 1.0841374223127729, 1.1817962858868405, 1.135001755632537, 0.9539592047198487, 1.0056518595120287]","""0,1857,1,112,1000,39,2,26,1001,9,2000,3,3000,1,3,1""",1000,4040.31,26769.34
Problem_5Sat3Gs_0_12.json,1.5,8,7,-5.364139,"[-0.19440082445986234, -0.1814762461440592, -0.17959920209400454, -0.1568640931655453, -0.12922632191878117, -0.08412051921885388, -0.05527238712047574, -0.035550853280252086, 0.37421703892688224, 0.7629041503608988, 0.9542243565708656, 1.0841374223127729, 1.1817962858868405, 1.135001755632537, 0.9539592047198487, 1.0056518595120287]","""0,1855,1,119,2,34,1000,23,1001,7,2001,4,3000,3,3,2,1002,1""",1000,4705.14,27434.18
Problem_5Sat3Gs_0_12.json,1.5,8,8,-5.364139,"[-0.19440082445986234, -0.1814762461440592, -0.17959920209400454, -0.1568640931655453, -0.12922632191878117, -0.08412051921885388, -0.05527238712047574, -0.035550853280252086, 0.37421703892688224, 0.7629041503608988, 0.9542243565708656, 1.0841374223127729, 1.1817962858868405, 1.135001755632537, 0.9539592047198487, 1.0056518595120287]","""0,1849,1,129,1000,36,2,24,1001,7,3000,3""",1000,5371.89,28100.93
Problem_5Sat3Gs_0_12.json,1.5,8,9,-5.364139,"[-0.19440082445986234, -0.1814762461440592, -0.17959920209400454, -0.1568640931655453, -0.12922632191878117, -0.08412051921885388, -0.05527238712047574, -0.035550853280252086, 0.37421703892688224, 0.7629041503608988, 0.9542243565708656, 1.0841374223127729, 1.1817962858868405, 1.135001755632537, 0.9539592047198487, 1.0056518595120287]","""0,1864,1,109,1000,34,2,31,1001,5,3000,3,2000,2""",1000,6032.77,28761.81
Problem_5Sat3Gs_0_12.json,1.5,8,10,-5.364139,"[-0.19440082445986234, -0.1814762461440592, -0.17959920209400454, -0.1568640931655453, -0.12922632191878117, -0.08412051921885388, -0.05527238712047574, -0.035550853280252086, 0.37421703892688224, 0.7629041503608988, 0.9542243565708656, 1.0841374223127729, 1.1817962858868405, 1.135001755632537, 0.9539592047198487, 1.0056518595120287]","""0,1871,1,94,2,34,1000,34,1001,7,3000,2,2000,2,1002,1,2001,1,3,1,3001,1""",1000,6691.20,29420.23
Problem_5Sat3Gs_1_4.json,1.5,1,1,-5.925312,"[1.374601792898022, 0.8043058947931666]","""3,496,2,345,1002,332,4,193,1001,143,2001,118,3001,93,1003,57,1,51,3000,41,2000,36,5000,27,3002,26,2002,21,1000,15,6000,13,4000,13,5,10,6001,8,5001,7,9000,3""",161,51.59,51.59
Problem_5Sat3Gs_1_4.json,1.5,1,2,-5.925312,"[1.374601792898022, 0.8043058947931666]","""3,529,1002,327,2,317,4,205,1001,169,2001,122,1,79,3001,66,1003,55,3000,47,2000,23,5000,21,2002,18,4000,17,1000,14,3002,12,6000,9,5001,8,5,7,6001,3""",161,85.06,85.07
Problem_5Sat3Gs_1_4.json,1.5,1,3,-5.925312,"[1.374601792898022, 0.8043058947931666]","""3,505,1002,368,2,333,4,168,1001,154,2001,88,3001,80,1003,77,1,62,3000,36,3002,23,2000,23,1000,22,2002,20,5000,20,6000,17,5001,16,4000,14,5,11,6001,8,9000,3""",161,117.81,117.81
Problem_5Sat3Gs_1_4.json,1.5,1,4,-5.925312,"[1.374601792898022, 0.8043058947931666]","""3,560,1002,336,2,319,4,166,1001,143,2001,114,1,77,1003,67,3001,66,3000,35,2002,25,2000,24,3002,21,5000,21,1000,16,4000,14,6001,13,6000,11,5,9,5001,7,9000,4""",161,150.61,150.61
Problem_5Sat3Gs_1_4.json,1.5,1,5,-5.925312,"[1.374601792898022, 0.8043058947931666]","""3,552,1002,361,2,326,4,192,1001,145,2001,97,3001,68,1,61,1003,59,3000,36,2002,34,5000,25,2000,23,4000,16,1000,12,3002,11,5001,8,6000,8,5,6,6001,4,9000,4""",161,184.13,184.13
Problem_5Sat3Gs_1_4.json,1.5,1,6,-5.925312,"[1.374601792898022, 0.8043058947931666]","""3,508,2,353,1002,332,4,189,1001,131,2001,111,3001,81,1,70,1003,56,3000,43,2002,33,3002,26,2000,25,5000,19,4000,17,1000,17,5001,14,6000,12,6001,8,5,3""",161,217.16,217.16
Problem_5Sat3Gs_1_4.json,1.5,1,7,-5.925312,"[1.374601792898022, 0.8043058947931666]","""3,515,2,357,1002,350,4,184,1001,138,3001,96,2001,89,1003,65,1,55,3000,35,5000,28,2000,27,1000,21,2002,20,3002,13,5,12,6000,11,5001,11,4000,11,6001,6,9000,4""",161,249.95,249.96
Problem_5Sat3Gs_1_4.json,1.5,1,8,-5.925312,"[1.374601792898022, 0.8043058947931666]","""3,537,2,363,1002,363,4,150,1001,132,2001,113,3001,85,1,69,1003,59,3000,35,2000,24,5000,20,2002,18,3002,17,6000,16,1000,14,4000,14,6001,7,5001,7,5,3,9000,2""",161,283.24,283.24
Problem_5Sat3Gs_1_4.json,1.5,1,9,-5.925312,"[1.374601792898022, 0.8043058947931666]","""3,532,1002,368,2,346,4,154,1001,144,2001,98,1,75,3001,70,1003,64,3000,35,2000,27,1000,23,2002,19,5000,18,3002,14,5,13,4000,13,6001,11,6000,11,5001,8,9000,5""",161,315.83,315.84
Problem_5Sat3Gs_1_4.json,1.5,1,10,-5.925312,"[1.374601792898022, 0.8043058947931666]","""3,507,1002,381,2,329,4,168,1001,145,2001,121,1,71,1003,68,3001,66,3000,35,2000,23,2002,22,5000,19,4000,17,6000,16,3002,16,1000,12,5,11,5001,10,6001,8,9000,3""",161,348.27,348.27
Problem_5Sat3Gs_1_4.json,1.5,2,1,-6.096024,"[1.3749062226095552, -0.07435332633904672, 0.6269844788344346, 1.1364410088542123]","""3,562,2,529,1002,183,4,153,3001,124,1003,106,1,93,1001,86,2001,58,3000,43,2000,41,4000,12,3002,11,5000,11,5,10,1000,9,9000,5,2002,5,5001,4,6001,2,6000,1""",578,204.59,552.86
Problem_5Sat3Gs_1_4.json,1.5,2,2,-6.096024,"[1.3749062226095552, -0.07435332633904672, 0.6269844788344346, 1.1364410088542123]","""3,583,2,519,1002,192,4,167,3001,111,1,101,1003,100,1001,80,2001,55,3000,36,2000,29,5000,18,4000,17,2002,9,3002,7,1000,7,5001,6,6001,5,5,3,9000,2,6000,1""",578,380.42,728.69
Problem_5Sat3Gs_1_4.json,1.5,2,3,-6.096024,"[1.3749062226095552, -0.07435332633904672, 0.6269844788344346, 1.1364410088542123]","""3,580,2,536,1002,201,4,133,3001,115,1003,109,1001,97,1,91,2000,43,2001,39,3000,37,2002,12,5000,11,3002,9,4000,8,1000,6,5,6,5001,5,6000,4,6001,4,9000,2""",578,557.99,906.27
Problem_5Sat3Gs_1_4.json,1.5,2,4,-6.096024,"[1.3749062226095552, -0.07435332633904672, 0.6269844788344346, 1.1364410088542123]","""3,589,2,495,1002,224,4,131,3001,124,1003,94,1,91,1001,89,2001,51,2000,42,3000,37,5000,17,4000,15,2002,13,3002,12,5,8,1000,6,5001,3,6000,3,6001,2,9000,2""",578,734.76,1083.03
Problem_5Sat3Gs_1_4.json,1.5,2,5,-6.096024,"[1.3749062226095552, -0.07435332633904672, 0.6269844788344346, 1.1364410088542123]","""2,574,3,552,1002,199,4,153,3001,103,1003,94,1,88,1001,81,2001,43,2000,40,3000,30,2002,17,3002,16,4000,15,5000,13,5,7,5001,6,6000,5,6001,5,1000,4,9000,3""",578,908.78,1257.05
Problem_5Sat3Gs_1_4.json,1.5,2,6,-6.096024,"[1.3749062226095552, -0.07435332633904672, 0.6269844788344346, 1.1364410088542123]","""3,578,2,515,1002,196,4,140,3001,134,1003,96,1001,84,1,82,2001,65,2000,42,3000,32,3002,16,4000,14,5,11,2002,11,5000,11,1000,7,6000,6,5001,5,6001,3""",578,1086.31,1434.58
Problem_5Sat3Gs_1_4.json,1.5,2,7,-6.096024,"[1.3749062226095552, -0.07435332633904672, 0.6269844788344346, 1.1364410088542123]","""3,591,2,537,1002,195,4,173,3001,128,1003,100,1,77,1001,64,2001,54,2000,44,3000,22,5000,12,4000,10,2002,9,5,7,1000,7,5001,6,3002,6,9000,3,6000,3""",578,1261.97,1610.25
Problem_5Sat3Gs_1_4.json,1.5,2,8,-6.096024,"[1.3749062226095552, -0.07435332633904672, 0.6269844788344346, 1.1364410088542123]","""3,591,2,486,1002,209,4,159,3001,111,1,107,1003,98,1001,76,2001,69,2000,39,3000,27,4000,16,3002,15,5000,15,5,9,2002,7,1000,4,9000,3,6000,3,5001,2,6001,2""",578,1437.36,1785.63
Problem_5Sat3Gs_1_4.json,1.5,2,9,-6.096024,"[1.3749062226095552, -0.07435332633904672, 0.6269844788344346, 1.1364410088542123]","""3,551,2,502,1002,218,4,152,3001,121,1003,98,1,93,1001,90,2001,51,2000,48,3000,40,4000,18,2002,13,5000,10,3002,10,1000,9,5001,6,6000,6,5,5,6001,4,9000,3""",578,1613.68,1961.95
Problem_5Sat3Gs_1_4.json,1.5,2,10,-6.096024,"[1.3749062226095552, -0.07435332633904672, 0.6269844788344346, 1.1364410088542123]","""2,564,3,552,1002,198,4,151,1003,113,3001,111,1001,87,1,72,2001,47,2000,45,3000,35,3002,16,4000,12,5000,12,5,9,2002,8,5001,5,6000,5,1000,4,6001,2""",578,1788.18,2136.45
Problem_5Sat3Gs_1_4.json,1.5,3,1,-6.357629,"[1.354452185354135, -0.11222591432989408, -0.09908852244826293, 0.47120712671746345, 1.0334228461176065, 1.9660204729444262]","""2,607,3,424,1002,298,1001,222,1,148,4,69,2001,63,3001,40,1003,39,2000,38,3000,21,1000,18,3002,15,2002,11,4000,9,6000,8,5000,6,5,6,6001,3,9000,2,5001,1""",1000,449.52,2585.97
Problem_5Sat3Gs_1_4.json,1.5,3,2,-6.357629,"[1.354452185354135, -0.11222591432989408, -0.09908852244826293, 0.47120712671746345, 1.0334228461176065, 1.9660204729444262]","""2,626,3,352,1002,282,1001,239,1,140,4,79,2001,63,3001,53,1003,42,2000,37,4000,25,3002,24,1000,23,2002,21,3000,20,5,10,5001,6,5000,2,6001,2,9000,1,6000,1""",1000,857.97,2994.42
Problem_5Sat3Gs_1_4.json,1.5,3,3,-6.357629,"[1.354452185354135, -0.11222591432989408, -0.09908852244826293, 0.47120712671746345, 1.0334228461176065, 1.9660204729444262]","""2,587,3,391,1002,292,1001,201,1,153,4,99,2001,69,3001,53,2000,45,1003,35,1000,27,4000,19,3000,18,3002,17,2002,10,5,10,6000,7,5000,7,5001,5,9000,2,6001,1""",1000,1266.84,3403.29
Problem_5Sat3Gs_1_4.json,1.5,3,4,-6.357629,"[1.354452185354135, -0.11222591432989408, -0.09908852244826293, 0.47120712671746345, 1.0334228461176065, 1.9660204729444262]","""2,595,3,409,1002,284,1001,211,1,149,4,90,2001,67,3001,56,2000,36,1003,33,1000,32,3002,20,3000,19,4000,14,5,10,2002,9,5001,7,5000,4,9000,3""",1000,1676.01,3812.46
Problem_5Sat3Gs_1_4.json,1.5,3,5,-6.357629,"[1.354452185354135, -0.11222591432989408, -0.09908852244826293, 0.47120712671746345, 1.0334228461176065, 1.9660204729444262]","""2,605,3,378,1002,316,1001,229,1,133,4,80,3001,78,2001,48,1003,37,2000,31,1000,24,3000,20,3002,16,4000,16,2002,11,5,8,5001,8,6000,6,5000,3,9000,1""",1000,2087.83,4224.27
Problem_5Sat3Gs_1_4.json,1.5,3,6,-6.357629,"[1.354452185354135, -0.11222591432989408, -0.09908852244826293, 0.47120712671746345, 1.0334228461176065, 1.9660204729444262]","""2,593,3,405,1002,295,1001,203,1,162,4,84,3001,58,2001,45,2000,39,1003,37,3002,23,3000,22,1000,19,4000,17,2002,15,5000,10,6000,6,5001,6,5,6,9000,2,6001,1""",1000,2499.81,4636.25
Problem_5Sat3Gs_1_4.json,1.5,3,7,-6.357629,"[1.354452185354135, -0.11222591432989408, -0.09908852244826293, 0.47120712671746345, 1.0334228461176065, 1.9660204729444262]","""2,559,3,437,1002,283,1001,218,1,142,4,91,2001,69,3001,57,1003,41,2000,34,3000,27,3002,24,1000,22,4000,12,2002,11,6000,6,6001,5,5,4,5000,3,9000,2,5001,1""",1000,2912.77,5049.21
Problem_5Sat3Gs_1_4.json,1.5,3,8,-6.357629,"[1.354452185354135, -0.11222591432989408, -0.09908852244826293, 0.47120712671746345, 1.0334228461176065, 1.9660204729444262]","""2,604,3,384,1002,277,1001,220,1,132,4,104,2001,61,3001,60,2000,35,1000,33,1003,33,3002,28,3000,27,4000,15,2002,12,6000,6,5,6,5001,5,9000,3,5000,2,6001,1""",1000,3322.86,5459.30
Problem_5Sat3Gs_1_4.json,1.5,3,9,-6.357629,"[1.354452185354135, -0.11222591432989408, -0.09908852244826293, 0.47120712671746345, 1.0334228461176065, 1.9660204729444262]","""2,595,3,403,1002,286,1001,207,1,157,4,80,2001,60,3001,60,1003,39,2000,28,1000,27,3000,24,3002,24,4000,15,5001,11,5,9,2002,8,6000,5,5000,4,6001,4,9000,2""",1000,3733.20,5869.65
Problem_5Sat3Gs_1_4.json,1.5,3,10,-6.357629,"[1.354452185354135, -0.11222591432989408, -0.09908852244826293, 0.47120712671746345, 1.0334228461176065, 1.9660204729444262]","""2,585,3,390,1002,316,1001,216,1,143,4,86,3001,63,2001,53,2000,38,1003,31,3002,26,3000,23,1000,20,4000,18,5000,9,2002,8,5,7,5001,7,6000,5,9000,2,6001,2""",1000,4144.53,6280.98
Problem_5Sat3Gs_1_4.json,1.5,4,1,-6.403491,"[1.347153453564494, -0.11703592353227461, -0.0879232419795724, -0.04908587144372514, 0.4084608454324265, 0.7960461093178104, 1.8289531085065793, 0.6765841429524194]","""2,500,3,324,1001,292,1002,271,1,190,2001,89,2000,77,4,77,3001,62,1000,50,1003,28,4000,19,3000,15,3002,13,5001,12,6000,8,5000,7,5,6,2002,6,6001,1,9000,1""",1000,574.83,6855.81
Problem_5Sat3Gs_1_4.json,1.5,4,2,-6.403491,"[1.347153453564494, -0.11703592353227461, -0.0879232419795724, -0.04908587144372514, 0.4084608454324265, 0.7960461093178104, 1.8289531085065793, 0.6765841429524194]","""2,516,3,360,1001,313,1002,238,1,184,2001,97,4,72,2000,70,3001,55,1000,43,1003,21,3002,17,4000,14,3000,11,5001,8,5,8,6000,7,5000,7,2002,5,9000,2""",1000,1096.24,7377.21
Problem_5Sat3Gs_1_4.json,1.5,4,3,-6.403491,"[1.347153453564494, -0.11703592353227461, -0.0879232419795724, -0.04908587144372514, 0.4084608454324265, 0.7960461093178104, 1.8289531085065793, 0.6765841429524194]","""2,507,3,354,1002,286,1001,283,1,181,4,90,2001,89,3001,53,1000,48,2000,43,1003,23,3002,20,3000,15,4000,14,6000,12,2002,8,5001,7,5000,5,5,5,9000,5""",1000,1619.60,7900.58
Problem_5Sat3Gs_1_4.json,1.5,4,4,-6.403491,"[1.347153453564494, -0.11703592353227461, -0.0879232419795724, -0.04908587144372514, 0.4084608454324265, 0.7960461093178104, 1.8289531085065793, 0.6765841429524194]","""2,485,3,354,1001,293,1002,283,1,178,2001,97,4,82,3001,56,2000,52,1000,48,1003,28,3002,23,4000,14,6000,14,3000,9,5,9,2002,9,5001,5,5000,4,9000,3,6001,2""",1000,2140.10,8421.08
Problem_5Sat3Gs_1_4.json,1.5,4,5,-6.403491,"[1.347153453564494, -0.11703592353227461, -0.0879232419795724, -0.04908587144372514, 0.4084608454324265, 0.7960461093178104, 1.8289531085065793, 0.6765841429524194]","""2,504,3,355,1002,290,1001,273,1,175,2001,81,4,80,2000,78,3001,61,1000,44,1003,23,4000,21,3002,18,3000,10,5001,9,6000,9,5000,7,5,4,2002,4,6001,1,9000,1""",1000,2664.37,8945.35
Problem_5Sat3Gs_1_4.json,1.5,4,6,-6.403491,"[1.347153453564494, -0.11703592353227461, -0.0879232419795724, -0.04908587144372514, 0.4084608454324265, 0.7960461093178104, 1.8289531085065793, 0.6765841429524194]","""2,470,3,361,1002,307,1001,281,1,189,2001,88,4,74,3001,60,2000,58,1000,49,1003,23,4000,18,3002,15,3000,15,2002,10,6000,9,5000,7,5001,6,5,5,9000,3""",1000,3185.98,9466.95
Problem_5Sat3Gs_1_4.json,1.5,4,7,-6.403491,"[1.347153453564494, -0.11703592353227461, -0.0879232419795724, -0.04908587144372514, 0.4084608454324265, 0.7960461093178104, 1.8289531085065793, 0.6765841429524194]","""2,534,3,318,1002,292,1001,276,1,179,2001,98,4,81,3001,65,2000,50,1000,46,4000,19,3002,19,1003,18,5000,14,3000,10,5001,10,5,6,6000,6,2002,4,6001,2,9000,1""",1000,3709.27,9990.24
Problem_5Sat3Gs_1_4.json,1.5,4,8,-6.403491,"[1.347153453564494, -0.11703592353227461, -0.0879232419795724, -0.04908587144372514, 0.4084608454324265, 0.7960461093178104, 1.8289531085065793, 0.6765841429524194]","""2,506,3,346,1002,294,1001,277,1,181,4,92,2001,87,2000,74,3001,54,1000,47,3002,22,1003,18,4000,14,3000,9,5000,9,5,6,5001,6,6000,3,9000,2,2002,1""",1000,4233.02,10514.00
Problem_5Sat3Gs_1_4.json,1.5,4,9,-6.403491,"[1.347153453564494, -0.11703592353227461, -0.0879232419795724, -0.04908587144372514, 0.4084608454324265, 0.7960461093178104, 1.8289531085065793, 0.6765841429524194]","""2,544,1002,317,3,305,1001,264,1,198,2001,86,4,80,2000,60,3001,54,1000,48,1003,20,3002,17,3000,10,5,9,4000,7,5001,7,9000,6,6000,6,5000,5,2002,3,6001,2""",1000,4756.44,11037.41
Problem_5Sat3Gs_1_4.json,1.5,4,10,-6.403491,"[1.347153453564494, -0.11703592353227461, -0.0879232419795724, -0.04908587144372514, 0.4084608454324265, 0.7960461093178104, 1.8289531085065793, 0.6765841429524194]","""2,508,3,321,1001,304,1002,303,1,192,2001,85,4,79,2000,63,3001,48,1000,34,1003,27,3002,18,4000,16,6000,9,5,9,5001,8,3000,7,2002,7,5000,6,9000,3,6001,1""",1000,5278.29,11559.26
Problem_5Sat3Gs_1_4.json,1.5,5,1,-6.602404,"[1.34281059784758, -0.11178949344369798, -0.045777460712348124, -0.021024642804460685, 0.08919795882717316, 0.38658688764700144, 0.9431083584151672, 2.057466483397498, 0.8514993244104262, 1.1379029816956698]","""2,758,3,366,1,238,1002,210,4,129,1001,115,3001,52,2001,42,1000,40,1003,23,3000,21,2000,21,5000,10,6000,7,3002,5,5,3,5001,2,4000,2,9000,2,6001,2""",1000,695.55,12254.81
Problem_5Sat3Gs_1_4.json,1.5,5,2,-6.602404,"[1.34281059784758, -0.11178949344369798, -0.045777460712348124, -0.021024642804460685, 0.08919795882717316, 0.38658688764700144, 0.9431083584151672, 2.057466483397498, 0.8514993244104262, 1.1379029816956698]","""2,734,3,406,1,239,1002,199,4,125,1001,107,3001,51,2001,50,1000,32,1003,27,2000,22,3000,22,6000,8,5000,6,3002,5,2002,5,5001,4,5,3,9000,2,4000,1""",1000,1326.80,12886.06
Problem_5Sat3Gs_1_4.json,1.5,5,3,-6.602404,"[1.34281059784758, -0.11178949344369798, -0.045777460712348124, -0.021024642804460685, 0.08919795882717316, 0.38658688764700144, 0.9431083584151672, 2.057466483397498, 0.8514993244104262, 1.1379029816956698]","""2,724,3,383,1002,247,1,238,1001,132,4,125,3001,54,2001,36,1000,28,1003,16,3000,16,2000,13,3002,10,6000,7,5000,5,5001,4,5,3,9000,2,6001,2,4000,2,2002,1""",1000,1956.62,13515.88
Problem_5Sat3Gs_1_4.json,1.5,5,4,-6.602404,"[1.34281059784758, -0.11178949344369798, -0.045777460712348124, -0.021024642804460685, 0.08919795882717316, 0.38658688764700144, 0.9431083584151672, 2.057466483397498, 0.8514993244104262, 1.1379029816956698]","""2,702,3,404,1,251,1002,215,4,118,1001,105,3001,76,2001,49,1000,30,3000,27,1003,24,2000,15,6000,8,5000,7,3002,6,2002,5,5001,3,9000,1,4000,1,5,1""",1000,2589.99,14149.26
Problem_5Sat3Gs_1_4.json,1.5,5,5,-6.602404,"[1.34281059784758, -0.11178949344369798, -0.045777460712348124, -0.021024642804460685, 0.08919795882717316, 0.38658688764700144, 0.9431083584151672, 2.057466483397498, 0.8514993244104262, 1.1379029816956698]","""2,741,3,439,1,225,1002,208,1001,107,4,104,3001,52,2001,43,1000,32,3000,27,1003,23,2000,13,6000,7,3002,7,5000,5,2002,4,6001,3,9000,3,5,2,5001,2,4000,1""",1000,3218.88,14778.15
Problem_5Sat3Gs_1_4.json,1.5,5,6,-6.602404,"[1.34281059784758, -0.11178949344369798, -0.045777460712348124, -0.021024642804460685, 0.08919795882717316, 0.38658688764700144, 0.9431083584151672, 2.057466483397498, 0.8514993244104262, 1.1379029816956698]","""2,747,3,388,1,253,1002,203,4,137,1001,102,3001,57,2001,41,1000,34,1003,19,3000,16,2000,15,5000,11,6000,9,5001,4,3002,3,2002,3,6001,2,5,2,4000,1,9000,1""",1000,3850.38,15409.65
Problem_5Sat3Gs_1_4.json,1.5,5,7,-6.602404,"[1.34281059784758, -0.11178949344369798, -0.045777460712348124, -0.021024642804460685, 0.08919795882717316, 0.38658688764700144, 0.9431083584151672, 2.057466483397498, 0.8514993244104262, 1.1379029816956698]","""2,713,3,383,1,260,1002,239,4,114,1001,109,3001,51,2001,51,1000,42,3000,22,1003,21,2000,11,3002,9,5000,8,6000,5,5001,4,5,2,4000,2,2002,1,9000,1""",1000,4485.13,16044.39
Problem_5Sat3Gs_1_4.json,1.5,5,8,-6.602404,"[1.34281059784758, -0.11178949344369798, -0.045777460712348124, -0.021024642804460685, 0.08919795882717316, 0.38658688764700144, 0.9431083584151672, 2.057466483397498, 0.8514993244104262, 1.1379029816956698]","""2,756,3,395,1,265,1002,190,4,118,1001,113,3001,50,2001,46,1000,32,3000,21,2000,16,1003,16,5000,7,6000,6,5001,5,5,3,9000,2,4000,2,2002,2,3002,2,6001,1""",1000,5118.10,16677.36
Problem_5Sat3Gs_1_4.json,1.5,5,9,-6.602404,"[1.34281059784758, -0.11178949344369798, -0.045777460712348124, -0.021024642804460685, 0.08919795882717316, 0.38658688764700144, 0.9431083584151672, 2.057466483397498, 0.8514993244104262, 1.1379029816956698]","""2,759,3,355,1002,213,1,211,1001,140,4,126,3001,54,2001,48,1000,37,1003,28,3000,22,2000,14,5000,9,6000,9,3002,7,2002,5,4000,3,5001,3,9000,3,5,2""",1000,5749.15,17308.42
Problem_5Sat3Gs_1_4.json,1.5,5,10,-6.602404,"[1.34281059784758, -0.11178949344369798, -0.045777460712348124, -0.021024642804460685, 0.08919795882717316, 0.38658688764700144, 0.9431083584151672, 2.057466483397498, 0.8514993244104262, 1.1379029816956698]","""2,760,3,395,1,237,1002,187,4,123,1001,122,3001,50,2001,39,1000,34,1003,19,3000,16,2000,13,3002,13,5000,10,2002,9,6000,8,5,6,4000,2,5001,2,9000,2,6001,1""",1000,6377.68,17936.94
Problem_5Sat3Gs_1_4.json,1.5,6,1,-6.662069,"[1.340565018467753, -0.11086935910078619, -0.06400322047239727, -0.016271656490081353, 0.07210051957402942, 0.03199706328153512, 0.32878110823805273, 0.8330644369510295, 1.9480696466862901, 0.9544540336484364, 1.2444429497724243, 1.1226686536951846]","""2,699,3,425,1,283,1002,202,1001,154,4,65,3001,61,1000,43,2001,34,2000,26,1003,15,3000,14,5,7,3002,5,2002,4,5001,4,4000,3,5000,2,6001,1,6000,1""",1000,819.59,18756.53
Problem_5Sat3Gs_1_4.json,1.5,6,2,-6.662069,"[1.340565018467753, -0.11086935910078619, -0.06400322047239727, -0.016271656490081353, 0.07210051957402942, 0.03199706328153512, 0.32878110823805273, 0.8330644369510295, 1.9480696466862901, 0.9544540336484364, 1.2444429497724243, 1.1226686536951846]","""2,750,3,377,1,237,1002,225,1001,169,4,72,3001,55,1000,48,2001,35,1003,15,3000,14,2000,12,5,8,5000,7,3002,6,4000,6,6000,5,5001,4,2002,3""",1000,1561.58,19498.52
Problem_5Sat3Gs_1_4.json,1.5,6,3,-6.662069,"[1.340565018467753, -0.11086935910078619, -0.06400322047239727, -0.016271656490081353, 0.07210051957402942, 0.03199706328153512, 0.32878110823805273, 0.8330644369510295, 1.9480696466862901, 0.9544540336484364, 1.2444429497724243, 1.1226686536951846]","""2,738,3,405,1,228,1002,225,1001,172,4,65,3001,62,1000,48,2001,37,3000,16,1003,16,2000,8,6000,6,5,6,5000,5,5001,3,6001,2,4000,2,3002,2,9000,1,2002,1""",1000,2305.34,20242.28
Problem_5Sat3Gs_1_4.json,1.5,6,4,-6.662069,"[1.340565018467753, -0.11086935910078619, -0.06400322047239727, -0.016271656490081353, 0.07210051957402942, 0.03199706328153512, 0.32878110823805273, 0.8330644369510295, 1.9480696466862901, 0.9544540336484364, 1.2444429497724243, 1.1226686536951846]","""2,698,3,391,1002,243,1,242,1001,202,4,71,3001,49,2001,40,1000,38,2000,24,3000,20,1003,10,4000,6,3002,4,6000,3,5000,2,5001,2,5,2,2002,1""",1000,3048.94,20985.88
Problem_5Sat3Gs_1_4.json,1.5,6,5,-6.662069,"[1.340565018467753, -0.11086935910078619, -0.06400322047239727, -0.016271656490081353, 0.07210051957402942, 0.03199706328153512, 0.32878110823805273, 0.8330644369510295, 1.9480696466862901, 0.9544540336484364, 1.2444429497724243, 1.1226686536951846]","""2,706,3,408,1002,241,1,235,1001,197,3001,49,1000,47,4,43,2001,38,1003,21,3000,18,2000,14,3002,7,6000,6,5000,6,5001,5,5,3,4000,3,6001,1""",1000,3792.61,21729.55
Problem_5Sat3Gs_1_4.json,1.5,6,6,-6.662069,"[1.340565018467753, -0.11086935910078619, -0.06400322047239727, -0.016271656490081353, 0.07210051957402942, 0.03199706328153512, 0.32878110823805273, 0.8330644369510295, 1.9480696466862901, 0.9544540336484364, 1.2444429497724243, 1.1226686536951846]","""2,738,3,398,1,233,1002,221,1001,203,4,67,3001,47,1000,37,2001,33,3000,16,2000,16,3002,8,1003,8,5001,5,6000,5,5000,4,5,4,4000,3,6001,2""",1000,4535.83,22472.77
Problem_5Sat3Gs_1_4.json,1.5,6,7,-6.662069,"[1.340565018467753, -0.11086935910078619, -0.06400322047239727, -0.016271656490081353, 0.07210051957402942, 0.03199706328153512, 0.32878110823805273, 0.8330644369510295, 1.9480696466862901, 0.9544540336484364, 1.2444429497724243, 1.1226686536951846]","""2,684,3,434,1002,237,1,231,1001,196,4,54,3001,51,2001,40,1000,40,2000,24,3000,14,5,9,1003,8,3002,7,5001,6,5000,4,4000,4,6000,3,2002,1,6001,1""",1000,5276.30,23213.24
Problem_5Sat3Gs_1_4.json,1.5,6,8,-6.662069,"[1.340565018467753, -0.11086935910078619, -0.06400322047239727, -0.016271656490081353, 0.07210051957402942, 0.03199706328153512, 0.32878110823805273, 0.8330644369510295, 1.9480696466862901, 0.9544540336484364, 1.2444429497724243, 1.1226686536951846]","""2,696,3,400,1,248,1002,226,1001,212,4,59,3001,59,2001,39,1000,29,1003,18,2000,17,6000,9,3002,8,3000,7,5001,6,5,5,5000,4,6001,3,4000,2,2002,1""",1000,6019.58,23956.52
Problem_5Sat3Gs_1_4.json,1.5,6,9,-6.662069,"[1.340565018467753, -0.11086935910078619, -0.06400322047239727, -0.016271656490081353, 0.07210051957402942, 0.03199706328153512, 0.32878110823805273, 0.8330644369510295, 1.9480696466862901, 0.9544540336484364, 1.2444429497724243, 1.1226686536951846]","""2,721,3,413,1,242,1002,236,1001,183,4,66,2001,37,3001,34,1000,34,2000,21,3000,20,1003,10,3002,8,5,6,6000,4,5000,3,5001,3,4000,3,2002,2,6001,2""",1000,6759.10,24696.04
Problem_5Sat3Gs_1_4.json,1.5,6,10,-6.662069,"[1.340565018467753, -0.11086935910078619, -0.06400322047239727, -0.016271656490081353, 0.07210051957402942, 0.03199706328153512, 0.32878110823805273, 0.8330644369510295, 1.9480696466862901, 0.9544540336484364, 1.2444429497724243, 1.1226686536951846]","""2,723,3,378,1,268,1002,210,1001,202,4,66,3001,45,1000,35,2001,35,2000,25,1003,18,6000,8,3002,8,3000,7,5001,7,5000,4,5,4,6001,3,2002,1,4000,1""",1000,7501.64,25438.58
Problem_5Sat3Gs_1_4.json,1.5,7,1,-6.832616,"[1.333150279730907, -0.12323972995019436, -0.10982215799740454, -0.014656217199680244, 0.03987247517375606, 0.04920213192269536, -0.054676402199900144, 0.25726485475561506, 0.6796197063786328, 1.7697018686432242, 1.1507694099984385, 1.3736397466970867, 1.3177626289371311, 0.9787165828311404]","""2,739,1,383,3,276,1002,206,1001,172,4,73,2001,57,1000,33,2000,32,3001,16,1003,14,3002,9,6000,8,5,7,5000,5,6001,4,2002,3,3000,3,5001,3,9000,3,4000,2""",1000,936.94,26375.52
Problem_5Sat3Gs_1_4.json,1.5,7,2,-6.832616,"[1.333150279730907, -0.12323972995019436, -0.10982215799740454, -0.014656217199680244, 0.03987247517375606, 0.04920213192269536, -0.054676402199900144, 0.25726485475561506, 0.6796197063786328, 1.7697018686432242, 1.1507694099984385, 1.3736397466970867, 1.3177626289371311, 0.9787165828311404]","""2,714,1,411,3,322,1002,192,1001,150,4,75,2001,54,1000,41,2000,31,3001,16,1003,9,3002,7,5001,6,6000,5,5,4,5000,3,6001,2,2002,2,9000,2,3000,1,4000,1""",1000,1786.87,27225.45
Problem_5Sat3Gs_1_4.json,1.5,7,3,-6.832616,"[1.333150279730907, -0.12323972995019436, -0.10982215799740454, -0.014656217199680244, 0.03987247517375606, 0.04920213192269536, -0.054676402199900144, 0.25726485475561506, 0.6796197063786328, 1.7697018686432242, 1.1507694099984385, 1.3736397466970867, 1.3177626289371311, 0.9787165828311404]","""2,734,1,389,3,317,1002,188,1001,161,4,89,2001,56,1000,25,2000,22,1003,11,3001,11,6000,9,6001,7,2002,7,3002,6,5,6,5001,3,5000,2,4000,2,3000,2,9000,1""",1000,2683.35,28121.93
Problem_5Sat3Gs_1_4.json,1.5,7,4,-6.832616,"[1.333150279730907, -0.12323972995019436, -0.10982215799740454, -0.014656217199680244, 0.03987247517375606, 0.04920213192269536, -0.054676402199900144, 0.25726485475561506, 0.6796197063786328, 1.7697018686432242, 1.1507694099984385, 1.3736397466970867, 1.3177626289371311, 0.9787165828311404]","""2,733,1,367,3,307,1002,187,1001,180,4,87,2001,56,2000,38,1000,31,3001,16,1003,15,6000,7,5,6,3002,5,2002,4,3000,2,6001,2,9000,2,5001,1,4000,1,5000,1""",1000,3592.39,29030.97
Problem_5Sat3Gs_1_4.json,1.5,7,5,-6.832616,"[1.333150279730907, -0.12323972995019436, -0.10982215799740454, -0.014656217199680244, 0.03987247517375606, 0.04920213192269536, -0.054676402199900144, 0.25726485475561506, 0.6796197063786328, 1.7697018686432242, 1.1507694099984385, 1.3736397466970867, 1.3177626289371311, 0.9787165828311404]","""2,751,1,387,3,297,1002,196,1001,154,4,84,2001,44,2000,31,1000,30,1003,14,3001,11,5000,9,3002,9,5,8,6001,5,4000,5,5001,4,6000,4,2002,3,3000,1,9000,1""",1000,4490.65,29929.23
Problem_5Sat3Gs_1_4.json,1.5,7,6,-6.832616,"[1.333150279730907, -0.12323972995019436, -0.10982215799740454, -0.014656217199680244, 0.03987247517375606, 0.04920213192269536, -0.054676402199900144, 0.25726485475561506, 0.6796197063786328, 1.7697018686432242, 1.1507694099984385, 1.3736397466970867, 1.3177626289371311, 0.9787165828311404]","""2,736,1,395,3,312,1002,193,1001,151,4,80,2001,50,1000,39,2000,24,3001,17,1003,16,3002,8,6000,6,5,5,5000,4,2002,4,6001,3,4000,2,5001,2,3000,1""",1000,5381.47,30820.05
Problem_5Sat3Gs_1_4.json,1.5,7,7,-6.832616,"[1.333150279730907, -0.12323972995019436, -0.10982215799740454, -0.014656217199680244, 0.03987247517375606, 0.04920213192269536, -0.054676402199900144, 0.25726485475561506, 0.6796197063786328, 1.7697018686432242, 1.1507694099984385, 1.3736397466970867, 1.3177626289371311, 0.9787165828311404]","""2,715,1,380,3,314,1002,198,1001,160,4,81,2001,63,1000,39,2000,30,3001,19,1003,17,5,10,6001,5,5001,5,3002,3,4000,3,5000,2,2002,2,6000,1,3000,1""",1000,6276.91,31715.49
Problem_5Sat3Gs_1_4.json,1.5,7,8,-6.832616,"[1.333150279730907, -0.12323972995019436, -0.10982215799740454, -0.014656217199680244, 0.03987247517375606, 0.04920213192269536, -0.054676402199900144, 0.25726485475561506, 0.6796197063786328, 1.7697018686432242, 1.1507694099984385, 1.3736397466970867, 1.3177626289371311, 0.9787165828311404]","""2,718,1,382,3,316,1002,192,1001,153,4,79,2001,64,1000,50,2000,31,3001,15,1003,14,3002,9,6001,6,5,5,5000,3,6000,3,5001,3,2002,3,3000,1,4000,1""",1000,7162.74,32601.32
Problem_5Sat3Gs_1_4.json,1.5,7,9,-6.832616,"[1.333150279730907, -0.12323972995019436, -0.10982215799740454, -0.014656217199680244, 0.03987247517375606, 0.04920213192269536, -0.054676402199900144, 0.25726485475561506, 0.6796197063786328, 1.7697018686432242, 1.1507694099984385, 1.3736397466970867, 1.3177626289371311, 0.9787165828311404]","""2,726,1,371,3,295,1002,223,1001,183,4,79,2001,52,1000,25,2000,24,3001,17,1003,14,5000,8,4000,5,3002,5,2002,4,6000,4,5,4,6001,3,3000,3,5001,2,9000,1""",1000,8065.04,33503.62
Problem_5Sat3Gs_1_4.json,1.5,7,10,-6.832616,"[1.333150279730907, -0.12323972995019436, -0.10982215799740454, -0.014656217199680244, 0.03987247517375606, 0.04920213192269536, -0.054676402199900144, 0.25726485475561506, 0.6796197063786328, 1.7697018686432242, 1.1507694099984385, 1.3736397466970867, 1.3177626289371311, 0.9787165828311404]","""2,722,1,366,3,318,1002,207,1001,172,4,69,2001,52,1000,37,2000,29,1003,22,3001,17,5,10,6000,7,3002,7,5000,4,6001,4,4000,3,3000,1,2002,1""",1000,8959.24,34397.82
Problem_5Sat3Gs_1_4.json,1.5,8,1,-7.005189,"[1.3109967044452364, -0.11792654664767817, -0.130142891371964, -0.02474397830322487, 0.021996291100921536, 0.03742539971701879, -0.06844453978963211, -0.06243804600877957, 0.26874504298208934, 0.615565532524823, 1.7071967835009447, 1.2295858056837332, 1.2749398606132614, 1.3323165763987217, 1.0379045807343477, 1.2001887361766934]","""2,685,1,595,3,311,1001,112,1002,110,4,92,2001,48,1003,20,3001,19,5,10,1000,9,5000,7,2000,6,2002,6,3000,6,6000,5,3002,4,4000,1,6001,1,5001,1""",1000,1107.28,35505.10
Problem_5Sat3Gs_1_4.json,1.5,8,2,-7.005189,"[1.3109967044452364, -0.11792654664767817, -0.130142891371964, -0.02474397830322487, 0.021996291100921536, 0.03742539971701879, -0.06844453978963211, -0.06243804600877957, 0.26874504298208934, 0.615565532524823, 1.7071967835009447, 1.2295858056837332, 1.2749398606132614, 1.3323165763987217, 1.0379045807343477, 1.2001887361766934]","""2,658,1,602,3,331,4,114,1002,106,1001,77,2001,45,1003,31,3001,25,5,14,1000,12,6000,7,3000,7,5000,6,2000,6,3002,4,5001,1,2002,1,4000,1""",1000,2114.81,36512.63
Problem_5Sat3Gs_1_4.json,1.5,8,3,-7.005189,"[1.3109967044452364, -0.11792654664767817, -0.130142891371964, -0.02474397830322487, 0.021996291100921536, 0.03742539971701879, -0.06844453978963211, -0.06243804600877957, 0.26874504298208934, 0.615565532524823, 1.7071967835009447, 1.2295858056837332, 1.2749398606132614, 1.3323165763987217, 1.0379045807343477, 1.2001887361766934]","""2,683,1,619,3,307,4,112,1002,107,1001,85,2001,35,3001,23,1003,23,5,11,1000,8,3002,7,5000,6,6000,6,3000,5,2000,5,4000,4,2002,1,5001,1""",1000,3124.23,37522.05
Problem_5Sat3Gs_1_4.json,1.5,8,4,-7.005189,"[1.3109967044452364, -0.11792654664767817, -0.130142891371964, -0.02474397830322487, 0.021996291100921536, 0.03742539971701879, -0.06844453978963211, -0.06243804600877957, 0.26874504298208934, 0.615565532524823, 1.7071967835009447, 1.2295858056837332, 1.2749398606132614, 1.3323165763987217, 1.0379045807343477, 1.2001887361766934]","""2,713,1,603,3,322,4,108,1002,89,1001,80,2001,39,1003,22,3001,16,5,12,3000,9,2000,9,1000,7,3002,4,2002,4,6000,4,5000,3,6001,2,4000,1,5001,1""",1000,4127.77,38525.59
Problem_5Sat3Gs_1_4.json,1.5,8,5,-7.005189,"[1.3109967044452364, -0.11792654664767817, -0.130142891371964, -0.02474397830322487, 0.021996291100921536, 0.03742539971701879, -0.06844453978963211, -0.06243804600877957, 0.26874504298208934, 0.615565532524823, 1.7071967835009447, 1.2295858056837332, 1.2749398606132614, 1.3323165763987217, 1.0379045807343477, 1.2001887361766934]","""2,675,1,642,3,311,1002,101,4,95,1001,84,1003,37,2001,37,3001,20,2000,8,5,7,3000,7,1000,6,5000,5,6000,4,2002,3,4000,3,9000,2,3002,1""",1000,5129.62,39527.44
Problem_5Sat3Gs_1_4.json,1.5,8,6,-7.005189,"[1.3109967044452364, -0.11792654664767817, -0.130142891371964, -0.02474397830322487, 0.021996291100921536, 0.03742539971701879, -0.06844453978963211, -0.06243804600877957, 0.26874504298208934, 0.615565532524823, 1.7071967835009447, 1.2295858056837332, 1.2749398606132614, 1.3323165763987217, 1.0379045807343477, 1.2001887361766934]","""2,701,1,602,3,317,4,113,1002,95,1001,74,2001,40,1003,25,3001,24,5,13,3000,10,1000,9,2000,6,2002,5,5000,5,3002,4,6000,2,5001,2,4000,1""",1000,6140.86,40538.67
Problem_5Sat3Gs_1_4.json,1.5,8,7,-7.005189,"[1.3109967044452364, -0.11792654664767817, -0.130142891371964, -0.02474397830322487, 0.021996291100921536, 0.03742539971701879, -0.06844453978963211, -0.06243804600877957, 0.26874504298208934, 0.615565532524823, 1.7071967835009447, 1.2295858056837332, 1.2749398606132614, 1.3323165763987217, 1.0379045807343477, 1.2001887361766934]","""2,702,1,633,3,290,4,121,1002,89,1001,67,2001,32,3001,29,1003,21,3000,11,2000,11,5,11,5000,7,6000,7,1000,6,5001,4,2002,2,3002,2,4000,1,6001,1,9000,1""",1000,7149.49,41547.30
Problem_5Sat3Gs_1_4.json,1.5,8,8,-7.005189,"[1.3109967044452364, -0.11792654664767817, -0.130142891371964, -0.02474397830322487, 0.021996291100921536, 0.03742539971701879, -0.06844453978963211, -0.06243804600877957, 0.26874504298208934, 0.615565532524823, 1.7071967835009447, 1.2295858056837332, 1.2749398606132614, 1.3323165763987217, 1.0379045807343477, 1.2001887361766934]","""2,680,1,596,3,323,4,111,1002,99,1001,82,2001,44,1003,30,3001,24,5,13,2000,9,1000,7,2002,6,3000,5,6000,5,3002,4,5000,4,9000,3,4000,2,6001,1""",1000,8160.01,42557.82
Problem_5Sat3Gs_1_4.json,1.5,8,9,-7.005189,"[1.3109967044452364, -0.11792654664767817, -0.130142891371964, -0.02474397830322487, 0.021996291100921536, 0.03742539971701879, -0.06844453978963211, -0.06243804600877957, 0.26874504298208934, 0.615565532524823, 1.7071967835009447, 1.2295858056837332, 1.2749398606132614, 1.3323165763987217, 1.0379045807343477, 1.2001887361766934]","""2,679,1,611,3,302,1002,104,4,100,1001,80,2001,52,3001,33,1003,30,5,14,2000,10,3000,9,1000,8,3002,4,5000,4,6000,4,9000,1,4000,1,5001,1,2002,1""",1000,9171.25,43569.06
Problem_5Sat3Gs_1_4.json,1.5,8,10,-7.005189,"[1.3109967044452364, -0.11792654664767817, -0.130142891371964, -0.02474397830322487, 0.021996291100921536, 0.03742539971701879, -0.06844453978963211, -0.06243804600877957, 0.26874504298208934, 0.615565532524823, 1.7071967835009447, 1.2295858056837332, 1.2749398606132614, 1.3323165763987217, 1.0379045807343477, 1.2001887361766934]","""2,708,1,624,3,277,4,119,1002,102,1001,80,1003,37,2001,33,3001,20,2000,9,5,7,5000,6,3002,6,1000,6,6000,4,3000,3,2002,3,5001,3,4000,1""",1000,10175.96,44573.78
Problem_5Sat3Gs_1_5.json,1.5,1,1,-5.079740,"[-0.11042349147877718, 0.5656806302431204]","""2,573,1001,445,3,280,1002,219,1,178,2001,95,2000,84,1000,36,4,30,3001,23,5000,17,3000,15,1003,14,5001,11,4000,11,3002,7,4001,5,2002,3,5,2""",151,48.30,48.30
Problem_5Sat3Gs_1_5.json,1.5,1,2,-5.079740,"[-0.11042349147877718, 0.5656806302431204]","""2,584,1001,426,3,283,1002,227,1,194,2000,88,2001,80,4,27,1000,26,3000,22,3001,22,1003,16,5000,15,4001,11,4000,9,3002,6,5001,6,2002,5,5,1""",151,79.10,79.10
Problem_5Sat3Gs_1_5.json,1.5,1,3,-5.079740,"[-0.11042349147877718, 0.5656806302431204]","""2,603,1001,392,3,278,1002,223,1,211,2000,94,2001,77,1000,34,4,29,3001,26,3000,19,5000,18,1003,11,4001,8,3002,7,5001,7,4000,6,5,3,2002,2""",151,108.92,108.92
Problem_5Sat3Gs_1_5.json,1.5,1,4,-5.079740,"[-0.11042349147877718, 0.5656806302431204]","""2,569,1001,413,3,305,1,204,1002,188,2000,99,2001,80,4,38,1000,32,3001,31,3000,28,1003,13,5000,12,3002,10,4001,9,5001,8,4000,6,5,1,2002,1,7000,1""",151,139.63,139.63
Problem_5Sat3Gs_1_5.json,1.5,1,5,-5.079740,"[-0.11042349147877718, 0.5656806302431204]","""2,614,1001,402,3,256,1002,243,1,182,2000,85,2001,83,4,39,1000,29,3001,25,3000,23,3002,17,5000,16,1003,9,5001,8,4001,8,4000,5,2002,3,7000,1""",151,169.68,169.68
Problem_5Sat3Gs_1_5.json,1.5,1,6,-5.079740,"[-0.11042349147877718, 0.5656806302431204]","""2,573,1001,460,3,286,1002,228,1,182,2001,87,2000,71,1000,31,4,26,3001,23,5000,19,3000,17,1003,14,3002,10,5001,6,4001,6,4000,6,2002,2,5,1""",151,199.17,199.18
Problem_5Sat3Gs_1_5.json,1.5,1,7,-5.079740,"[-0.11042349147877718, 0.5656806302431204]","""2,559,1001,408,3,288,1002,270,1,219,2001,87,2000,70,1000,34,4,23,3000,18,3001,16,1003,14,5000,12,3002,8,5001,7,4000,6,4001,6,5,2,2002,1""",151,229.38,229.38
Problem_5Sat3Gs_1_5.json,1.5,1,8,-5.079740,"[-0.11042349147877718, 0.5656806302431204]","""2,591,1001,404,3,274,1002,256,1,170,2000,83,2001,83,4,41,3001,31,1000,19,3000,17,1003,16,3002,15,5001,12,5000,11,4001,10,4000,8,2002,4,5,2,7000,1""",151,259.17,259.17
Problem_5Sat3Gs_1_5.json,1.5,1,9,-5.079740,"[-0.11042349147877718, 0.5656806302431204]","""2,523,1001,446,3,301,1002,243,1,188,2001,76,2000,69,4,44,3001,31,1000,27,3000,27,5000,18,1003,18,4001,11,3002,9,5001,6,4000,5,2002,3,7000,2,5,1""",151,289.11,289.11
Problem_5Sat3Gs_1_5.json,1.5,1,10,-5.079740,"[-0.11042349147877718, 0.5656806302431204]","""2,605,1001,399,3,254,1002,240,1,221,2001,81,2000,74,1000,31,3001,28,4,24,3000,20,1003,15,4001,11,4000,11,3002,11,5000,10,5001,6,2002,4,5,2,7000,1""",151,318.73,318.73
Problem_5Sat3Gs_1_5.json,1.5,2,1,-5.611501,"[-0.1252949546765949, -0.08965263382175011, 0.4754583888257233, 1.0858646203601574]","""2,908,1,522,1001,256,3,135,1002,81,1000,33,2001,28,3000,14,3001,13,5000,12,2000,10,4001,8,1003,6,7000,6,2002,5,4,5,4000,2,3002,2,5001,2""",361,131.03,449.76
Problem_5Sat3Gs_1_5.json,1.5,2,2,-5.611501,"[-0.1252949546765949, -0.08965263382175011, 0.4754583888257233, 1.0858646203601574]","""2,890,1,499,1001,285,3,142,1002,75,2001,30,1000,30,5000,19,2000,18,3001,14,4001,13,3000,10,2002,7,7000,4,4,4,1003,3,5001,3,3002,2""",361,233.65,552.39
Problem_5Sat3Gs_1_5.json,1.5,2,3,-5.611501,"[-0.1252949546765949, -0.08965263382175011, 0.4754583888257233, 1.0858646203601574]","""2,894,1,485,1001,257,3,171,1002,72,2001,41,1000,34,2000,16,5000,15,3001,11,4001,8,4,8,3000,7,4000,6,2002,6,1003,6,7000,5,5001,4,3002,2""",361,336.20,654.93
Problem_5Sat3Gs_1_5.json,1.5,2,4,-5.611501,"[-0.1252949546765949, -0.08965263382175011, 0.4754583888257233, 1.0858646203601574]","""2,881,1,487,1001,269,3,141,1002,76,1000,56,2001,31,2000,17,3001,15,5000,14,3000,11,4001,11,4,10,2002,9,5001,7,4000,5,7000,3,1003,3,3002,2""",361,438.95,757.68
Problem_5Sat3Gs_1_5.json,1.5,2,5,-5.611501,"[-0.1252949546765949, -0.08965263382175011, 0.4754583888257233, 1.0858646203601574]","""2,928,1,495,1001,244,3,141,1002,83,1000,44,2001,23,5000,21,3000,14,2000,13,3001,12,4,8,4001,4,7000,4,2002,4,1003,3,4000,3,5001,3,3002,1""",361,541.13,859.86
Problem_5Sat3Gs_1_5.json,1.5,2,6,-5.611501,"[-0.1252949546765949, -0.08965263382175011, 0.4754583888257233, 1.0858646203601574]","""2,885,1,507,1001,257,3,161,1002,66,1000,36,2001,27,5000,19,2000,17,3000,12,4,11,2002,10,4001,8,3001,8,1003,6,4000,5,3002,5,7000,4,5001,4""",361,644.00,962.73
Problem_5Sat3Gs_1_5.json,1.5,2,7,-5.611501,"[-0.1252949546765949, -0.08965263382175011, 0.4754583888257233, 1.0858646203601574]","""2,897,1,496,1001,268,3,140,1002,76,1000,45,2001,27,5000,24,2000,20,3000,12,1003,9,3001,9,5001,6,4,6,2002,4,4001,3,4000,2,7000,2,3002,2""",361,747.71,1066.44
Problem_5Sat3Gs_1_5.json,1.5,2,8,-5.611501,"[-0.1252949546765949, -0.08965263382175011, 0.4754583888257233, 1.0858646203601574]","""2,877,1,492,1001,308,3,150,1002,83,1000,35,2001,24,5000,11,3000,10,4001,10,2000,8,1003,7,5001,7,7000,6,3001,6,4,6,2002,4,4000,3,3002,1""",361,851.46,1170.20
Problem_5Sat3Gs_1_5.json,1.5,2,9,-5.611501,"[-0.1252949546765949, -0.08965263382175011, 0.4754583888257233, 1.0858646203601574]","""2,880,1,527,1001,253,3,133,1002,80,1000,45,2000,30,2001,24,3000,12,4,10,2002,8,4001,8,4000,8,3001,7,5000,7,7000,5,5001,5,1003,4,3002,2""",361,954.28,1273.01
Problem_5Sat3Gs_1_5.json,1.5,2,10,-5.611501,"[-0.1252949546765949, -0.08965263382175011, 0.4754583888257233, 1.0858646203601574]","""2,888,1,486,1001,286,3,133,1002,81,1000,39,2001,31,5000,23,3000,17,4,14,2000,10,4001,9,3001,9,5001,6,1003,4,4000,4,2002,4,7000,3,3002,1""",361,1057.09,1375.82
Problem_5Sat3Gs_1_5.json,1.5,3,1,-5.885492,"[-0.14238949508854956, -0.09877382026267184, -0.07343811457304406, 0.3652541817653189, 0.8627742371085364, 1.1259634932912528]","""2,855,1,736,1001,178,3,88,1002,59,1000,42,2001,17,5000,14,2000,14,4,10,3000,10,3001,8,4001,6,4000,3,1003,3,2002,2,5001,2,5,1""",1000,414.00,1789.82
Problem_5Sat3Gs_1_5.json,1.5,3,2,-5.885492,"[-0.14238949508854956, -0.09877382026267184, -0.07343811457304406, 0.3652541817653189, 0.8627742371085364, 1.1259634932912528]","""2,837,1,756,1001,199,3,91,1002,43,1000,34,2001,24,2000,18,5000,11,3000,10,4001,5,4,5,3001,4,2002,4,4000,3,1003,2,5001,1,3002,1""",1000,792.62,2168.45
Problem_5Sat3Gs_1_5.json,1.5,3,3,-5.885492,"[-0.14238949508854956, -0.09877382026267184, -0.07343811457304406, 0.3652541817653189, 0.8627742371085364, 1.1259634932912528]","""2,842,1,769,1001,193,3,91,1002,40,1000,32,2001,18,5000,13,2000,10,3000,9,3001,9,4001,8,1003,5,4,4,2002,2,4000,2,5001,1""",1000,1174.81,2550.63
Problem_5Sat3Gs_1_5.json,1.5,3,4,-5.885492,"[-0.14238949508854956, -0.09877382026267184, -0.07343811457304406, 0.3652541817653189, 0.8627742371085364, 1.1259634932912528]","""2,820,1,757,1001,188,3,96,1002,47,1000,39,2001,22,5000,16,2000,16,4001,12,3001,11,4,7,3000,7,5001,5,4000,2,3002,1,2002,1,1003,1""",1000,1556.03,2931.85
Problem_5Sat3Gs_1_5.json,1.5,3,5,-5.885492,"[-0.14238949508854956, -0.09877382026267184, -0.07343811457304406, 0.3652541817653189, 0.8627742371085364, 1.1259634932912528]","""2,815,1,787,1001,176,3,105,1002,58,1000,29,2001,23,2000,14,4001,10,3001,7,5000,7,4,6,3000,4,4000,4,5001,1,1003,1,2002,1""",1000,1938.30,3314.12
Problem_5Sat3Gs_1_5.json,1.5,3,6,-5.885492,"[-0.14238949508854956, -0.09877382026267184, -0.07343811457304406, 0.3652541817653189, 0.8627742371085364, 1.1259634932912528]","""2,864,1,758,1001,173,3,94,1002,42,1000,36,2001,23,2000,17,3001,11,5000,10,3000,8,4001,4,2002,2,1003,2,4,2,4000,1,5001,1""",1000,2318.11,3693.93
Problem_5Sat3Gs_1_5.json,1.5,3,7,-5.885492,"[-0.14238949508854956, -0.09877382026267184, -0.07343811457304406, 0.3652541817653189, 0.8627742371085364, 1.1259634932912528]","""2,837,1,757,1001,177,3,95,1002,46,1000,29,2001,28,5000,19,2000,17,4000,9,3001,8,4001,7,1003,6,3000,5,4,5,2002,3""",1000,2700.16,4075.98
Problem_5Sat3Gs_1_5.json,1.5,3,8,-5.885492,"[-0.14238949508854956, -0.09877382026267184, -0.07343811457304406, 0.3652541817653189, 0.8627742371085364, 1.1259634932912528]","""2,856,1,779,1001,186,3,84,1000,29,1002,29,5000,15,2001,15,3001,12,2000,12,4,8,3000,7,4001,6,4000,5,2002,2,1003,2,5001,1""",1000,3082.11,4457.93
Problem_5Sat3Gs_1_5.json,1.5,3,9,-5.885492,"[-0.14238949508854956, -0.09877382026267184, -0.07343811457304406, 0.3652541817653189, 0.8627742371085364, 1.1259634932912528]","""2,866,1,748,1001,179,3,88,1002,50,1000,28,5000,14,2001,13,2000,12,4001,11,3000,10,3001,10,4,5,1003,4,2002,3,4000,3,5001,2,3002,2""",1000,3463.31,4839.14
Problem_5Sat3Gs_1_5.json,1.5,3,10,-5.885492,"[-0.14238949508854956, -0.09877382026267184, -0.07343811457304406, 0.3652541817653189, 0.8627742371085364, 1.1259634932912528]","""2,872,1,744,1001,178,3,99,1002,41,1000,32,2001,17,5000,17,4001,11,2000,10,3001,8,3000,7,4000,7,1003,3,4,1,3002,1""",1000,3841.54,5217.37
Problem_5Sat3Gs_1_5.json,1.5,4,1,-6.089278,"[-0.15134287545459288, -0.11832207920016959, -0.09290054548009519, -0.06584020025525832, 0.33427561729730293, 0.7616851557328981, 1.0619137081244212, 1.2157488718925114]","""1,1095,2,645,1001,109,3,55,1000,43,1002,23,5000,23,2000,17,4001,14,3001,6,2001,5,4,4,3000,4,4000,2,7000,2,1003,1""",1000,528.40,5745.77
Problem_5Sat3Gs_1_5.json,1.5,4,2,-6.089278,"[-0.15134287545459288, -0.11832207920016959, -0.09290054548009519, -0.06584020025525832, 0.33427561729730293, 0.7616851557328981, 1.0619137081244212, 1.2157488718925114]","""1,1081,2,685,1001,122,3,38,1000,30,1002,24,4001,15,5000,14,3001,11,2000,10,2001,8,4000,3,1003,3,3000,3,4,1""",1000,1008.94,6226.31
Problem_5Sat3Gs_1_5.json,1.5,4,3,-6.089278,"[-0.15134287545459288, -0.11832207920016959, -0.09290054548009519, -0.06584020025525832, 0.33427561729730293, 0.7616851557328981, 1.0619137081244212, 1.2157488718925114]","""1,1106,2,651,1001,127,3,57,1000,31,1002,21,5000,16,2001,9,4001,7,2000,6,4000,6,3000,5,4,2,5,1,3001,1,5001,1,2002,1""",1000,1485.39,6702.76
Problem_5Sat3Gs_1_5.json,1.5,4,4,-6.089278,"[-0.15134287545459288, -0.11832207920016959, -0.09290054548009519, -0.06584020025525832, 0.33427561729730293, 0.7616851557328981, 1.0619137081244212, 1.2157488718925114]","""1,1117,2,637,1001,114,3,57,1000,36,1002,21,5000,18,2000,12,4001,10,2001,8,3001,5,4,4,1003,2,3000,2,4000,2,2002,1,5001,1,3002,1""",1000,1964.65,7182.02
Problem_5Sat3Gs_1_5.json,1.5,4,5,-6.089278,"[-0.15134287545459288, -0.11832207920016959, -0.09290054548009519, -0.06584020025525832, 0.33427561729730293, 0.7616851557328981, 1.0619137081244212, 1.2157488718925114]","""1,1132,2,628,1001,118,3,49,1002,32,1000,29,4001,14,5000,13,2001,6,3001,5,3000,5,4,4,2000,4,1003,3,7000,3,4000,2,5001,1""",1000,2446.03,7663.39
Problem_5Sat3Gs_1_5.json,1.5,4,6,-6.089278,"[-0.15134287545459288, -0.11832207920016959, -0.09290054548009519, -0.06584020025525832, 0.33427561729730293, 0.7616851557328981, 1.0619137081244212, 1.2157488718925114]","""1,1065,2,680,1001,111,3,53,1000,36,1002,26,5000,24,4001,18,3001,6,2000,6,2001,5,4000,4,4,4,3000,3,1003,2,2002,2,7000,1,5,1,5001,1""",1000,2931.22,8148.59
Problem_5Sat3Gs_1_5.json,1.5,4,7,-6.089278,"[-0.15134287545459288, -0.11832207920016959, -0.09290054548009519, -0.06584020025525832, 0.33427561729730293, 0.7616851557328981, 1.0619137081244212, 1.2157488718925114]","""1,1065,2,676,1001,122,3,54,1000,31,1002,25,5000,18,4001,13,4000,12,2000,9,3001,6,2001,4,3000,4,7000,3,4,2,5001,2,1003,1,2002,1""",1000,3415.23,8632.60
Problem_5Sat3Gs_1_5.json,1.5,4,8,-6.089278,"[-0.15134287545459288, -0.11832207920016959, -0.09290054548009519, -0.06584020025525832, 0.33427561729730293, 0.7616851557328981, 1.0619137081244212, 1.2157488718925114]","""1,1055,2,699,1001,117,3,53,1000,34,1002,24,5000,19,4001,18,2000,7,3001,5,7000,4,4,3,4000,3,3000,2,2001,2,1003,1,3002,1,2002,1""",1000,3897.38,9114.75
Problem_5Sat3Gs_1_5.json,1.5,4,9,-6.089278,"[-0.15134287545459288, -0.11832207920016959, -0.09290054548009519, -0.06584020025525832, 0.33427561729730293, 0.7616851557328981, 1.0619137081244212, 1.2157488718925114]","""1,1063,2,674,1001,142,3,56,1002,27,1000,25,5000,15,4001,8,2001,8,2000,7,3000,7,3001,5,4000,4,4,2,1003,2,5001,1,2002,1,7000,1""",1000,4378.61,9595.98
Problem_5Sat3Gs_1_5.json,1.5,4,10,-6.089278,"[-0.15134287545459288, -0.11832207920016959, -0.09290054548009519, -0.06584020025525832, 0.33427561729730293, 0.7616851557328981, 1.0619137081244212, 1.2157488718925114]","""1,1059,2,682,1001,121,3,53,1002,37,1000,32,5000,17,4001,14,2000,11,4000,5,2001,5,3001,4,3000,3,5001,2,4,2,7000,1""",1000,4857.90,10075.26
Problem_5Sat3Gs_1_5.json,1.5,5,1,-6.251549,"[-0.14145220885677995, -0.10726360618977106, -0.10676916155977864, -0.08874650345165225, -0.05763166882632744, 0.299568588134377, 0.549696989372693, 0.7731675609067116, 1.094561878122469, 1.1761026858256463]","""1,1260,2,527,1001,125,1000,45,3,39,1002,15,4001,9,2000,7,2001,6,4,4,4000,3,5000,2,3000,2,5001,1,3001,1,3002,1,1003,1""",1000,636.08,10711.34
Problem_5Sat3Gs_1_5.json,1.5,5,2,-6.105159,"[-0.143274128288141, -0.11111967782417635, -0.09182547940223901, -0.046426839316571954, -0.022824253438117847, 0.3080164275472189, 0.6752906845100792, 0.9694760609670152, 1.1983586007155358, 0.13934077843631185]","""1,1077,2,694,1001,148,3,42,1000,29,1002,15,2001,8,5000,8,2000,6,3001,5,3000,4,4000,3,4001,3,4,2,2002,2,7000,1,1003,1""",1000,1213.34,11288.60
Problem_5Sat3Gs_1_5.json,1.5,5,3,-6.251549,"[-0.14145220885677995, -0.10726360618977106, -0.10676916155977864, -0.08874650345165225, -0.05763166882632744, 0.299568588134377, 0.549696989372693, 0.7731675609067116, 1.094561878122469, 1.1761026858256463]","""1,1236,2,565,1001,136,1000,42,3,25,1002,18,5000,5,4001,5,2001,4,2000,4,4,2,3001,2,4000,2,5001,1,3000,1""",1000,1786.02,11861.28
Problem_5Sat3Gs_1_5.json,1.5,5,4,-6.105159,"[-0.143274128288141, -0.11111967782417635, -0.09182547940223901, -0.046426839316571954, -0.022824253438117847, 0.3080164275472189, 0.6752906845100792, 0.9694760609670152, 1.1983586007155358, 0.13934077843631185]","""1,1078,2,690,1001,129,3,63,1000,22,1002,17,2001,9,2000,9,3001,9,5000,7,4001,5,3000,5,4,1,2002,1,5001,1,4000,1,7000,1""",1000,2359.69,12434.96
Problem_5Sat3Gs_1_5.json,1.5,5,5,-6.105159,"[-0.143274128288141, -0.11111967782417635, -0.09182547940223901, -0.046426839316571954, -0.022824253438117847, 0.3080164275472189, 0.6752906845100792, 0.9694760609670152, 1.1983586007155358, 0.13934077843631185]","""1,1054,2,698,1001,125,3,59,1000,34,1002,18,2001,13,5000,11,4001,7,2000,6,3000,5,4000,4,3001,4,4,3,1003,2,5001,2,7000,1,3002,1,2002,1""",1000,2929.67,13004.93
Problem_5Sat3Gs_1_5.json,1.5,5,6,-6.105159,"[-0.143274128288141, -0.11111967782417635, -0.09182547940223901, -0.046426839316571954, -0.022824253438117847, 0.3080164275472189, 0.6752906845100792, 0.9694760609670152, 1.1983586007155358, 0.13934077843631185]","""1,1052,2,718,1001,126,3,53,1000,35,1002,20,5000,10,2000,10,4001,7,2001,6,4000,5,3001,3,2002,1,3000,1,7000,1""",1000,3504.98,13580.24
Problem_5Sat3Gs_1_5.json,1.5,5,7,-6.105159,"[-0.143274128288141, -0.11111967782417635, -0.09182547940223901, -0.046426839316571954, -0.022824253438117847, 0.3080164275472189, 0.6752906845100792, 0.9694760609670152, 1.1983586007155358, 0.13934077843631185]","""1,1037,2,689,1001,147,3,60,1000,30,1002,25,4001,11,2001,9,3001,8,5000,7,2000,7,2002,4,4,4,4000,3,3000,3,5001,2,7000,1,1003,1""",1000,4085.76,14161.02
Problem_5Sat3Gs_1_5.json,1.5,5,8,-6.251549,"[-0.14145220885677995, -0.10726360618977106, -0.10676916155977864, -0.08874650345165225, -0.05763166882632744, 0.299568588134377, 0.549696989372693, 0.7731675609067116, 1.094561878122469, 1.1761026858256463]","""1,1281,2,530,1001,106,1000,51,3,26,1002,17,2000,11,4001,7,5000,6,4000,4,7000,2,2001,2,3002,1,2002,1,3000,1,4,1,3001,1""",1000,4664.59,14739.86
Problem_5Sat3Gs_1_5.json,1.5,5,9,-6.105159,"[-0.143274128288141, -0.11111967782417635, -0.09182547940223901, -0.046426839316571954, -0.022824253438117847, 0.3080164275472189, 0.6752906845100792, 0.9694760609670152, 1.1983586007155358, 0.13934077843631185]","""1,1078,2,693,1001,115,3,53,1002,24,1000,24,2001,13,3001,10,5000,10,2000,9,4001,7,5001,3,4000,3,4,2,7000,1,1003,1,3000,1,3002,1""",1000,5244.09,15319.35
Problem_5Sat3Gs_1_5.json,1.5,5,10,-6.251549,"[-0.14145220885677995, -0.10726360618977106, -0.10676916155977864, -0.08874650345165225, -0.05763166882632744, 0.299568588134377, 0.549696989372693, 0.7731675609067116, 1.094561878122469, 1.1761026858256463]","""1,1262,2,527,1001,124,1000,39,1002,30,3,28,2000,9,5000,7,4001,6,4000,4,5001,2,2001,2,3001,2,4,2,3000,2,2002,1,3002,1""",1000,5824.70,15899.97
Problem_5Sat3Gs_1_5.json,1.5,6,1,-6.264097,"[-0.1448027918092624, -0.10084069365195167, -0.10617066617449425, -0.09171415601101343, -0.03589876696110555, -0.027564346929091366, 0.3166382027935624, 0.5314412377341713, 0.7071625234524984, 1.0491034339031322, 1.169943033673972, 0.1567113956342045]","""1,1233,2,548,1001,140,1000,49,3,25,1002,23,5000,7,2000,6,5001,3,4000,3,4,2,4001,2,3000,2,2001,1,2002,1,7000,1,3001,1,3002,1""",1000,744.76,16644.73
Problem_5Sat3Gs_1_5.json,1.5,6,2,-6.324654,"[-0.15209934258001692, -0.10337716380560742, -0.1084339788392135, -0.09841375156828287, -0.07047855358491385, -0.04152570847689013, 0.3112951370891183, 0.5202768037033785, 0.6538589240241827, 0.9276436020765976, 1.0845047305319593, 0.9540652117496421]","""1,1346,2,460,1001,113,1000,60,3,23,1002,16,5000,7,2000,5,4001,4,2001,3,4000,3,1003,2,3001,2,3000,1,3002,1,2002,1,5001,1""",1000,1418.28,17318.24
Problem_5Sat3Gs_1_5.json,1.5,6,3,-6.264097,"[-0.1448027918092624, -0.10084069365195167, -0.10617066617449425, -0.09171415601101343, -0.03589876696110555, -0.027564346929091366, 0.3166382027935624, 0.5314412377341713, 0.7071625234524984, 1.0491034339031322, 1.169943033673972, 0.1567113956342045]","""1,1281,2,516,1001,116,1000,42,3,37,1002,27,2000,8,4000,5,3001,4,4,3,5000,2,4001,2,3002,1,2002,1,2001,1,7000,1,5001,1""",1000,2098.20,17998.16
Problem_5Sat3Gs_1_5.json,1.5,6,4,-6.324654,"[-0.15209934258001692, -0.10337716380560742, -0.1084339788392135, -0.09841375156828287, -0.07047855358491385, -0.04152570847689013, 0.3112951370891183, 0.5202768037033785, 0.6538589240241827, 0.9276436020765976, 1.0845047305319593, 0.9540652117496421]","""1,1362,2,431,1001,104,1000,69,3,31,1002,9,2000,9,5000,7,4001,6,2001,5,4000,4,3001,4,3000,3,2002,2,3002,1,1003,1""",1000,2772.68,18672.65
Problem_5Sat3Gs_1_5.json,1.5,6,5,-6.324654,"[-0.15209934258001692, -0.10337716380560742, -0.1084339788392135, -0.09841375156828287, -0.07047855358491385, -0.04152570847689013, 0.3112951370891183, 0.5202768037033785, 0.6538589240241827, 0.9276436020765976, 1.0845047305319593, 0.9540652117496421]","""1,1358,2,446,1001,112,1000,75,3,18,1002,13,2000,6,4000,4,3001,4,2001,4,5000,3,3000,3,4001,2""",1000,3448.14,19348.11
Problem_5Sat3Gs_1_5.json,1.5,6,6,-6.324654,"[-0.15209934258001692, -0.10337716380560742, -0.1084339788392135, -0.09841375156828287, -0.07047855358491385, -0.04152570847689013, 0.3112951370891183, 0.5202768037033785, 0.6538589240241827, 0.9276436020765976, 1.0845047305319593, 0.9540652117496421]","""1,1367,2,421,1001,120,1000,65,3,26,1002,19,5000,6,2001,5,4001,5,2000,5,3000,2,2002,2,4,1,1003,1,3001,1,7000,1,4000,1""",1000,4123.34,20023.31
Problem_5Sat3Gs_1_5.json,1.5,6,7,-6.264097,"[-0.1448027918092624, -0.10084069365195167, -0.10617066617449425, -0.09171415601101343, -0.03589876696110555, -0.027564346929091366, 0.3166382027935624, 0.5314412377341713, 0.7071625234524984, 1.0491034339031322, 1.169943033673972, 0.1567113956342045]","""1,1252,2,544,1001,128,1000,42,3,26,1002,23,2001,6,4001,5,3000,4,5000,4,4,3,2000,3,4000,2,3001,2,5001,1,3002,1,1003,1,7000,1""",1000,4801.21,20701.17
Problem_5Sat3Gs_1_5.json,1.5,6,8,-6.324654,"[-0.15209934258001692, -0.10337716380560742, -0.1084339788392135, -0.09841375156828287, -0.07047855358491385, -0.04152570847689013, 0.3112951370891183, 0.5202768037033785, 0.6538589240241827, 0.9276436020765976, 1.0845047305319593, 0.9540652117496421]","""1,1341,2,464,1001,113,1000,58,1002,25,3,24,2000,7,4000,6,5000,5,3000,2,2001,2,3001,1""",1000,5476.69,21376.65
Problem_5Sat3Gs_1_5.json,1.5,6,9,-6.264097,"[-0.1448027918092624, -0.10084069365195167, -0.10617066617449425, -0.09171415601101343, -0.03589876696110555, -0.027564346929091366, 0.3166382027935624, 0.5314412377341713, 0.7071625234524984, 1.0491034339031322, 1.169943033673972, 0.1567113956342045]","""1,1252,2,522,1001,119,1000,52,3,36,1002,24,2000,8,4001,8,4,6,2001,4,5000,4,4000,3,3000,3,3001,2,5001,2,3002,1,7000,1,2002,1""",1000,6153.87,22053.84
Problem_5Sat3Gs_1_5.json,1.5,6,10,-6.324654,"[-0.15209934258001692, -0.10337716380560742, -0.1084339788392135, -0.09841375156828287, -0.07047855358491385, -0.04152570847689013, 0.3112951370891183, 0.5202768037033785, 0.6538589240241827, 0.9276436020765976, 1.0845047305319593, 0.9540652117496421]","""1,1370,2,432,1001,129,1000,46,3,26,1002,14,4001,6,2000,6,5000,6,2001,4,3001,3,4000,2,3000,2,5001,1,4,1""",1000,6832.42,22732.38
Problem_5Sat3Gs_1_5.json,1.5,7,1,-6.412703,"[-0.16753767957194604, -0.11926187942591403, -0.10410990354078904, -0.1087361103327823, -0.08563771480444926, -0.0665993705632685, -0.04587246309203427, 0.31364035044642447, 0.546836766165727, 0.5799184662909705, 0.7915185087479145, 0.9258541063441509, 0.9770590349195405, 1.0379792765185862]","""1,1478,2,322,1001,94,1000,89,3,23,2000,10,1002,10,2001,4,5000,4,1003,3,4001,2,4000,2,2002,2,5001,2,3000,1,4,1,3001,1""",1000,849.62,23582.01
Problem_5Sat3Gs_1_5.json,1.5,7,2,-6.412703,"[-0.16753767957194604, -0.11926187942591403, -0.10410990354078904, -0.1087361103327823, -0.08563771480444926, -0.0665993705632685, -0.04587246309203427, 0.31364035044642447, 0.546836766165727, 0.5799184662909705, 0.7915185087479145, 0.9258541063441509, 0.9770590349195405, 1.0379792765185862]","""1,1509,2,283,1001,94,1000,91,3,26,1002,14,2000,9,5000,7,2001,6,2002,2,4000,2,3002,2,4001,2,3000,1""",1000,1626.17,24358.56
Problem_5Sat3Gs_1_5.json,1.5,7,3,-6.412703,"[-0.16753767957194604, -0.11926187942591403, -0.10410990354078904, -0.1087361103327823, -0.08563771480444926, -0.0665993705632685, -0.04587246309203427, 0.31364035044642447, 0.546836766165727, 0.5799184662909705, 0.7915185087479145, 0.9258541063441509, 0.9770590349195405, 1.0379792765185862]","""1,1509,2,303,1001,89,1000,77,3,24,1002,11,2000,7,5000,7,2001,6,4,3,3001,3,3000,2,1003,2,7000,2,4000,1,3002,1,5001,1""",1000,2397.92,25130.30
Problem_5Sat3Gs_1_5.json,1.5,7,4,-6.412703,"[-0.16753767957194604, -0.11926187942591403, -0.10410990354078904, -0.1087361103327823, -0.08563771480444926, -0.0665993705632685, -0.04587246309203427, 0.31364035044642447, 0.546836766165727, 0.5799184662909705, 0.7915185087479145, 0.9258541063441509, 0.9770590349195405, 1.0379792765185862]","""1,1511,2,311,1001,93,1000,80,3,17,2000,9,1002,8,5000,5,3001,4,4000,3,2001,3,5001,2,3000,1,4,1""",1000,3166.99,25899.37
Problem_5Sat3Gs_1_5.json,1.5,7,5,-6.412703,"[-0.16753767957194604, -0.11926187942591403, -0.10410990354078904, -0.1087361103327823, -0.08563771480444926, -0.0665993705632685, -0.04587246309203427, 0.31364035044642447, 0.546836766165727, 0.5799184662909705, 0.7915185087479145, 0.9258541063441509, 0.9770590349195405, 1.0379792765185862]","""1,1514,2,314,1001,84,1000,80,3,19,1002,14,5000,7,2000,3,3001,3,5001,3,2001,3,4001,1,4,1,3002,1,4000,1""",1000,3938.86,26671.24
Problem_5Sat3Gs_1_5.json,1.5,7,6,-6.412703,"[-0.16753767957194604, -0.11926187942591403, -0.10410990354078904, -0.1087361103327823, -0.08563771480444926, -0.0665993705632685, -0.04587246309203427, 0.31364035044642447, 0.546836766165727, 0.5799184662909705, 0.7915185087479145, 0.9258541063441509, 0.9770590349195405, 1.0379792765185862]","""1,1511,2,273,1000,104,1001,99,3,28,2000,8,1002,8,2001,4,3002,3,5000,3,5001,2,3000,2,4000,1,4001,1,3001,1""",1000,4717.87,27450.25
Problem_5Sat3Gs_1_5.json,1.5,7,7,-6.412703,"[-0.16753767957194604, -0.11926187942591403, -0.10410990354078904, -0.1087361103327823, -0.08563771480444926, -0.0665993705632685, -0.04587246309203427, 0.31364035044642447, 0.546836766165727, 0.5799184662909705, 0.7915185087479145, 0.9258541063441509, 0.9770590349195405, 1.0379792765185862]","""1,1510,2,304,1001,101,1000,77,3,22,1002,8,5000,7,2000,7,2001,3,4000,2,5001,2,4,2,3001,1,2002,1,3000,1""",1000,5495.28,28227.67
Problem_5Sat3Gs_1_5.json,1.5,7,8,-6.412703,"[-0.16753767957194604, -0.11926187942591403, -0.10410990354078904, -0.1087361103327823, -0.08563771480444926, -0.0665993705632685, -0.04587246309203427, 0.31364035044642447, 0.546836766165727, 0.5799184662909705, 0.7915185087479145, 0.9258541063441509, 0.9770590349195405, 1.0379792765185862]","""1,1503,2,304,1001,101,1000,69,3,23,2001,13,1002,13,2000,7,5000,6,4001,2,5001,2,4000,2,4,1,3001,1,3000,1""",1000,6266.93,28999.32
Problem_5Sat3Gs_1_5.json,1.5,7,9,-6.412703,"[-0.16753767957194604, -0.11926187942591403, -0.10410990354078904, -0.1087361103327823, -0.08563771480444926, -0.0665993705632685, -0.04587246309203427, 0.31364035044642447, 0.546836766165727, 0.5799184662909705, 0.7915185087479145, 0.9258541063441509, 0.9770590349195405, 1.0379792765185862]","""1,1492,2,329,1001,88,1000,73,3,21,5000,12,2000,9,1002,8,2001,6,4000,3,5001,2,3000,2,4001,2,3002,1""",1000,7046.24,29778.62
Problem_5Sat3Gs_1_5.json,1.5,7,10,-6.412703,"[-0.16753767957194604, -0.11926187942591403, -0.10410990354078904, -0.1087361103327823, -0.08563771480444926, -0.0665993705632685, -0.04587246309203427, 0.31364035044642447, 0.546836766165727, 0.5799184662909705, 0.7915185087479145, 0.9258541063441509, 0.9770590349195405, 1.0379792765185862]","""1,1492,2,303,1001,105,1000,79,3,22,1002,11,2000,8,4000,5,2001,5,3000,4,5000,4,3002,2,2002,2,4,1,5001,1,7000,1,4001,1,3001,1,1003,1""",1000,7820.98,30553.37
Problem_5Sat3Gs_1_5.json,1.5,8,1,-6.433955,"[-0.16968254631997626, -0.12871669483792947, -0.1067273572697199, -0.10396267304221832, -0.08802835921558014, -0.07706109031283684, -0.09041804540228829, 0.03940688458975548, 0.3057013205157334, 0.5538552324649586, 0.6036347454142277, 0.7269985542974334, 0.8322715421365747, 0.9770962014412394, 1.054838331215238, -0.1556138742442407]","""1,1514,2,268,1001,111,1000,92,3,25,1002,12,2000,7,2001,7,4,2,3001,2,4001,2,3000,2,7000,1,5000,1,5001,1,4000,1""",1000,957.69,31511.05
Problem_5Sat3Gs_1_5.json,1.5,8,2,-6.433955,"[-0.16968254631997626, -0.12871669483792947, -0.1067273572697199, -0.10396267304221832, -0.08802835921558014, -0.07706109031283684, -0.09041804540228829, 0.03940688458975548, 0.3057013205157334, 0.5538552324649586, 0.6036347454142277, 0.7269985542974334, 0.8322715421365747, 0.9770962014412394, 1.054838331215238, -0.1556138742442407]","""1,1521,2,302,1000,88,1001,81,3,20,2000,11,1002,9,2001,7,5001,2,5000,1,4,1,1003,1,4001,1,4000,1,3002,1,3001,1""",1000,1822.91,32376.28
Problem_5Sat3Gs_1_5.json,1.5,8,3,-6.433955,"[-0.16968254631997626, -0.12871669483792947, -0.1067273572697199, -0.10396267304221832, -0.08802835921558014, -0.07706109031283684, -0.09041804540228829, 0.03940688458975548, 0.3057013205157334, 0.5538552324649586, 0.6036347454142277, 0.7269985542974334, 0.8322715421365747, 0.9770962014412394, 1.054838331215238, -0.1556138742442407]","""1,1554,2,267,1001,89,1000,84,3,23,1002,12,2000,5,2001,5,5000,4,1003,2,4001,2,3001,1""",1000,2690.11,33243.48
Problem_5Sat3Gs_1_5.json,1.5,8,4,-6.433955,"[-0.16968254631997626, -0.12871669483792947, -0.1067273572697199, -0.10396267304221832, -0.08802835921558014, -0.07706109031283684, -0.09041804540228829, 0.03940688458975548, 0.3057013205157334, 0.5538552324649586, 0.6036347454142277, 0.7269985542974334, 0.8322715421365747, 0.9770962014412394, 1.054838331215238, -0.1556138742442407]","""1,1533,2,288,1001,96,1000,78,3,27,1002,7,2000,3,3001,3,5000,3,2001,3,4001,2,4,2,2002,1,3000,1,4000,1""",1000,3562.13,34115.49
Problem_5Sat3Gs_1_5.json,1.5,8,5,-6.433955,"[-0.16968254631997626, -0.12871669483792947, -0.1067273572697199, -0.10396267304221832, -0.08802835921558014, -0.07706109031283684, -0.09041804540228829, 0.03940688458975548, 0.3057013205157334, 0.5538552324649586, 0.6036347454142277, 0.7269985542974334, 0.8322715421365747, 0.9770962014412394, 1.054838331215238, -0.1556138742442407]","""1,1508,2,294,1000,96,1001,91,3,19,1002,12,2000,7,5000,7,2001,5,2002,2,3000,2,4001,2,3001,2,5001,1""",1000,4434.08,34987.44
Problem_5Sat3Gs_1_5.json,1.5,8,6,-6.433955,"[-0.16968254631997626, -0.12871669483792947, -0.1067273572697199, -0.10396267304221832, -0.08802835921558014, -0.07706109031283684, -0.09041804540228829, 0.03940688458975548, 0.3057013205157334, 0.5538552324649586, 0.6036347454142277, 0.7269985542974334, 0.8322715421365747, 0.9770962014412394, 1.054838331215238, -0.1556138742442407]","""1,1532,2,271,1001,99,1000,85,3,30,1002,7,2001,6,2000,6,5000,4,4000,2,3001,1,3000,1,4,1,7000,1,4001,1,5001,1""",1000,5306.03,35859.40
Problem_5Sat3Gs_1_5.json,1.5,8,7,-6.433955,"[-0.16968254631997626, -0.12871669483792947, -0.1067273572697199, -0.10396267304221832, -0.08802835921558014, -0.07706109031283684, -0.09041804540228829, 0.03940688458975548, 0.3057013205157334, 0.5538552324649586, 0.6036347454142277, 0.7269985542974334, 0.8322715421365747, 0.9770962014412394, 1.054838331215238, -0.1556138742442407]","""1,1496,2,291,1001,104,1000,86,3,25,2000,10,2001,9,1002,8,4000,4,5000,3,1003,3,4001,2,3001,2,4,2,3000,1,5001,1,2002,1""",1000,6180.80,36734.17
Problem_5Sat3Gs_1_5.json,1.5,8,8,-6.433955,"[-0.16968254631997626, -0.12871669483792947, -0.1067273572697199, -0.10396267304221832, -0.08802835921558014, -0.07706109031283684, -0.09041804540228829, 0.03940688458975548, 0.3057013205157334, 0.5538552324649586, 0.6036347454142277, 0.7269985542974334, 0.8322715421365747, 0.9770962014412394, 1.054838331215238, -0.1556138742442407]","""1,1535,2,292,1001,85,1000,78,3,29,1002,9,2000,6,5000,4,2001,3,3001,3,4000,2,3000,2""",1000,7050.77,37604.14
Problem_5Sat3Gs_1_5.json,1.5,8,9,-6.433955,"[-0.16968254631997626, -0.12871669483792947, -0.1067273572697199, -0.10396267304221832, -0.08802835921558014, -0.07706109031283684, -0.09041804540228829, 0.03940688458975548, 0.3057013205157334, 0.5538552324649586, 0.6036347454142277, 0.7269985542974334, 0.8322715421365747, 0.9770962014412394, 1.054838331215238, -0.1556138742442407]","""1,1519,2,286,1000,100,1001,84,3,27,1002,8,2001,7,5000,6,2000,5,4001,3,3001,1,3000,1,3002,1""",1000,7930.05,38483.42
Problem_5Sat3Gs_1_5.json,1.5,8,10,-6.433955,"[-0.16968254631997626, -0.12871669483792947, -0.1067273572697199, -0.10396267304221832, -0.08802835921558014, -0.07706109031283684, -0.09041804540228829, 0.03940688458975548, 0.3057013205157334, 0.5538552324649586, 0.6036347454142277, 0.7269985542974334, 0.8322715421365747, 0.9770962014412394, 1.054838331215238, -0.1556138742442407]","""1,1530,2,310,1000,78,1001,71,3,21,2000,10,2001,8,1002,7,3001,3,3000,3,4000,2,2002,1,4,1,5001,1,4001,1,3002,1""",1000,8804.36,39357.73
Problem_5Sat3Gs_1_8.json,1.5,1,1,-5.723323,"[-0.11320995559937114, 0.514686243917636]","""2,455,1002,338,1001,312,3,274,1,219,2001,139,1000,88,4,40,3000,37,2000,34,1003,24,3002,21,4000,17,3001,15,5000,9,4001,8,5001,7,6000,5,6001,4,2002,2""",141,48.06,48.06
Problem_5Sat3Gs_1_8.json,1.5,1,2,-5.723323,"[-0.11320995559937114, 0.514686243917636]","""2,496,1001,328,1002,324,3,279,1,216,2001,126,1000,80,2000,44,4,41,1003,24,3000,19,3001,15,3002,15,4001,11,5001,8,5000,7,4000,6,6001,4,2002,2,6000,2,5,1""",141,77.42,77.42
Problem_5Sat3Gs_1_8.json,1.5,1,3,-5.723323,"[-0.11320995559937114, 0.514686243917636]","""2,476,1002,340,1001,327,3,284,1,200,2001,111,1000,94,4,45,3000,38,2000,36,1003,19,3002,17,5001,13,5000,10,3001,10,4000,9,4001,9,6001,4,6000,4,2002,2""",141,106.54,106.54
Problem_5Sat3Gs_1_8.json,1.5,1,4,-5.723323,"[-0.11320995559937114, 0.514686243917636]","""2,447,1001,324,1002,320,3,298,1,231,2001,126,1000,94,4,37,1003,32,2000,31,3000,28,3002,21,3001,12,5001,11,4001,9,4000,8,6000,5,5000,5,6001,4,2002,3,5,2""",141,135.66,135.66
Problem_5Sat3Gs_1_8.json,1.5,1,5,-5.723323,"[-0.11320995559937114, 0.514686243917636]","""2,487,1002,334,3,319,1001,298,1,213,2001,136,1000,101,4,32,2000,26,3000,20,1003,16,3001,15,4000,11,5001,9,3002,9,4001,7,6001,4,5000,4,6000,4,2002,3""",141,165.23,165.23
Problem_5Sat3Gs_1_8.json,1.5,1,6,-5.723323,"[-0.11320995559937114, 0.514686243917636]","""2,468,1001,340,1002,339,3,260,1,219,2001,126,1000,95,4,45,2000,31,3000,24,1003,21,3002,21,3001,14,5001,9,4000,8,6000,7,5000,6,2002,5,6001,5,4001,4,8000,1""",141,195.09,195.09
Problem_5Sat3Gs_1_8.json,1.5,1,7,-5.723323,"[-0.11320995559937114, 0.514686243917636]","""2,444,1002,333,3,315,1001,309,1,238,2001,123,1000,72,2000,39,1003,34,3000,32,4,31,3001,18,3002,15,5001,11,4000,9,4001,6,5000,6,6000,5,2002,4,6001,3,5,1""",141,224.49,224.49
Problem_5Sat3Gs_1_8.json,1.5,1,8,-5.723323,"[-0.11320995559937114, 0.514686243917636]","""2,454,1002,335,1001,315,3,281,1,231,2001,127,1000,93,4,44,2000,33,3000,27,3001,20,1003,20,3002,15,5001,13,4000,12,5000,10,6000,5,2002,4,6001,4,4001,4,5,1""",141,253.70,253.70
Problem_5Sat3Gs_1_8.json,1.5,1,9,-5.723323,"[-0.11320995559937114, 0.514686243917636]","""2,489,1002,319,3,296,1001,296,1,219,2001,147,1000,71,2000,47,4,44,3000,24,1003,16,3002,15,3001,14,4001,12,4000,10,5001,9,5000,6,6000,6,6001,3,5,2,2002,2,8000,1""",141,283.12,283.12
Problem_5Sat3Gs_1_8.json,1.5,1,10,-5.723323,"[-0.11320995559937114, 0.514686243917636]","""2,471,1002,352,3,317,1001,272,1,228,2001,115,1000,76,2000,42,4,40,3000,29,3002,19,5001,18,1003,18,3001,14,4000,11,6000,9,6001,6,4001,5,5000,4,5,1,2002,1""",141,312.41,312.41
Problem_5Sat3Gs_1_8.json,1.5,2,1,-6.303950,"[-0.12816344072331246, -0.09707092636803642, 0.43641197683298694, 1.0534148893557207]","""1,622,2,609,3,237,1001,190,1000,119,1002,112,2001,27,3000,21,4000,18,4,18,1003,13,3001,9,6000,9,2000,8,3002,7,4001,7,8000,6,5001,5,5000,5,2002,3,6001,2,5,1""",718,244.33,556.74
Problem_5Sat3Gs_1_8.json,1.5,2,2,-6.303950,"[-0.12816344072331246, -0.09707092636803642, 0.43641197683298694, 1.0534148893557207]","""2,674,1,580,3,229,1001,170,1002,137,1000,114,1003,23,3000,21,2001,15,3001,14,4,13,2000,11,5001,8,4001,8,3002,8,2002,7,4000,7,6000,4,8000,3,5000,2""",718,460.88,773.29
Problem_5Sat3Gs_1_8.json,1.5,2,3,-6.303950,"[-0.12816344072331246, -0.09707092636803642, 0.43641197683298694, 1.0534148893557207]","""2,620,1,578,3,244,1001,216,1002,119,1000,112,3000,21,2001,19,1003,19,4000,15,6000,14,4,13,2000,11,3001,10,3002,10,4001,7,2002,7,5001,6,5000,4,8000,2,6001,1""",718,676.82,989.23
Problem_5Sat3Gs_1_8.json,1.5,2,4,-6.303950,"[-0.12816344072331246, -0.09707092636803642, 0.43641197683298694, 1.0534148893557207]","""2,669,1,606,3,206,1001,185,1002,131,1000,89,1003,29,2001,24,2000,24,3001,18,3000,14,4,14,4000,9,3002,6,4001,5,5000,4,6000,4,5001,3,6001,3,2002,3,8000,2""",718,891.47,1203.88
Problem_5Sat3Gs_1_8.json,1.5,2,5,-6.303950,"[-0.12816344072331246, -0.09707092636803642, 0.43641197683298694, 1.0534148893557207]","""2,657,1,621,3,206,1001,194,1002,132,1000,96,2001,25,1003,22,4000,18,3000,15,3001,12,3002,8,6001,8,2000,7,4,6,5000,5,4001,5,2002,4,6000,3,5001,2,8000,2""",718,1106.56,1418.97
Problem_5Sat3Gs_1_8.json,1.5,2,6,-6.303950,"[-0.12816344072331246, -0.09707092636803642, 0.43641197683298694, 1.0534148893557207]","""2,633,1,592,3,239,1001,201,1002,130,1000,104,2001,21,1003,20,4,19,4000,16,3000,13,3001,11,3002,9,5001,8,2000,6,4001,6,2002,5,5000,5,6000,5,8000,3,6001,2""",718,1321.51,1633.92
Problem_5Sat3Gs_1_8.json,1.5,2,7,-6.303950,"[-0.12816344072331246, -0.09707092636803642, 0.43641197683298694, 1.0534148893557207]","""2,670,1,578,3,207,1001,196,1002,160,1000,90,1003,23,2001,23,3001,19,3000,19,4000,11,4,11,6000,6,2000,6,5000,6,5001,6,2002,6,3002,3,6001,3,8000,2,4001,2,5,1""",718,1534.94,1847.35
Problem_5Sat3Gs_1_8.json,1.5,2,8,-6.303950,"[-0.12816344072331246, -0.09707092636803642, 0.43641197683298694, 1.0534148893557207]","""1,659,2,643,3,210,1001,170,1002,145,1000,103,2001,25,1003,16,3000,12,3001,11,4000,11,4,9,5001,7,3002,7,2000,6,2002,6,4001,4,8000,3,6000,1""",718,1746.51,2058.92
Problem_5Sat3Gs_1_8.json,1.5,2,9,-6.303950,"[-0.12816344072331246, -0.09707092636803642, 0.43641197683298694, 1.0534148893557207]","""2,657,1,605,3,219,1001,184,1002,119,1000,111,2001,21,3000,21,1003,17,4,14,3001,13,4000,13,2000,12,3002,9,4001,8,6000,7,8000,5,2002,5,6001,4,5000,2,5001,2""",718,1959.44,2271.85
Problem_5Sat3Gs_1_8.json,1.5,2,10,-6.303950,"[-0.12816344072331246, -0.09707092636803642, 0.43641197683298694, 1.0534148893557207]","""2,658,1,579,3,238,1001,158,1002,148,1000,101,2001,24,3000,20,1003,19,3001,17,2000,13,4000,12,4,12,3002,10,6000,7,4001,7,5001,7,6001,6,2002,5,5000,4,8000,2,5,1""",718,2173.32,2485.72
Problem_5Sat3Gs_1_8.json,1.5,3,1,-6.631904,"[-0.15640892015475422, -0.10847442231881489, -0.0838958657317723, 0.329729041092008, 0.7746909669478451, 1.1267436599989602]","""1,884,2,555,3,197,1000,136,1001,112,1002,65,4,21,2001,15,2000,13,4000,12,6000,7,3000,6,3001,5,5001,5,5000,4,1003,4,4001,3,8000,2,3002,1,6001,1""",991,441.04,2926.77
Problem_5Sat3Gs_1_8.json,1.5,3,2,-6.631904,"[-0.15640892015475422, -0.10847442231881489, -0.0838958657317723, 0.329729041092008, 0.7746909669478451, 1.1267436599989602]","""1,879,2,584,3,170,1000,132,1001,95,1002,71,2000,21,4000,19,4,17,2001,14,3000,12,6000,6,4001,5,6001,5,1003,4,5001,4,5000,3,3001,3,2002,3,3002,1""",991,841.40,3327.13
Problem_5Sat3Gs_1_8.json,1.5,3,3,-6.631904,"[-0.15640892015475422, -0.10847442231881489, -0.0838958657317723, 0.329729041092008, 0.7746909669478451, 1.1267436599989602]","""1,872,2,598,1000,147,3,146,1001,116,1002,69,2001,19,4000,14,4,11,2000,10,6000,8,1003,7,2002,6,5001,6,3001,5,3000,4,8000,3,5000,2,4001,2,6001,2,5,1""",991,1243.54,3729.27
Problem_5Sat3Gs_1_8.json,1.5,3,4,-6.631904,"[-0.15640892015475422, -0.10847442231881489, -0.0838958657317723, 0.329729041092008, 0.7746909669478451, 1.1267436599989602]","""1,928,2,551,3,141,1001,132,1000,122,1002,61,2001,20,4,17,2000,14,5001,11,4000,9,6000,8,4001,7,3000,6,2002,5,5000,4,3001,4,8000,3,1003,3,3002,2""",991,1643.91,4129.63
Problem_5Sat3Gs_1_8.json,1.5,3,5,-6.631904,"[-0.15640892015475422, -0.10847442231881489, -0.0838958657317723, 0.329729041092008, 0.7746909669478451, 1.1267436599989602]","""1,907,2,547,3,162,1000,148,1001,111,1002,63,4,21,2001,20,4000,13,5001,9,3000,9,2000,8,4001,6,6000,5,5000,5,3001,4,1003,4,2002,4,3002,2""",991,2043.14,4528.86
Problem_5Sat3Gs_1_8.json,1.5,3,6,-6.631904,"[-0.15640892015475422, -0.10847442231881489, -0.0838958657317723, 0.329729041092008, 0.7746909669478451, 1.1267436599989602]","""1,882,2,579,3,166,1000,140,1001,119,1002,72,4000,18,2001,15,4,13,2000,9,3001,7,1003,7,3000,5,2002,4,6000,4,5001,3,5000,3,3002,2""",991,2440.22,4925.94
Problem_5Sat3Gs_1_8.json,1.5,3,7,-6.631904,"[-0.15640892015475422, -0.10847442231881489, -0.0838958657317723, 0.329729041092008, 0.7746909669478451, 1.1267436599989602]","""1,861,2,556,3,185,1000,153,1001,116,1002,58,4,20,2001,19,4000,18,2000,14,4001,8,3000,8,1003,6,5001,6,3001,5,6000,5,3002,4,2002,2,5000,2,6001,1,8000,1""",991,2838.25,5323.97
Problem_5Sat3Gs_1_8.json,1.5,3,8,-6.631904,"[-0.15640892015475422, -0.10847442231881489, -0.0838958657317723, 0.329729041092008, 0.7746909669478451, 1.1267436599989602]","""1,897,2,575,1000,167,3,154,1001,111,1002,55,2001,21,4,13,4000,13,3001,7,6000,7,5000,7,1003,6,2000,4,5001,3,2002,3,4001,3,6001,2""",991,3239.37,5725.09
Problem_5Sat3Gs_1_8.json,1.5,3,9,-6.631904,"[-0.15640892015475422, -0.10847442231881489, -0.0838958657317723, 0.329729041092008, 0.7746909669478451, 1.1267436599989602]","""1,894,2,561,1000,155,3,154,1001,108,1002,69,4000,18,2001,17,4,14,1003,10,5000,9,6000,7,2000,7,3000,6,4001,6,3001,5,5001,5,2002,3""",991,3640.72,6126.44
Problem_5Sat3Gs_1_8.json,1.5,3,10,-6.631904,"[-0.15640892015475422, -0.10847442231881489, -0.0838958657317723, 0.329729041092008, 0.7746909669478451, 1.1267436599989602]","""1,877,2,581,3,158,1000,143,1001,122,1002,72,4000,18,2001,17,4,12,2000,10,1003,8,3000,6,2002,5,3001,4,5000,4,6000,3,5001,3,6001,2,3002,2,4001,1""",991,4041.79,6527.52
Problem_5Sat3Gs_1_8.json,1.5,4,1,-6.855247,"[-0.16768444025836654, -0.1261610323104515, -0.09177443504791251, -0.07027587570323394, 0.2735405276433581, 0.596202167586833, 0.858192503871831, 1.0799291666467143]","""1,1041,2,490,1000,203,1001,109,3,93,1002,42,2000,13,4000,13,2001,10,4,8,3000,5,6000,5,1003,4,4001,2,3001,2,2002,2,6001,2,5000,2,5001,1,3002,1""",1000,555.35,7082.87
Problem_5Sat3Gs_1_8.json,1.5,4,2,-6.855247,"[-0.16768444025836654, -0.1261610323104515, -0.09177443504791251, -0.07027587570323394, 0.2735405276433581, 0.596202167586833, 0.858192503871831, 1.0799291666467143]","""1,1047,2,503,1000,172,1001,111,3,104,1002,37,4000,10,6000,10,2001,10,2000,7,3000,6,4,6,8000,5,5000,5,4001,5,5001,4,1003,3,2002,2,3001,1""",1000,1063.71,7591.23
Problem_5Sat3Gs_1_8.json,1.5,4,3,-6.855247,"[-0.16768444025836654, -0.1261610323104515, -0.09177443504791251, -0.07027587570323394, 0.2735405276433581, 0.596202167586833, 0.858192503871831, 1.0799291666467143]","""1,1049,2,504,1000,173,1001,103,3,91,1002,45,4000,20,2000,14,2001,13,6000,6,4,6,3001,5,1003,5,6001,3,3000,3,5000,3,3002,2,5001,1,2002,1,4001,1""",1000,1571.95,8099.47
Problem_5Sat3Gs_1_8.json,1.5,4,4,-6.855247,"[-0.16768444025836654, -0.1261610323104515, -0.09177443504791251, -0.07027587570323394, 0.2735405276433581, 0.596202167586833, 0.858192503871831, 1.0799291666467143]","""1,1072,2,456,1000,187,3,120,1001,112,1002,34,2000,12,4000,11,2001,10,6000,7,3000,6,6001,4,5000,4,4,3,1003,3,5001,2,4001,2,3001,2,3002,1""",1000,2080.47,8607.99
Problem_5Sat3Gs_1_8.json,1.5,4,5,-6.855247,"[-0.16768444025836654, -0.1261610323104515, -0.09177443504791251, -0.07027587570323394, 0.2735405276433581, 0.596202167586833, 0.858192503871831, 1.0799291666467143]","""1,1083,2,467,1000,190,1001,105,3,96,1002,47,4000,12,2000,11,6000,7,2001,7,5000,5,4,5,3001,3,3000,3,4001,3,2002,2,8000,2""",1000,2589.86,9117.38
Problem_5Sat3Gs_1_8.json,1.5,4,6,-6.855247,"[-0.16768444025836654, -0.1261610323104515, -0.09177443504791251, -0.07027587570323394, 0.2735405276433581, 0.596202167586833, 0.858192503871831, 1.0799291666467143]","""1,1074,2,475,1000,196,3,109,1001,104,1002,25,2000,13,4000,12,2001,9,6000,6,4,6,3000,4,1003,3,5000,3,6001,2,3002,2,5001,2,3001,1,2002,1,4001,1""",1000,3096.73,9624.25
Problem_5Sat3Gs_1_8.json,1.5,4,7,-6.855247,"[-0.16768444025836654, -0.1261610323104515, -0.09177443504791251, -0.07027587570323394, 0.2735405276433581, 0.596202167586833, 0.858192503871831, 1.0799291666467143]","""1,1022,2,542,1000,198,3,97,1001,94,1002,40,4000,12,2000,9,2001,7,3001,6,3000,5,4,4,4001,4,1003,3,6000,3,5001,1,8000,1""",1000,3609.24,10136.76
Problem_5Sat3Gs_1_8.json,1.5,4,8,-6.855247,"[-0.16768444025836654, -0.1261610323104515, -0.09177443504791251, -0.07027587570323394, 0.2735405276433581, 0.596202167586833, 0.858192503871831, 1.0799291666467143]","""1,1037,2,510,1000,200,1001,114,3,93,1002,33,4000,13,2001,11,2000,10,4,7,6000,4,1003,3,3001,3,8000,3,3000,2,5000,2,2002,1,3002,1,5,1""",1000,4118.51,10646.03
Problem_5Sat3Gs_1_8.json,1.5,4,9,-6.855247,"[-0.16768444025836654, -0.1261610323104515, -0.09177443504791251, -0.07027587570323394, 0.2735405276433581, 0.596202167586833, 0.858192503871831, 1.0799291666467143]","""1,1033,2,498,1000,183,3,112,1001,108,1002,36,4000,22,2000,12,2001,10,4,8,6000,8,1003,5,4001,3,5000,3,8000,3,3000,1,3001,1,2002,1,5001,1""",1000,4628.13,11155.65
Problem_5Sat3Gs_1_8.json,1.5,4,10,-6.855247,"[-0.16768444025836654, -0.1261610323104515, -0.09177443504791251, -0.07027587570323394, 0.2735405276433581, 0.596202167586833, 0.858192503871831, 1.0799291666467143]","""1,1055,2,480,1000,195,1001,116,3,102,1002,39,2000,13,2001,10,4000,10,5000,7,4,5,6000,4,1003,4,6001,2,5001,2,3000,2,4001,1,2002,1""",1000,5137.56,11665.07
Problem_5Sat3Gs_1_8.json,1.5,5,1,-7.078163,"[-0.21033636802550182, -0.21057119647183778, -0.14896009672619323, -0.09264387113962731, -0.0679962123662747, 0.2837508068544566, 0.45246550814763525, 0.5617837693434233, 0.8848337186656611, 1.0495427203623384]","""1,1439,2,218,1000,201,1001,82,1002,19,3,19,4000,17,2001,15,2000,9,3000,8,5000,5,6000,5,4,2,4001,2,3002,2,3001,2,5001,1,1003,1,8000,1""",1000,676.33,12341.41
Problem_5Sat3Gs_1_8.json,1.5,5,2,-7.078163,"[-0.21033636802550182, -0.21057119647183778, -0.14896009672619323, -0.09264387113962731, -0.0679962123662747, 0.2837508068544566, 0.45246550814763525, 0.5617837693434233, 0.8848337186656611, 1.0495427203623384]","""1,1410,2,242,1000,201,1001,81,4000,27,2001,19,1002,16,3,15,6000,10,3000,7,2000,7,5000,4,5001,2,8000,2,1003,1,4,1,4001,1,2002,1,3001,1""",1000,1283.87,12948.94
Problem_5Sat3Gs_1_8.json,1.5,5,3,-7.078163,"[-0.21033636802550182, -0.21057119647183778, -0.14896009672619323, -0.09264387113962731, -0.0679962123662747, 0.2837508068544566, 0.45246550814763525, 0.5617837693434233, 0.8848337186656611, 1.0495427203623384]","""1,1415,2,222,1000,220,1001,85,3,21,4000,17,1002,16,5000,11,2001,10,2000,9,6000,8,3000,7,8000,3,3001,2,1003,2""",1000,1902.18,13567.25
Problem_5Sat3Gs_1_8.json,1.5,5,4,-7.078163,"[-0.21033636802550182, -0.21057119647183778, -0.14896009672619323, -0.09264387113962731, -0.0679962123662747, 0.2837508068544566, 0.45246550814763525, 0.5617837693434233, 0.8848337186656611, 1.0495427203623384]","""1,1397,2,239,1000,223,1001,83,4000,22,2000,21,1002,15,3,11,5000,9,3000,7,2001,7,6000,6,3001,4,4001,1,8000,1,1003,1,6001,1""",1000,2515.67,14180.74
Problem_5Sat3Gs_1_8.json,1.5,5,5,-7.078163,"[-0.21033636802550182, -0.21057119647183778, -0.14896009672619323, -0.09264387113962731, -0.0679962123662747, 0.2837508068544566, 0.45246550814763525, 0.5617837693434233, 0.8848337186656611, 1.0495427203623384]","""1,1398,2,247,1000,205,1001,90,1002,19,3,15,4000,14,2000,14,5000,11,2001,9,3000,6,6000,5,3001,4,4001,3,2002,2,1003,2,8000,2,5001,1,3002,1""",1000,3124.59,14789.66
Problem_5Sat3Gs_1_8.json,1.5,5,6,-7.078163,"[-0.21033636802550182, -0.21057119647183778, -0.14896009672619323, -0.09264387113962731, -0.0679962123662747, 0.2837508068544566, 0.45246550814763525, 0.5617837693434233, 0.8848337186656611, 1.0495427203623384]","""1,1416,2,240,1000,233,1001,77,1002,16,2000,13,4000,12,2001,10,3,9,3000,6,6000,5,5000,5,3001,3,8000,2,2002,1""",1000,3736.36,15401.44
Problem_5Sat3Gs_1_8.json,1.5,5,7,-6.875338,"[-0.1695563738328921, -0.12711533722512192, -0.09146615333506558, 0.07268526309456894, -0.14449832658080383, 0.2645870029754066, 0.5692080130703912, 0.8163408340289536, 1.1510216578370482, -0.0692002080543877]","""1,1074,2,457,1000,205,3,103,1001,100,1002,33,2001,22,2000,17,3000,7,6000,7,4,5,4000,5,1003,4,2002,2,3001,2,8000,1,3002,1,4001,1,5001,1,5000,1""",1000,4352.52,16017.59
Problem_5Sat3Gs_1_8.json,1.5,5,8,-7.078163,"[-0.21033636802550182, -0.21057119647183778, -0.14896009672619323, -0.09264387113962731, -0.0679962123662747, 0.2837508068544566, 0.45246550814763525, 0.5617837693434233, 0.8848337186656611, 1.0495427203623384]","""1,1409,1000,232,2,226,1001,78,1002,23,4000,16,3,13,2000,12,2001,9,5000,9,6000,7,3000,7,4001,2,8000,2,3002,1,4,1,5001,1""",1000,4968.67,16633.74
Problem_5Sat3Gs_1_8.json,1.5,5,9,-7.078163,"[-0.21033636802550182, -0.21057119647183778, -0.14896009672619323, -0.09264387113962731, -0.0679962123662747, 0.2837508068544566, 0.45246550814763525, 0.5617837693434233, 0.8848337186656611, 1.0495427203623384]","""1,1415,1000,228,2,216,1001,84,1002,23,3,17,4000,12,2001,11,2000,10,5000,9,6000,7,2002,3,4001,3,3000,3,3001,3,5001,1,1003,1,3002,1,8000,1""",1000,5580.20,17245.27
Problem_5Sat3Gs_1_8.json,1.5,5,10,-6.875338,"[-0.1695563738328921, -0.12711533722512192, -0.09146615333506558, 0.07268526309456894, -0.14449832658080383, 0.2645870029754066, 0.5692080130703912, 0.8163408340289536, 1.1510216578370482, -0.0692002080543877]","""1,1070,2,460,1000,192,1001,113,3,95,1002,35,2000,23,2001,17,4000,14,1003,8,6000,6,5000,3,5001,3,3000,3,4,3,3001,1,2002,1,4001,1""",1000,6190.20,17855.27
Problem_5Sat3Gs_1_8.json,1.5,6,1,-7.201662,"[-0.19318767609328877, -0.18739664288335844, -0.1542022845608106, -0.10520997203299229, -0.07577855844559715, -0.05336537366103934, 0.21704655535009063, 0.3932942157526137, 0.4915679294580651, 0.6865633184010755, 0.8938089900658982, 0.9961259226726831]","""1,1507,1000,237,2,181,1001,56,1002,15,3,14,2000,9,2001,7,4000,5,6000,5,5000,3,5001,2,3001,2,4001,1,8000,1,4,1,3002,1,1003,1""",1000,787.04,18642.32
Problem_5Sat3Gs_1_8.json,1.5,6,2,-7.201662,"[-0.19318767609328877, -0.18739664288335844, -0.1542022845608106, -0.10520997203299229, -0.07577855844559715, -0.05336537366103934, 0.21704655535009063, 0.3932942157526137, 0.4915679294580651, 0.6865633184010755, 0.8938089900658982, 0.9961259226726831]","""1,1511,1000,243,2,180,1001,65,1002,11,2000,9,6000,8,3,7,2001,5,5000,3,3001,1,4000,1,6001,1,4001,1,1003,1,5001,1""",1000,1500.53,19355.80
Problem_5Sat3Gs_1_8.json,1.5,6,3,-7.201662,"[-0.19318767609328877, -0.18739664288335844, -0.1542022845608106, -0.10520997203299229, -0.07577855844559715, -0.05336537366103934, 0.21704655535009063, 0.3932942157526137, 0.4915679294580651, 0.6865633184010755, 0.8938089900658982, 0.9961259226726831]","""1,1530,1000,248,2,168,1001,56,3,10,2000,9,6000,7,1002,6,2001,4,4001,2,5000,2,3001,2,1003,1,3000,1,5001,1,4,1""",1000,2218.73,20074.00
Problem_5Sat3Gs_1_8.json,1.5,6,4,-7.201662,"[-0.19318767609328877, -0.18739664288335844, -0.1542022845608106, -0.10520997203299229, -0.07577855844559715, -0.05336537366103934, 0.21704655535009063, 0.3932942157526137, 0.4915679294580651, 0.6865633184010755, 0.8938089900658982, 0.9961259226726831]","""1,1507,1000,245,2,184,1001,56,2000,14,3,14,1002,9,6000,4,2001,4,4000,4,5000,3,5001,2,3002,1,3000,1""",1000,2938.99,20794.27
Problem_5Sat3Gs_1_8.json,1.5,6,5,-7.201662,"[-0.19318767609328877, -0.18739664288335844, -0.1542022845608106, -0.10520997203299229, -0.07577855844559715, -0.05336537366103934, 0.21704655535009063, 0.3932942157526137, 0.4915679294580651, 0.6865633184010755, 0.8938089900658982, 0.9961259226726831]","""1,1487,1000,256,2,197,1001,56,1002,8,2001,7,2000,7,6000,7,3,6,5000,6,5001,3,4000,3,2002,2,4,1,3002,1,3001,1""",1000,3659.07,21514.35
Problem_5Sat3Gs_1_8.json,1.5,6,6,-7.201662,"[-0.19318767609328877, -0.18739664288335844, -0.1542022845608106, -0.10520997203299229, -0.07577855844559715, -0.05336537366103934, 0.21704655535009063, 0.3932942157526137, 0.4915679294580651, 0.6865633184010755, 0.8938089900658982, 0.9961259226726831]","""1,1522,1000,231,2,172,1001,66,3,17,2000,12,1002,8,6000,7,2001,4,4000,3,5000,2,5001,2,6001,1,3000,1""",1000,4380.66,22235.93
Problem_5Sat3Gs_1_8.json,1.5,6,7,-7.201662,"[-0.19318767609328877, -0.18739664288335844, -0.1542022845608106, -0.10520997203299229, -0.07577855844559715, -0.05336537366103934, 0.21704655535009063, 0.3932942157526137, 0.4915679294580651, 0.6865633184010755, 0.8938089900658982, 0.9961259226726831]","""1,1495,1000,231,2,186,1001,77,3,14,6000,12,2000,9,1002,8,4000,6,5000,5,2001,3,3000,1,1003,1""",1000,5094.37,22949.65
Problem_5Sat3Gs_1_8.json,1.5,6,8,-7.201662,"[-0.19318767609328877, -0.18739664288335844, -0.1542022845608106, -0.10520997203299229, -0.07577855844559715, -0.05336537366103934, 0.21704655535009063, 0.3932942157526137, 0.4915679294580651, 0.6865633184010755, 0.8938089900658982, 0.9961259226726831]","""1,1532,1000,218,2,194,1001,54,2000,12,1002,10,3,10,6000,7,4000,3,5000,2,4,1,3000,1,1003,1,2001,1,6001,1,5001,1""",1000,5818.75,23674.03
Problem_5Sat3Gs_1_8.json,1.5,6,9,-7.201662,"[-0.19318767609328877, -0.18739664288335844, -0.1542022845608106, -0.10520997203299229, -0.07577855844559715, -0.05336537366103934, 0.21704655535009063, 0.3932942157526137, 0.4915679294580651, 0.6865633184010755, 0.8938089900658982, 0.9961259226726831]","""1,1506,1000,253,2,179,1001,51,3,13,1002,12,2000,9,2001,8,6000,7,5000,4,5001,2,4000,2,6001,1,4,1""",1000,6538.38,24393.65
Problem_5Sat3Gs_1_8.json,1.5,6,10,-7.201662,"[-0.19318767609328877, -0.18739664288335844, -0.1542022845608106, -0.10520997203299229, -0.07577855844559715, -0.05336537366103934, 0.21704655535009063, 0.3932942157526137, 0.4915679294580651, 0.6865633184010755, 0.8938089900658982, 0.9961259226726831]","""1,1495,1000,230,2,208,1001,60,3,13,5000,8,2000,7,1002,6,2001,6,6000,6,3000,3,4000,3,1003,1,4,1,6001,1""",1000,7253.93,25109.20
Problem_5Sat3Gs_1_8.json,1.5,7,1,-7.284786,"[-0.17197247194381246, -0.15169344852985084, -0.1591512608557569, -0.13327620815168129, -0.0917465795500528, -0.06534432374457536, -0.040695659210178446, 0.20459788245232735, 0.3353075184746894, 0.37485704446421036, 0.5626123654499585, 0.7755154902146568, 0.9088526015209458, 1.0315350906131155]","""1,1590,1000,267,2,121,1001,33,1002,9,3,7,2001,6,2000,6,4000,3,6000,3,3000,2,3001,1""",1000,897.32,26006.52
Problem_5Sat3Gs_1_8.json,1.5,7,2,-7.284786,"[-0.17197247194381246, -0.15169344852985084, -0.1591512608557569, -0.13327620815168129, -0.0917465795500528, -0.06534432374457536, -0.040695659210178446, 0.20459788245232735, 0.3353075184746894, 0.37485704446421036, 0.5626123654499585, 0.7755154902146568, 0.9088526015209458, 1.0315350906131155]","""1,1587,1000,263,2,120,1001,31,3,16,1002,10,2001,7,4000,5,2000,4,5000,1,4,1,3000,1,6000,1,3001,1""",1000,1716.93,26826.13
Problem_5Sat3Gs_1_8.json,1.5,7,3,-7.284786,"[-0.17197247194381246, -0.15169344852985084, -0.1591512608557569, -0.13327620815168129, -0.0917465795500528, -0.06534432374457536, -0.040695659210178446, 0.20459788245232735, 0.3353075184746894, 0.37485704446421036, 0.5626123654499585, 0.7755154902146568, 0.9088526015209458, 1.0315350906131155]","""1,1553,1000,283,2,140,1001,37,3,10,2000,8,1002,6,5000,3,2001,2,4000,2,5001,1,6000,1,3000,1,4,1""",1000,2538.75,27647.95
Problem_5Sat3Gs_1_8.json,1.5,7,4,-7.284786,"[-0.17197247194381246, -0.15169344852985084, -0.1591512608557569, -0.13327620815168129, -0.0917465795500528, -0.06534432374457536, -0.040695659210178446, 0.20459788245232735, 0.3353075184746894, 0.37485704446421036, 0.5626123654499585, 0.7755154902146568, 0.9088526015209458, 1.0315350906131155]","""1,1580,1000,247,2,127,1001,47,1002,12,2000,9,3,9,4000,6,5000,4,8000,1,1003,1,2001,1,5001,1,3000,1,4001,1,6000,1""",1000,3360.24,28469.44
Problem_5Sat3Gs_1_8.json,1.5,7,5,-7.284786,"[-0.17197247194381246, -0.15169344852985084, -0.1591512608557569, -0.13327620815168129, -0.0917465795500528, -0.06534432374457536, -0.040695659210178446, 0.20459788245232735, 0.3353075184746894, 0.37485704446421036, 0.5626123654499585, 0.7755154902146568, 0.9088526015209458, 1.0315350906131155]","""1,1588,1000,267,2,110,1001,54,1002,10,2001,6,3,5,2000,3,5000,2,4001,1,6000,1,2002,1""",1000,4186.88,29296.08
Problem_5Sat3Gs_1_8.json,1.5,7,6,-7.284786,"[-0.17197247194381246, -0.15169344852985084, -0.1591512608557569, -0.13327620815168129, -0.0917465795500528, -0.06534432374457536, -0.040695659210178446, 0.20459788245232735, 0.3353075184746894, 0.37485704446421036, 0.5626123654499585, 0.7755154902146568, 0.9088526015209458, 1.0315350906131155]","""1,1556,1000,281,2,125,1001,45,3,11,1002,8,2000,7,6000,5,2001,3,4000,2,3001,1,4001,1,5000,1,4,1,8000,1""",1000,5010.78,30119.98
Problem_5Sat3Gs_1_8.json,1.5,7,7,-7.284786,"[-0.17197247194381246, -0.15169344852985084, -0.1591512608557569, -0.13327620815168129, -0.0917465795500528, -0.06534432374457536, -0.040695659210178446, 0.20459788245232735, 0.3353075184746894, 0.37485704446421036, 0.5626123654499585, 0.7755154902146568, 0.9088526015209458, 1.0315350906131155]","""1,1556,1000,288,2,129,1001,38,1002,11,3,9,2000,3,5000,3,2001,2,4000,2,3001,2,5001,2,2002,1,3000,1,4,1""",1000,5832.69,30941.90
Problem_5Sat3Gs_1_8.json,1.5,7,8,-7.284786,"[-0.17197247194381246, -0.15169344852985084, -0.1591512608557569, -0.13327620815168129, -0.0917465795500528, -0.06534432374457536, -0.040695659210178446, 0.20459788245232735, 0.3353075184746894, 0.37485704446421036, 0.5626123654499585, 0.7755154902146568, 0.9088526015209458, 1.0315350906131155]","""1,1593,1000,250,2,127,1001,41,3,9,5000,5,2000,4,1002,4,6000,3,1003,3,2001,3,5001,2,4,1,3001,1,3000,1,4000,1""",1000,6658.61,31767.81
Problem_5Sat3Gs_1_8.json,1.5,7,9,-7.284786,"[-0.17197247194381246, -0.15169344852985084, -0.1591512608557569, -0.13327620815168129, -0.0917465795500528, -0.06534432374457536, -0.040695659210178446, 0.20459788245232735, 0.3353075184746894, 0.37485704446421036, 0.5626123654499585, 0.7755154902146568, 0.9088526015209458, 1.0315350906131155]","""1,1530,1000,288,2,140,1001,45,3,11,2000,8,6000,5,1002,5,2001,3,5000,3,1003,2,4000,2,3001,2,4001,1,8000,1,5001,1,2002,1""",1000,7479.97,32589.17
Problem_5Sat3Gs_1_8.json,1.5,7,10,-7.284786,"[-0.17197247194381246, -0.15169344852985084, -0.1591512608557569, -0.13327620815168129, -0.0917465795500528, -0.06534432374457536, -0.040695659210178446, 0.20459788245232735, 0.3353075184746894, 0.37485704446421036, 0.5626123654499585, 0.7755154902146568, 0.9088526015209458, 1.0315350906131155]","""1,1591,1000,245,2,119,1001,48,3,13,1002,12,2000,6,5000,3,4000,3,4,2,2001,2,5001,1,3000,1,2002,1,6000,1""",1000,8298.68,33407.88
Problem_5Sat3Gs_1_8.json,1.5,8,1,-7.315281,"[-0.17302035435349689, -0.15318624033345873, -0.1674761321822642, -0.13981523559419987, -0.10386934653407497, -0.07346089469518302, -0.045756020773540816, -0.024471038224930384, 0.19300617364305353, 0.3217272009003935, 0.35411005159234316, 0.4910213071008429, 0.7107197960467732, 0.8555366729753512, 0.9809310103027207, 0.8806571406535689]","""1,1606,1000,275,2,99,1001,27,3,10,2000,8,6000,5,1002,5,5000,4,4001,3,2001,2,5001,1,3001,1,4,1,3000,1""",1000,1024.16,34432.04
Problem_5Sat3Gs_1_8.json,1.5,8,2,-7.315281,"[-0.17302035435349689, -0.15318624033345873, -0.1674761321822642, -0.13981523559419987, -0.10386934653407497, -0.07346089469518302, -0.045756020773540816, -0.024471038224930384, 0.19300617364305353, 0.3217272009003935, 0.35411005159234316, 0.4910213071008429, 0.7107197960467732, 0.8555366729753512, 0.9809310103027207, 0.8806571406535689]","""1,1616,1000,250,2,113,1001,47,2000,8,3,4,1002,4,2001,2,4000,1,6000,1,4,1,5000,1""",1000,1960.13,35368.01
Problem_5Sat3Gs_1_8.json,1.5,8,3,-7.315281,"[-0.17302035435349689, -0.15318624033345873, -0.1674761321822642, -0.13981523559419987, -0.10386934653407497, -0.07346089469518302, -0.045756020773540816, -0.024471038224930384, 0.19300617364305353, 0.3217272009003935, 0.35411005159234316, 0.4910213071008429, 0.7107197960467732, 0.8555366729753512, 0.9809310103027207, 0.8806571406535689]","""1,1631,1000,260,2,94,1001,30,3,10,2001,7,1002,7,2000,3,5000,2,1003,1,5001,1,2002,1,4,1""",1000,2891.46,36299.33
Problem_5Sat3Gs_1_8.json,1.5,8,4,-7.315281,"[-0.17302035435349689, -0.15318624033345873, -0.1674761321822642, -0.13981523559419987, -0.10386934653407497, -0.07346089469518302, -0.045756020773540816, -0.024471038224930384, 0.19300617364305353, 0.3217272009003935, 0.35411005159234316, 0.4910213071008429, 0.7107197960467732, 0.8555366729753512, 0.9809310103027207, 0.8806571406535689]","""1,1588,1000,299,2,111,1001,22,3,8,1002,7,2000,2,3000,2,8000,2,5001,2,2001,2,5000,1,4000,1,6000,1""",1000,3823.68,37231.56
Problem_5Sat3Gs_1_8.json,1.5,8,5,-7.315281,"[-0.17302035435349689, -0.15318624033345873, -0.1674761321822642, -0.13981523559419987, -0.10386934653407497, -0.07346089469518302, -0.045756020773540816, -0.024471038224930384, 0.19300617364305353, 0.3217272009003935, 0.35411005159234316, 0.4910213071008429, 0.7107197960467732, 0.8555366729753512, 0.9809310103027207, 0.8806571406535689]","""1,1643,1000,269,2,83,1001,30,5000,4,1002,4,6000,3,2000,3,3,3,4000,2,5001,2,2001,2""",1000,4756.88,38164.76
Problem_5Sat3Gs_1_8.json,1.5,8,6,-7.315281,"[-0.17302035435349689, -0.15318624033345873, -0.1674761321822642, -0.13981523559419987, -0.10386934653407497, -0.07346089469518302, -0.045756020773540816, -0.024471038224930384, 0.19300617364305353, 0.3217272009003935, 0.35411005159234316, 0.4910213071008429, 0.7107197960467732, 0.8555366729753512, 0.9809310103027207, 0.8806571406535689]","""1,1608,1000,280,2,101,1001,28,1002,6,2001,5,2000,5,6000,4,5000,3,5001,2,6001,1,4,1,3,1,1003,1,4000,1,3000,1""",1000,5688.68,39096.56
Problem_5Sat3Gs_1_8.json,1.5,8,7,-7.315281,"[-0.17302035435349689, -0.15318624033345873, -0.1674761321822642, -0.13981523559419987, -0.10386934653407497, -0.07346089469518302, -0.045756020773540816, -0.024471038224930384, 0.19300617364305353, 0.3217272009003935, 0.35411005159234316, 0.4910213071008429, 0.7107197960467732, 0.8555366729753512, 0.9809310103027207, 0.8806571406535689]","""1,1613,1000,266,2,93,1001,49,3,5,1002,5,1003,3,2001,3,2000,3,5001,2,4,2,5000,1,4001,1,8000,1,3000,1""",1000,6619.70,40027.58
Problem_5Sat3Gs_1_8.json,1.5,8,8,-7.315281,"[-0.17302035435349689, -0.15318624033345873, -0.1674761321822642, -0.13981523559419987, -0.10386934653407497, -0.07346089469518302, -0.045756020773540816, -0.024471038224930384, 0.19300617364305353, 0.3217272009003935, 0.35411005159234316, 0.4910213071008429, 0.7107197960467732, 0.8555366729753512, 0.9809310103027207, 0.8806571406535689]","""1,1612,1000,279,2,89,1001,33,1002,10,3,5,5001,4,2001,4,2000,3,3000,2,5000,2,4000,2,1003,1,2002,1,6000,1""",1000,7553.74,40961.61
Problem_5Sat3Gs_1_8.json,1.5,8,9,-7.315281,"[-0.17302035435349689, -0.15318624033345873, -0.1674761321822642, -0.13981523559419987, -0.10386934653407497, -0.07346089469518302, -0.045756020773540816, -0.024471038224930384, 0.19300617364305353, 0.3217272009003935, 0.35411005159234316, 0.4910213071008429, 0.7107197960467732, 0.8555366729753512, 0.9809310103027207, 0.8806571406535689]","""1,1591,1000,296,2,85,1001,40,3,11,2000,8,1002,6,2001,3,1003,2,4000,2,3000,2,5000,1,6000,1""",1000,8484.03,41891.91
Problem_5Sat3Gs_1_8.json,1.5,8,10,-7.315281,"[-0.17302035435349689, -0.15318624033345873, -0.1674761321822642, -0.13981523559419987, -0.10386934653407497, -0.07346089469518302, -0.045756020773540816, -0.024471038224930384, 0.19300617364305353, 0.3217272009003935, 0.35411005159234316, 0.4910213071008429, 0.7107197960467732, 0.8555366729753512, 0.9809310103027207, 0.8806571406535689]","""1,1612,1000,259,2,107,1001,40,3,10,1002,6,2000,5,4000,2,5000,2,6000,2,2001,1,5001,1,3001,1""",1000,9412.34,42820.22
